serial_no,membership_id,diprokous_member_no,application_no,employee_id,name_bn,name_en,designation_bn,designation_en,email,raw_email,circle_code,circle_name_bn,circle_name_en,region,workplace,membership_type,status,term,source_page
1,PGD-2026-0001,270,DIP-2026-270,344,গাজী মো: ইসমাইল হোসেন,,সহকারী প্রকৌশলী,Assistant Engineer,gazipgcb@gmail.com,gazipgcb@gmail.com,PROJECT-BRANCH,প্রকল্প শাখা,Project Branch,Headquarters / Projects,Project -2,GENERAL,ACTIVE,2026-2028,1
2,PGD-2026-0002,344,DIP-2026-344,348,মোঃ মেজবাহ উদ্দিন,,সহকারী প্রকৌশলী,Assistant Engineer,mesbah9551@gmail.com,mesbah9551@gmail.com,PROJECT-BRANCH,প্রকল্প শাখা,Project Branch,Headquarters / Projects,বড়পুকুরিয়া-বগুড়া-কালিয়াকৈর ৪০০কেভি লাইন প্রকল্প।,GENERAL,ACTIVE,2026-2028,1
3,PGD-2026-0003,256,DIP-2026-256,349,পীযুষ কুমার সরকার,,সহকারী প্রকৌশলী,Assistant Engineer,pizush_pgcb@yahoo.com,pizush_pgcb@yahoo.com,GMD-RAJSHAHI,"জিএমডি, রাজশাহী","GMD, Rajshahi",Rajshahi,"রহনপুর ৪০০/১৩২ কেভি গ্রিড উপকেন্দ্র, গ্রিড সার্কেল বগুড়া।",GENERAL,ACTIVE,2026-2028,1
4,PGD-2026-0004,18,DIP-2026-18,356,Md Jahangir alam,Md Jahangir alam,সহকারী প্রকৌশলী,Assistant Engineer,jahangir.1967pgcb@gmail.com,jahangir. 1967pgcb@gmail.com,GMD-DHK-METRO,ঢাকা মহানগর,Dhaka Metropolitan,Dhaka,ESPNCA project,GENERAL,ACTIVE,2026-2028,1
5,PGD-2026-0005,9,DIP-2026-9,375,মোঃইউসুফ আলী,,উপ-বিভাগীয় প্রকৌশলী,Sub-Divisional Engineer,md.yousufpgcb94@gmail.com,md.yousufpgcb94@gmail,PROJECT-BRANCH,প্রকল্প শাখা,Project Branch,Headquarters / Projects,প্রকল্প -১,GENERAL,ACTIVE,2026-2028,1
6,PGD-2026-0006,144,DIP-2026-144,376,Md.Iqbal Hossain,Md.Iqbal Hossain,উপ-বিভাগীয় প্রকৌশলী,Sub-Divisional Engineer,iqbalhossianpgcb@gmail.com,"iqbalhossianpgcb@gmail,com",GMD-BOGURA,"জিএমডি, বগুড়া","GMD, Bogura",Rajshahi,"Area Load Dispatch Centre,Silimpur Bogura.",GENERAL,ACTIVE,2026-2028,1
7,PGD-2026-0007,254,DIP-2026-254,379,Sanjoy Kumer Roy,Sanjoy Kumer Roy,উপ-বিভাগীয় প্রকৌশলী,Sub-Divisional Engineer,roy.sanjoykumer2@gmail.com,roy.sanjoykumer2@gmail.co m,PROJECT-BRANCH,প্রকল্প শাখা,Project Branch,Headquarters / Projects,"PGNSP (G2G), PGB Dhaka",GENERAL,ACTIVE,2026-2028,1
8,PGD-2026-0008,176,DIP-2026-176,381,Md.Shahinul Islam,Md.Shahinul Islam,উপ-বিভাগীয় প্রকৌশলী,Sub-Divisional Engineer,shahinpgcb1999@gmail.com,shahinpgcb1999@gmail.com,GMD-SIRAJGANJ,"জিএমডি, সিরাজগঞ্জ","GMD, Sirajganj",Rajshahi,Sirajganj 230 kV switching station,GENERAL,ACTIVE,2026-2028,1
9,PGD-2026-0009,207,DIP-2026-207,409,মোঃ নূরুল ইসলাম,,উপ-বিভাগীয় প্রকৌশলী,Sub-Divisional Engineer,nislam.pgcb@gmail.com,nislam.pgcb@gmail.com,GMD-DHK-METRO,ঢাকা মহানগর,Dhaka Metropolitan,Dhaka,হাসনাবাদ ২৩০/১৩২ কেভি গ্রিড উপকেন্দ্র,GENERAL,ACTIVE,2026-2028,1
10,PGD-2026-0010,490,DIP-2026-490,433,Md Kazi Moniruzzaman,Md Kazi Moniruzzaman,সহকারী প্রকৌশলী,Assistant Engineer,engrkazimonir72@gmail.com,engrkazimonir72@gmail,GMD-DHK-METRO,ঢাকা মহানগর,Dhaka Metropolitan,Dhaka,Aminbazar 400/230/132 KV Grid Substation,GENERAL,ACTIVE,2026-2028,1
11,PGD-2026-0011,205,DIP-2026-205,447,সাবিনা ইমাম,,উপ-বিভাগীয় প্রকৌশলী,Sub-Divisional Engineer,sabinaimam.pgcb@gmail.com,sabinaimam.pgcb@gmail,GMD-DHK-METRO,ঢাকা মহানগর,Dhaka Metropolitan,Dhaka,MIS,GENERAL,ACTIVE,2026-2028,1
12,PGD-2026-0012,611,DIP-2026-611,475,মোঃ সাইফুল ইসলাম,,উপ-বিভাগীয় প্রকৌশলী,Sub-Divisional Engineer,sislam.pgcb@gmail.com,sislam.pgcb@gmail.com,PROJECT-BRANCH,প্রকল্প শাখা,Project Branch,Headquarters / Projects,পিজিএনএস (জিটুজি) প্রকল্প,GENERAL,ACTIVE,2026-2028,1
13,PGD-2026-0013,959,DIP-2026-959,477,S.M Ruhul Amin,S.M Ruhul Amin,সহকারী প্রকৌশলী,Assistant Engineer,smruhul1980@gmail.com,smruhul1980@gmail.com,GMD-ISHWARDI,"জিএমডি, ঈশ্বরদী","GMD, Ishwardi",Rajshahi,132/33 KV Pabna S/S,GENERAL,ACTIVE,2026-2028,1
14,PGD-2026-0014,697,DIP-2026-697,488,Md Habibullah Miah,Md Habibullah Miah,উপ-বিভাগীয় প্রকৌশলী,Sub-Divisional Engineer,habib.pgcb@gmail.com,habib.pgcb@gmail.com,GMD-DHK-METRO,ঢাকা মহানগর,Dhaka Metropolitan,Dhaka,"TRTUD, Dhaka-2",GENERAL,ACTIVE,2026-2028,1
15,PGD-2026-0015,218,DIP-2026-218,506,Md Fazlul Haque,Md Fazlul Haque,উপ-বিভাগীয় প্রকৌশলী,Sub-Divisional Engineer,mdfhaque5@gmail.com,mdfhaque5@gmail.com,GMD-DHK-METRO,ঢাকা মহানগর,Dhaka Metropolitan,Dhaka,"GMD, Dhaka -Central , Power Grid Bangladesh PLC",GENERAL,ACTIVE,2026-2028,1
16,PGD-2026-0016,380,DIP-2026-380,507,Md Al Amin Sarker,Md Al Amin Sarker,উপ-সহকারী প্রকৌশলী,Sub-Assistant Engineer,alaminpgcb70@gmail.com,alaminpgcb70@gmail.com,GMD-BOGURA,"জিএমডি, বগুড়া","GMD, Bogura",Rajshahi,Bogura 230/132kv Grid Substation,GENERAL,ACTIVE,2026-2028,1
17,PGD-2026-0017,171,DIP-2026-171,510,আজিজুর রহমান,,উপ-সহকারী প্রকৌশলী,Sub-Assistant Engineer,azizpgcb@yahoo.com,azizpgcb@yahoo.com,GMD-CUMILLA,"জিএমডি, কুমিল্লা","GMD, Cumilla",Cumilla,২৩০/১৩২/৩৩ কেভি চৌমুহনী গ্রীড উপকেন্দ্র,GENERAL,ACTIVE,2026-2028,1
18,PGD-2026-0018,241,DIP-2026-241,512,আব্দুল্লাহ -আল-মামুন,,উপ-বিভাগীয় প্রকৌশলী,Sub-Divisional Engineer,mamun.anika@gmail.com,mamun.anika@gmail.com,PROJECT-BRANCH,প্রকল্প শাখা,Project Branch,Headquarters / Projects,PGNS(G2G) Project.,GENERAL,ACTIVE,2026-2028,1
19,PGD-2026-0019,388,DIP-2026-388,515,মোঃ আব্দুর রহমান,,সহকারী প্রকৌশলী,Assistant Engineer,rahmanpgcb@yahoo.com,rahmanpgcb@yahoo.com,GMD-CUMILLA,"জিএমডি, কুমিল্লা","GMD, Cumilla",Cumilla,মাইজদী ১৩২/৩৩ কেভি জিআইএস গ্রিড উপকেন্দ্র,GENERAL,ACTIVE,2026-2028,1
20,PGD-2026-0020,54,DIP-2026-54,531,মোঃ তারিকুল আলম,,উপ-সহকারী প্রকৌশলী,Sub-Assistant Engineer,tariqulpgcb@gmail.com,tariqulpgcb@gmail.com,GMD-DHK-METRO,ঢাকা মহানগর,Dhaka Metropolitan,Dhaka,"মানিকনগর ১৩২ কেভি গ্রিড উপকেন্দ্র, জিএমডি, ঢাকা- সেন্ট্রাল।",GENERAL,ACTIVE,2026-2028,1
21,PGD-2026-0021,395,DIP-2026-395,555,সাইফুল ইসলাম খান,,উপ-সহকারী প্রকৌশলী,Sub-Assistant Engineer,saifulislam6900555@gmail.com,Saifulislam6900555@gmail.co m,GMD-DHK-EAST,"জিএমডি, ঢাকা (পূর্ব)","GMD, Dhaka (East)",Dhaka,নরসিংদী ১৩২/৩৩ কেভি গ্রিড উপকেন্দ্র,GENERAL,ACTIVE,2026-2028,1
22,PGD-2026-0022,181,DIP-2026-181,556,মোঃ আনোয়ার হোসেন,,উপ-বিভাগীয় প্রকৌশলী,Sub-Divisional Engineer,anwarhossainpgcb@gmail.com,anwarhossainpgcb@gmail.co m,PROJECT-BRANCH,প্রকল্প শাখা,Project Branch,Headquarters / Projects,PGNSP (G2G),GENERAL,ACTIVE,2026-2028,1
23,PGD-2026-0023,208,DIP-2026-208,569,খন্দকার কামরুজ্জামান,,উপ-বিভাগীয় প্রকৌশলী,Sub-Divisional Engineer,pgcb.kqzaman@gmail.com,pgcb.kqzaman@gmail.com,GMD-DHK-METRO,ঢাকা মহানগর,Dhaka Metropolitan,Dhaka,গুলশান ১৩২/৩৩ কেভি জিআইএস গ্রিড উপকেন্দ্র,GENERAL,ACTIVE,2026-2028,1
24,PGD-2026-0024,90,DIP-2026-90,571,হোসেন আহমেদ,,উপ-সহকারী প্রকৌশলী,Sub-Assistant Engineer,hossainahmed00571@gmail.com,hossainahmed00571@gmail.c om,GMD-CTG-CENTRAL,"জিএমডি, চট্টগ্রাম (সেন্ট্রাল)","GMD, Chattogram (Central)",Chattogram,খুলশী ১৩২/৩৩ কেভি গ্রিড উপকেন্দ্র,GENERAL,ACTIVE,2026-2028,1
25,PGD-2026-0025,304,DIP-2026-304,580,শামীম আরা বেগম,,সহকারী প্রকৌশলী,Assistant Engineer,juldagrid.pgcb@gmail.com,Juldagrid. Pgcb@gmail.com,GMD-CTG-CENTRAL,"জিএমডি, চট্টগ্রাম (সেন্ট্রাল)","GMD, Chattogram (Central)",Chattogram,Julda132/33 kv grid sub station,GENERAL,ACTIVE,2026-2028,1
26,PGD-2026-0026,32,DIP-2026-32,583,Mohammed Rafiqul Islam,Mohammed Rafiqul Islam,উপ-বিভাগীয় প্রকৌশলী,Sub-Divisional Engineer,rafique_nomira09@yahoo.com,rafique_nomira09@yahoo.co m,PROJECT-BRANCH,প্রকল্প শাখা,Project Branch,Headquarters / Projects,Energy efficiency in grid based power supply project,GENERAL,ACTIVE,2026-2028,1
27,PGD-2026-0027,526,DIP-2026-526,606,ধীরাজ কুমার কুন্ডু,,উপ-বিভাগীয় প্রকৌশলী,Sub-Divisional Engineer,dhirajpgcb@gmail.com,dhirajpgcb@gmail.com,GMD-KHULNA,"জিএমডি, খুলনা","GMD, Khulna",Khulna,জিএমডি-খুলনা (উত্তর) দপ্তর,GENERAL,ACTIVE,2026-2028,1
28,PGD-2026-0028,522,DIP-2026-522,609,Md.Rokib Uddin,Md.Rokib Uddin,উপ-বিভাগীয় প্রকৌশলী,Sub-Divisional Engineer,uddin.rokib31@gmail.com,uddin.rokib31@gmail.com,GMD-KHULNA,"জিএমডি, খুলনা","GMD, Khulna",Khulna,132/33kv Khulna central grid substation,GENERAL,ACTIVE,2026-2028,1
29,PGD-2026-0029,550,DIP-2026-550,611,ম ম রফিকুল ইসলাম মিলন,,সহকারী প্রকৌশলী,Assistant Engineer,rimilon2275@gmail.com,rimilon2275@gmail.com,GMD-ISHWARDI,"জিএমডি, ঈশ্বরদী","GMD, Ishwardi",Rajshahi,"বিআইপিটিসি ভেড়ামারা, কুষ্টিয়া।",GENERAL,ACTIVE,2026-2028,1
30,PGD-2026-0030,514,DIP-2026-514,614,তাপস কুমার সাহা,,সহকারী প্রকৌশলী,Assistant Engineer,taposhpgcb2003@gmail.com,taposhpgcb2003@gmail.com,GMD-KHULNA,"জিএমডি, খুলনা","GMD, Khulna",Khulna,GMD Khulna ( South),GENERAL,ACTIVE,2026-2028,2
31,PGD-2026-0031,595,DIP-2026-595,615,Prodip kumar das,Prodip kumar das,উপ-সহকারী প্রকৌশলী,Sub-Assistant Engineer,propgcb@gmail.com,propgcb@gmail.com,GMD-KHULNA,"জিএমডি, খুলনা","GMD, Khulna",Khulna,132/33KV Khulna Central Grid Sub-station,GENERAL,ACTIVE,2026-2028,2
32,PGD-2026-0032,519,DIP-2026-519,620,এস.এম. মাহমুদ হাসান,,সহকারী প্রকৌশলী,Assistant Engineer,smmahmud2012@gmail.com,smmahmud2012@gmail.com,GMD-KHULNA,"জিএমডি, খুলনা","GMD, Khulna",Khulna,গল্লামারি ১৩২/৩৩ কেভি জিআইএস গ্রিড উপকেন্দ্র,GENERAL,ACTIVE,2026-2028,2
33,PGD-2026-0033,702,DIP-2026-702,632,আ ন ম আলমগীর হোসেন,,উপ-বিভাগীয় প্রকৌশলী,Sub-Divisional Engineer,kazihossain1967@gmail.com,Kazihossain1967@gmail.com,GMD-ISHWARDI,"জিএমডি, ঈশ্বরদী","GMD, Ishwardi",Rajshahi,বাংলাদেশ ভারত বিদু্যৎ সঞ্চালন কেন্দ্র,GENERAL,ACTIVE,2026-2028,2
34,PGD-2026-0034,101,DIP-2026-101,634,Md.Abu Taleb,Md.Abu Taleb,উপ-বিভাগীয় প্রকৌশলী,Sub-Divisional Engineer,talebkushtia@gmail.com,talebkushtia@gmail.com,GMD-ISHWARDI,"জিএমডি, ঈশ্বরদী","GMD, Ishwardi",Rajshahi,Kushtia 132kv Grid Sub Station,GENERAL,ACTIVE,2026-2028,2
35,PGD-2026-0035,708,DIP-2026-708,641,MD Kamarul Hossain,MD Kamarul Hossain,সহকারী প্রকৌশলী,Assistant Engineer,kamruljess@gmail.com,kamruljess@gmail.com,GMD-KHULNA,"জিএমডি, খুলনা","GMD, Khulna",Khulna,Benapole Sub Station,GENERAL,ACTIVE,2026-2028,2
36,PGD-2026-0036,19,DIP-2026-19,642,মোঃ জিল্লুর রহমান,,সহকারী প্রকৌশলী,Assistant Engineer,zillu.pgcb2001@gmail.com,zillu.pgcb2001@gmail.com,GMD-DHK-METRO,ঢাকা মহানগর,Dhaka Metropolitan,Dhaka,১৩২/৩৩ সাত মসজিদ জিআইএস গ্রিড উপকেন্দ্র,GENERAL,ACTIVE,2026-2028,2
37,PGD-2026-0037,461,DIP-2026-461,643,Md. Anwarul Zahid,Md. Anwarul Zahid,উপ-সহকারী প্রকৌশলী,Sub-Assistant Engineer,anwar.sae.pgcb@gmail.com,anwar.sae.pgcb@gmail.com,GMD-RANGPUR,"জিএমডি, রংপুর","GMD, Rangpur",Rangpur,Saidpur 132/33 KV grid substation,GENERAL,ACTIVE,2026-2028,2
38,PGD-2026-0038,498,DIP-2026-498,647,মোহাম্মদ আবদুস সালাম,,উপ-বিভাগীয় প্রকৌশলী,Sub-Divisional Engineer,masalam.pgcb@gmail.com,masalam.pgcb@gmail.com,PROJECT-BRANCH,প্রকল্প শাখা,Project Branch,Headquarters / Projects,৪০০কেভি জিএনডি প্রকল্প,GENERAL,ACTIVE,2026-2028,2
39,PGD-2026-0039,111,DIP-2026-111,648,মোঃ মাহবুবুর রহমান,,উপ-সহকারী প্রকৌশলী,Sub-Assistant Engineer,mahbub11067@gmail.com,mahbub11067@gmail.com,GMD-KHULNA,"জিএমডি, খুলনা","GMD, Khulna",Khulna,খুলনা দক্ষিণ ২৩০/১৩২ কেভি গ্রিড উপকেন্দ্র,GENERAL,ACTIVE,2026-2028,2
40,PGD-2026-0040,119,DIP-2026-119,660,Md. Moynul Tarif,Md. Moynul Tarif,সহকারী প্রকৌশলী,Assistant Engineer,moynul.tarif@gmail.com,moynul.tarif@gmail.com,GMD-ISHWARDI,"জিএমডি, ঈশ্বরদী","GMD, Ishwardi",Rajshahi,Ruppur 132/11 kV Grid Sub- station,GENERAL,ACTIVE,2026-2028,2
41,PGD-2026-0041,729,DIP-2026-729,661,MD.ENAYETUL KARIM,MD.ENAYETUL KARIM,উপ-সহকারী প্রকৌশলী,Sub-Assistant Engineer,enayetpgcb94@gmail.com,enayetpgcb94@gmail.com,GMD-BOGURA,"জিএমডি, বগুড়া","GMD, Bogura",Rajshahi,Naogaon 132/33 KV Grid Sub- Station,GENERAL,ACTIVE,2026-2028,2
42,PGD-2026-0042,222,DIP-2026-222,663,হাসান মিজানুর রহমান,,উপ-বিভাগীয় প্রকৌশলী,Sub-Divisional Engineer,hmrahmanpgcb@gmail.com,hmrahmanpgcb@gmail.com,PROJECT-BRANCH,প্রকল্প শাখা,Project Branch,Headquarters / Projects,৪০০ কেভি জিএনডি প্রকল্প,GENERAL,ACTIVE,2026-2028,2
43,PGD-2026-0043,578,DIP-2026-578,682,মোঃ মোসলেম উদ্দিন,,উপ-সহকারী প্রকৌশলী,Sub-Assistant Engineer,moslemuddin318@gmail.com,moslemuddin318@gmail.com,GMD-ISHWARDI,"জিএমডি, ঈশ্বরদী","GMD, Ishwardi",Rajshahi,Rooppur 132/33 KV Grid S/S,GENERAL,ACTIVE,2026-2028,2
44,PGD-2026-0044,129,DIP-2026-129,684,মোঃ হোসেন শাহীদ সোহরাওয়ার্দী,,সহকারী প্রকৌশলী,Assistant Engineer,mhsspgcb@gmail.com,mhsspgcb@gmail.com,GMD-CUMILLA,"জিএমডি, কুমিল্লা","GMD, Cumilla",Cumilla,চান্দিনা ১৩২/৩৩ কেভি জিগ্গেস গ্রিড উপকেন্দ্র।,GENERAL,ACTIVE,2026-2028,2
45,PGD-2026-0045,564,DIP-2026-564,689,Md Hasinul Arif Chowdhury,Md Hasinul Arif Chowdhury,উপ-সহকারী প্রকৌশলী,Sub-Assistant Engineer,arifchow75@gmail.com,arifchow75@gmail.com,GMD-RAJSHAHI,"জিএমডি, রাজশাহী","GMD, Rajshahi",Rajshahi,Chapainawabganj 132/33 kv Grid substation,GENERAL,ACTIVE,2026-2028,2
46,PGD-2026-0046,135,DIP-2026-135,708,MD.JIAUL HAQUE,MD.JIAUL HAQUE,উপ-সহকারী প্রকৌশলী,Sub-Assistant Engineer,jiaulpgcb@gmail.com,jiaulpgcb@gmail.com,GMD-BOGURA,"জিএমডি, বগুড়া","GMD, Bogura",Rajshahi,Naogaon 132/33 KV Grid sub- Station,GENERAL,ACTIVE,2026-2028,2
47,PGD-2026-0047,417,DIP-2026-417,720,Md Mahbubul Haque,Md Mahbubul Haque,উপ-সহকারী প্রকৌশলী,Sub-Assistant Engineer,mahbubulhaquebabu910@gmail.com,mahbubulhaquebabu910@g mail.com,GMD-DHK-METRO,ঢাকা মহানগর,Dhaka Metropolitan,Dhaka,Cantonment 132/33 Kv GIS Grid Substation,GENERAL,ACTIVE,2026-2028,2
48,PGD-2026-0048,436,DIP-2026-436,730,মোঃমীর আলম,,সহকারী প্রকৌশলী,Assistant Engineer,mirpgcb3@gmail.com,mirpgcb3@gmail.com,GMD-RANGPUR,"জিএমডি, রংপুর","GMD, Rangpur",Rangpur,কুড়িগ্রাম ১৩২কেভি গ্রিড উপকেন্দ্র,GENERAL,ACTIVE,2026-2028,2
49,PGD-2026-0049,193,DIP-2026-193,753,Md. zayedul Islam,Md. zayedul Islam,উপ-বিভাগীয় প্রকৌশলী,Sub-Divisional Engineer,zayedul.jam.pgcb@gmail.com,zayedul.jam.pgcb@gmail.com,GMD-DINAJPUR,"জিএমডি, দিনাজপুর","GMD, Dinajpur",Rangpur,"GMD, Dinajpur",GENERAL,ACTIVE,2026-2028,2
50,PGD-2026-0050,72,DIP-2026-72,755,Sujit Kumar Debnath,Sujit Kumar Debnath,সহকারী প্রকৌশলী,Assistant Engineer,skdn66pgcb@gmail.com,skdn66pgcb@gmail.com,GMD-RANGPUR,"জিএমডি, রংপুর","GMD, Rangpur",Rangpur,Mithapukur grid sub-station,GENERAL,ACTIVE,2026-2028,2
51,PGD-2026-0051,199,DIP-2026-199,756,MD.Moniruzzaman,MD.Moniruzzaman,উপ-বিভাগীয় প্রকৌশলী,Sub-Divisional Engineer,zaman.pgcb@gmail.com,zaman.pgcb@gmail.com,GMD-RANGPUR,"জিএমডি, রংপুর","GMD, Rangpur",Rangpur,Jaldhaka 132-33 KV Grid sub- Station,GENERAL,ACTIVE,2026-2028,2
52,PGD-2026-0052,467,DIP-2026-467,758,মোঃ আনোয়ার হোসেন,,উপ-সহকারী প্রকৌশলী,Sub-Assistant Engineer,anwar.pgcb03@gmail.com,anwar.pgcb03@gmail.com,GMD-RANGPUR,"জিএমডি, রংপুর","GMD, Rangpur",Rangpur,সৈয়দপুর ১৩২/৩৩ কেভি গ্রিড উপকেন্দ্র,GENERAL,ACTIVE,2026-2028,2
53,PGD-2026-0053,463,DIP-2026-463,759,মোঃ মোহতাসেনুল আলম।,,উপ-সহকারী প্রকৌশলী,Sub-Assistant Engineer,www.mohtasenulalom.gmail.com@gmail.com,www.mohtasenulalom.gmail. com,GMD-RANGPUR,"জিএমডি, রংপুর","GMD, Rangpur",Rangpur,লালমনিরহাট ১৩২/৩৩ কেভি গ্রিড উপকেন্দ্র,GENERAL,ACTIVE,2026-2028,2
54,PGD-2026-0054,471,DIP-2026-471,760,মোঃ সাজেদুল ইসলাম,,উপ-সহকারী প্রকৌশলী,Sub-Assistant Engineer,mdsajedulislam23@gmail.com,mdsajedulislam23@gmail.co m,GMD-RANGPUR,"জিএমডি, রংপুর","GMD, Rangpur",Rangpur,"রংপুর ১৩২/৩৩ কেভি গ্রিড উপকেন্দ্র,",GENERAL,ACTIVE,2026-2028,2
55,PGD-2026-0055,579,DIP-2026-579,773,মোঃ জিল্লুর রহমান,,উপ-সহকারী প্রকৌশলী,Sub-Assistant Engineer,mzrpgcb@gmail.com,mzrpgcb@gmail.com,GMD-RAJSHAHI,"জিএমডি, রাজশাহী","GMD, Rajshahi",Rajshahi,রাজশাহী ১৩২/৩৩ কেভি গ্রিড উপকেন্দ্র ।,GENERAL,ACTIVE,2026-2028,2
56,PGD-2026-0056,126,DIP-2026-126,774,সুভাষ কুমার সরকার।,,সহকারী প্রকৌশলী,Assistant Engineer,sks.rhythm@gmail.com,sks.rhythm@gmail.com,GMD-ISHWARDI,"জিএমডি, ঈশ্বরদী","GMD, Ishwardi",Rajshahi,ভাঙ্গুড়া ১৩২/৩৩ কেভি গ্রিড উপকেন্দ্র।,GENERAL,ACTIVE,2026-2028,2
57,PGD-2026-0057,115,DIP-2026-115,781,MD. HUMAYUN KABIR,MD. HUMAYUN KABIR,সহকারী প্রকৌশলী,Assistant Engineer,pgcb.humayun@gmail.com,pgcb.humayun@gmail.com,GMD-DHK-METRO,ঢাকা মহানগর,Dhaka Metropolitan,Dhaka,Nawabganj 132/33kv Grid substation GMD Dhaka-South,GENERAL,ACTIVE,2026-2028,2
58,PGD-2026-0058,336,DIP-2026-336,782,Md.Miraz/ মো: মিরাজ।,,উপ-বিভাগীয় প্রকৌশলী,Sub-Divisional Engineer,mdmiraz957@gmail.com,mdmiraz957@gmail.com,GMD-FARIDPUR,"জিএমডি, ফরিদপুর","GMD, Faridpur",Dhaka,শরীয়তপুর ১৩২/৩৩কেভি গ্রিড উপকেন্দ্র।,GENERAL,ACTIVE,2026-2028,2
59,PGD-2026-0059,161,DIP-2026-161,787,মোহাম্মদ আকিদুল ইসলাম,,উপ-বিভাগীয় প্রকৌশলী,Sub-Divisional Engineer,akidul.pgcb@gmail.com,akidul.pgcb@gmail.com,GMD-DHK-NORTH,"জিএমডি, ঢাকা (উত্তর)","GMD, Dhaka (North)",Dhaka,নিউ টঙ্গী ১৩২/৩৩ কেভও গ্রিড উপকেন্দ্র,GENERAL,ACTIVE,2026-2028,3
60,PGD-2026-0060,574,DIP-2026-574,803,Md Eman ali,Md Eman ali,উপ-বিভাগীয় প্রকৌশলী,Sub-Divisional Engineer,alieman808@gmail.com,Alieman808@gmail.com,GMD-KHULNA,"জিএমডি, খুলনা","GMD, Khulna",Khulna,TRTUD khulna,GENERAL,ACTIVE,2026-2028,3
61,PGD-2026-0061,11,DIP-2026-11,813,মো: নাকীবুল কাদীম,,উপ-বিভাগীয় প্রকৌশলী,Sub-Divisional Engineer,nakib.pgcb@gmail.com,nakib.pgcb@gmail.com,GMD-DHK-METRO,ঢাকা মহানগর,Dhaka Metropolitan,Dhaka,"পি এন্ড এস (স্টোর), প্রধান কার্যালয়, ঢাকা ।",GENERAL,ACTIVE,2026-2028,3
62,PGD-2026-0062,30,DIP-2026-30,818,মোঃ রাহাত কামাল,,উপ-বিভাগীয় প্রকৌশলী,Sub-Divisional Engineer,mrkpgcb007@gmail.com,mrkpgcb007@gmail.com,PROJECT-BRANCH,প্রকল্প শাখা,Project Branch,Headquarters / Projects,"প্রকল্প-১, পাওয়ার গ্রিড, ১৭, মহাখালী, ঢাকা।",GENERAL,ACTIVE,2026-2028,3
63,PGD-2026-0063,58,DIP-2026-58,820,Shahina Akhter,Shahina Akhter,উপ-বিভাগীয় প্রকৌশলী,Sub-Divisional Engineer,shahinapgcb@gmail.com,shahinapgcb@gmail.com,GMD-DHK-METRO,ঢাকা মহানগর,Dhaka Metropolitan,Dhaka,DWZTGEP,GENERAL,ACTIVE,2026-2028,3
64,PGD-2026-0064,178,DIP-2026-178,824,ফারুক আহাম্মদ পাটোয়ারী,,সহকারী প্রকৌশলী,Assistant Engineer,faruquepgcb@gmail.com,faruquepgcb@gmail.com,GMD-CUMILLA,"জিএমডি, কুমিল্লা","GMD, Cumilla",Cumilla,১৩২/৩৩ কেভি কুমিল্লা (দঃ) গ্রিড উপকেন্দ্র,GENERAL,ACTIVE,2026-2028,3
65,PGD-2026-0065,397,DIP-2026-397,858,মো: নজরুল ইসলাম ফকির,,সহকারী প্রকৌশলী,Assistant Engineer,nazrul_216@yahoo.com,nazrul_216@yahoo.com,GMD-MYMENSINGH,"জিএমডি, ময়মনসিংহ","GMD, Mymensingh",Mymensingh,নেত্রকোনা ১৩২/৩৩ কেভি গ্রিড উপকেন্দ্র।,GENERAL,ACTIVE,2026-2028,3
66,PGD-2026-0066,372,DIP-2026-372,861,মোঃ ইব্রাহীম,,সহকারী প্রকৌশলী,Assistant Engineer,ibrahimpgcb@gmail.com,ibrahimpgcb@gmail.com,GMD-DHK-NORTH,"জিএমডি, ঢাকা (উত্তর)","GMD, Dhaka (North)",Dhaka,ধামরাই ১৩২/৩৩ কেভি গ্রিড উপকেন্দ্র,GENERAL,ACTIVE,2026-2028,3
67,PGD-2026-0067,94,DIP-2026-94,862,মো: ফরহাদ হোসেন,,সহকারী প্রকৌশলী,Assistant Engineer,farhad.035@gmail.com,farhad.035@gmail.com,GMD-CTG-SOUTH,"জিএমডি, চট্টগ্রাম (দক্ষিণ)","GMD, Chattogram (South)",Chattogram,সীতাকুন্ড ১৩২/৩৩কেভি গ্রিড উপকেন্দ্র।,GENERAL,ACTIVE,2026-2028,3
68,PGD-2026-0068,233,DIP-2026-233,863,ববিতা বিশ্বাস,,সহকারী প্রকৌশলী,Assistant Engineer,srayanwwww24@gmail.com,srayanwwww24@gmail.com,PROJECT-BRANCH,প্রকল্প শাখা,Project Branch,Headquarters / Projects,প্রকল্প মনিটরিং,GENERAL,ACTIVE,2026-2028,3
69,PGD-2026-0069,55,DIP-2026-55,864,গাজী মোঃ আল আমিনুল ইসলাম,,সহকারী প্রকৌশলী,Assistant Engineer,alamin98255@gmail.com,alamin98255@gmail.com,GMD-DHK-EAST,"জিএমডি, ঢাকা (পূর্ব)","GMD, Dhaka (East)",Dhaka,"জিএমডি ঢাক (পূর্ব), দপ্তর",GENERAL,ACTIVE,2026-2028,3
70,PGD-2026-0070,209,DIP-2026-209,866,Asaduzzaman,Asaduzzaman,সহকারী প্রকৌশলী,Assistant Engineer,sagor19061982@gmail.com,sagor19061982@gmail.com,GMD-DHK-METRO,ঢাকা মহানগর,Dhaka Metropolitan,Dhaka,Kallyanpur 132/33 kv Grid Substation,GENERAL,ACTIVE,2026-2028,3
71,PGD-2026-0071,210,DIP-2026-210,867,মোহাম্মদ আবদুল বাতেন,,সহকারী প্রকৌশলী,Assistant Engineer,mabaten.pgcb@gmail.com,mabaten.pgcb@gmail.com,GMD-DHK-METRO,ঢাকা মহানগর,Dhaka Metropolitan,Dhaka,মানিকনগর ২৩০/১৩২ কেভি GIS উপকেন্দ্র,GENERAL,ACTIVE,2026-2028,3
72,PGD-2026-0072,409,DIP-2026-409,868,মোঃ আব্দুল মতিন,,উপ-বিভাগীয় প্রকৌশলী,Sub-Divisional Engineer,engr.matinpgcb@gmail.com,engr.matinpgcb@gmail.com,GMD-DINAJPUR,"জিএমডি, দিনাজপুর","GMD, Dinajpur",Rangpur,পূর্ব সাদীপুর ২৩০/১৩২/৩৩কেভি জিআইএস গ্রিড উপকেন্দ্র।,GENERAL,ACTIVE,2026-2028,3
73,PGD-2026-0073,62,DIP-2026-62,873,Md Mijanur Rahman,Md Mijanur Rahman,সহকারী প্রকৌশলী,Assistant Engineer,mijan.eng@gmail.com,mijan.eng@gmail.com,GMD-DHK-EAST,"জিএমডি, ঢাকা (পূর্ব)","GMD, Dhaka (East)",Dhaka,Meghnaghat 400/230kv Grid substation,GENERAL,ACTIVE,2026-2028,3
74,PGD-2026-0074,408,DIP-2026-408,874,Md. Zahangir Alam,Md. Zahangir Alam,সহকারী প্রকৌশলী,Assistant Engineer,zahangirfarhan@gmail.com,zahangirfarhan@gmail.com,GMD-DHK-EAST,"জিএমডি, ঢাকা (পূর্ব)","GMD, Dhaka (East)",Dhaka,Haripur 230/132kV Grid Substation,GENERAL,ACTIVE,2026-2028,3
75,PGD-2026-0075,443,DIP-2026-443,876,মোঃ তাজুল ইসলাম,,সহকারী প্রকৌশলী,Assistant Engineer,tajul1980islam@gmail.com,tajul1980islam@gmail,GMD-BARISHAL,"জিএমডি, বরিশাল","GMD, Barishal",Barishal,বরগুনা ১৩২/৩৩কেভি গ্রিড উপকেন্দ্র,GENERAL,ACTIVE,2026-2028,3
76,PGD-2026-0076,81,DIP-2026-81,878,মোহাম্মদ হাসান আল রাজীব,,উপ-বিভাগীয় প্রকৌশলী,Sub-Divisional Engineer,rajibpgcb@gmail.com,rajibpgcb@gmail.com,GMD-DHK-METRO,ঢাকা মহানগর,Dhaka Metropolitan,Dhaka,ক্যান্টনমেন্ট ১৩২/৩৩ কেভি জিআইএস গ্রিড উপকেন্দ্র,GENERAL,ACTIVE,2026-2028,3
77,PGD-2026-0077,141,DIP-2026-141,883,মোঃ হুমায়ুন কবির,,সহকারী প্রকৌশলী,Assistant Engineer,kabirpgcb@yahoo.com,kabirpgcb@yahoo.com,PROJECT-BRANCH,প্রকল্প শাখা,Project Branch,Headquarters / Projects,ইইজিবিপিএস প্রকল্প,GENERAL,ACTIVE,2026-2028,3
78,PGD-2026-0078,40,DIP-2026-40,884,শাহনাজ আক্তার,,সহকারী প্রকৌশলী,Assistant Engineer,shahnaz.kabir07@gmail.com,shahnaz.kabir07@gmail.com,GMD-DHK-METRO,ঢাকা মহানগর,Dhaka Metropolitan,Dhaka,"সহকারী প্রকৌশলী, জিএমডি ঢাকা -সেন্ট্রল, ঢাকা।",GENERAL,ACTIVE,2026-2028,3
79,PGD-2026-0079,244,DIP-2026-244,888,Kazi Zakir Uddin,Kazi Zakir Uddin,উপ-বিভাগীয় প্রকৌশলী,Sub-Divisional Engineer,zakir.kazi@yahoo.com,zakir.kazi@yahoo.com,GMD-KHULNA,"জিএমডি, খুলনা","GMD, Khulna",Khulna,"TRTUD, Khulna.",GENERAL,ACTIVE,2026-2028,3
80,PGD-2026-0080,177,DIP-2026-177,892,ধর্মদর্শী বড়ুয়া,,সহকারী প্রকৌশলী,Assistant Engineer,dbaruapgcb@gmail.com,dbaruapgcb@gmail.com,GMD-CTG-NORTH,"জিএমডি, চট্টগ্রাম (উত্তর)","GMD, Chattogram (North)",Chattogram,"করেরহাট 400/230/132 কেভি গ্রিড উপকেন্দ্র, গ্রিড সার্কেল, চট্টগ্রাম।",GENERAL,ACTIVE,2026-2028,3
81,PGD-2026-0081,915,DIP-2026-915,895,মুহাম্মদ নাজমুল হুদা,,সহকারী প্রকৌশলী,Assistant Engineer,nazmulsami69@gmail.com,nazmulsami69@gmail,GMD-DHK-METRO,ঢাকা মহানগর,Dhaka Metropolitan,Dhaka,Aminbazar 400/230/132kV Grid S/S,GENERAL,ACTIVE,2026-2028,3
82,PGD-2026-0082,698,DIP-2026-698,896,মোঃ মুনির হাসান জোয়ার্দ্দার,,সহকারী প্রকৌশলী,Assistant Engineer,joarder.chu@gmail.com,joarder.chu@gmail.com,GMD-JHENAIDAH,"জিএমডি, ঝিনাইদহ","GMD, Jhenaidah",Khulna,চুয়াডাঙ্গা ১৩২ কেভি গ্রিড উপকেন্দ্র।,GENERAL,ACTIVE,2026-2028,3
83,PGD-2026-0083,0076,DIP-2026-0076,897,Md.Alamgir Hossain,Md.Alamgir Hossain,সহকারী প্রকৌশলী,Assistant Engineer,alamgir.powergrid25@gmail.com,alamgir.powergrid25@gmail. com,GMD-CTG-SOUTH,"জিএমডি, চট্টগ্রাম (দক্ষিণ)","GMD, Chattogram (South)",Chattogram,Chandraghona 132/33KV Grid SS,GENERAL,ACTIVE,2026-2028,3
84,PGD-2026-0084,34,DIP-2026-34,898,মিজানুর রহমান,,সহকারী প্রকৌশলী,Assistant Engineer,mizanirfan06@gmail.com,mizanirfan06@gmail.com,GMD-DHK-METRO,ঢাকা মহানগর,Dhaka Metropolitan,Dhaka,এন ও ডি এল ডি সি,GENERAL,ACTIVE,2026-2028,3
85,PGD-2026-0085,131,DIP-2026-131,899,মোঃ মোস্তাজিরুল ইসলাম,,উপ-সহকারী প্রকৌশলী,Sub-Assistant Engineer,shovon21nice@gmail.com,shovon21nice@gmail.com,GMD-BOGURA,"জিএমডি, বগুড়া","GMD, Bogura",Rajshahi,"বগুড়া ২৩০ কেভি গ্রিড উপকেন্দ্র, জিএমডি, পাওয়ার গ্রিড, বগুড়া।",GENERAL,ACTIVE,2026-2028,3
86,PGD-2026-0086,339,DIP-2026-339,901,মো:মাসুদুর রহমান,,সহকারী প্রকৌশলী,Assistant Engineer,pgcbjamgmddnw@gmail.com,Pgcbjamgmddnw@gmail,PROJECT-BRANCH,প্রকল্প শাখা,Project Branch,Headquarters / Projects,ESPNCA project,GENERAL,ACTIVE,2026-2028,3
87,PGD-2026-0087,266,DIP-2026-266,902,মো: নূরুল কবির,,সহকারী প্রকৌশলী,Assistant Engineer,kabir22bd@gmail.com,kabir22bd@gmail.com,GMD-BARISHAL,"জিএমডি, বরিশাল","GMD, Barishal",Barishal,ভান্ডারিয়া ১৩২/৩৩ কেভি গ্রিড উপকেন্দ্র।,GENERAL,ACTIVE,2026-2028,3
88,PGD-2026-0088,700,DIP-2026-700,904,Mohammed Rezaul Hossain,Mohammed Rezaul Hossain,সহকারী প্রকৌশলী,Assistant Engineer,rezapgcb@gmail.com,rezapgcb@gmail.com,PROJECT-BRANCH,প্রকল্প শাখা,Project Branch,Headquarters / Projects,IDRNPP Project,GENERAL,ACTIVE,2026-2028,4
89,PGD-2026-0089,146,DIP-2026-146,916,মোঃ রবিউল ইসলাম,,উপ-সহকারী প্রকৌশলী,Sub-Assistant Engineer,md.rabiulislam21@gmail.com,md.rabiulislam21@gmail.com,PROJECT-BRANCH,প্রকল্প শাখা,Project Branch,Headquarters / Projects,আইডিআরএনপিপি,GENERAL,ACTIVE,2026-2028,4
90,PGD-2026-0090,422,DIP-2026-422,917,Md.Kamal Hossain,Md.Kamal Hossain,উপ-সহকারী প্রকৌশলী,Sub-Assistant Engineer,kamalpgcb@gmail.com,Kamal pgcb@gmail,GMD-KHULNA,"জিএমডি, খুলনা","GMD, Khulna",Khulna,Narail 132kV Grid S/S,GENERAL,ACTIVE,2026-2028,4
91,PGD-2026-0091,311,DIP-2026-311,918,মোঃ বেল্লাল হোসেন সরকার।,,উপ-সহকারী প্রকৌশলী,Sub-Assistant Engineer,ballalpgcb@gmail.com,ballalpgcb@gmail.com,GMD-CUMILLA,"জিএমডি, কুমিল্লা","GMD, Cumilla",Cumilla,"কুমিল্লা(দঃ) ১৩২/৩৩কেভি গ্রিড উপকেন্দ্র, জিএমডি, কুমিল্লা।",GENERAL,ACTIVE,2026-2028,4
92,PGD-2026-0092,313,DIP-2026-313,919,মোঃ আসাদুজ্জামান পলাশ,,উপ-সহকারী প্রকৌশলী,Sub-Assistant Engineer,ashapolash@gmail.com,ashapolash@gmail.com,GMD-DHK-NORTH,"জিএমডি, ঢাকা (উত্তর)","GMD, Dhaka (North)",Dhaka,টাঙ্গাইল ১৩২/৩৩ কেভি গ্রিড উপকেন্দ্র,GENERAL,ACTIVE,2026-2028,4
93,PGD-2026-0093,484,DIP-2026-484,920,মো: সাইফুল ইসলাম,,উপ-সহকারী প্রকৌশলী,Sub-Assistant Engineer,samim.eee@gmail.com,samim.eee@gmail.com,GMD-RAJSHAHI,"জিএমডি, রাজশাহী","GMD, Rajshahi",Rajshahi,রাজশাহী ১৩২/৩৩ কেভি গ্রিড উপকেন্দ্র,GENERAL,ACTIVE,2026-2028,4
94,PGD-2026-0094,592,DIP-2026-592,921,মোঃ মাহামুদুল হাসান,,উপ-সহকারী প্রকৌশলী,Sub-Assistant Engineer,mhasan55920@gmail.com,mhasan55920@gmail.com,GMD-DHK-EAST,"জিএমডি, ঢাকা (পূর্ব)","GMD, Dhaka (East)",Dhaka,রামপুরা ২৩০/ ১৩২ কেভি গ্রিড উপকেন্দ্র।,GENERAL,ACTIVE,2026-2028,4
95,PGD-2026-0095,1834,DIP-2026-1834,922,Muhammad Aminul Islam,Muhammad Aminul Islam,উপ-সহকারী প্রকৌশলী,Sub-Assistant Engineer,aminul1980pgcb@gmail.com,aminul1980pgcb@gmail,GMD-DHK-NORTH,"জিএমডি, ঢাকা (উত্তর)","GMD, Dhaka (North)",Dhaka,G 2 G project,GENERAL,ACTIVE,2026-2028,4
96,PGD-2026-0096,479,DIP-2026-479,924,মোঃ সোহেল খাঁন,,উপ-সহকারী প্রকৌশলী,Sub-Assistant Engineer,shohelpgcb2007@gmail.com,shohelpgcb2007@gmail.com,GMD-RAJSHAHI,"জিএমডি, রাজশাহী","GMD, Rajshahi",Rajshahi,"আমনুরা ১৩২/৩৩কেভি গ্রিড উপকেন্দ্র, জিএমডি রাজশাহী",GENERAL,ACTIVE,2026-2028,4
97,PGD-2026-0097,297,DIP-2026-297,925,Ranajit Chowdhury,Ranajit Chowdhury,উপ-সহকারী প্রকৌশলী,Sub-Assistant Engineer,ranjchy.1981@gmail.com,ranjchy.1981@gmail. Com,GMD-CTG-CENTRAL,"জিএমডি, চট্টগ্রাম (সেন্ট্রাল)","GMD, Chattogram (Central)",Chattogram,Halishahar 132/33 kV GIS grid substations,GENERAL,ACTIVE,2026-2028,4
98,PGD-2026-0098,298,DIP-2026-298,927,Mohammad Borhan Uddin,Mohammad Borhan Uddin,উপ-সহকারী প্রকৌশলী,Sub-Assistant Engineer,e.borhan@yahoo.com,e.borhan@yahoo.com,GMD-CTG-CENTRAL,"জিএমডি, চট্টগ্রাম (সেন্ট্রাল)","GMD, Chattogram (Central)",Chattogram,KSRM132/33 KV Grid Sub-Station,GENERAL,ACTIVE,2026-2028,4
99,PGD-2026-0099,423,DIP-2026-423,928,Md Kamrul Islam,Md Kamrul Islam,উপ-সহকারী প্রকৌশলী,Sub-Assistant Engineer,kamrul.0474@gmail.com,kamrul.0474@gmail.com,GMD-KHULNA,"জিএমডি, খুলনা","GMD, Khulna",Khulna,132/33kv khulna central grid sub- station,GENERAL,ACTIVE,2026-2028,4
100,PGD-2026-0100,420,DIP-2026-420,930,Md. Huzaifa,Md. Huzaifa,উপ-সহকারী প্রকৌশলী,Sub-Assistant Engineer,huzaifapgcb@gmail.com,huzaifapgcb@gmail.com,GMD-BOGURA,"জিএমডি, বগুড়া","GMD, Bogura",Rajshahi,Bogura230/132kv Grid Sub- Station.,GENERAL,ACTIVE,2026-2028,4
101,PGD-2026-0101,319,DIP-2026-319,931,মোঃ খসরুল আলম,,উপ-সহকারী প্রকৌশলী,Sub-Assistant Engineer,khashru59@gmail.com,Khashru59@gmail.com,PROJECT-BRANCH,প্রকল্প শাখা,Project Branch,Headquarters / Projects,"Narsingdi,G2G Project.",GENERAL,ACTIVE,2026-2028,4
102,PGD-2026-0102,690,DIP-2026-690,932,মোঃ শাফায়েতুল হক,,উপ-সহকারী প্রকৌশলী,Sub-Assistant Engineer,shafayet.mis@gmail.com,shafayet.mis@gmail.com,GMD-DHK-METRO,ঢাকা মহানগর,Dhaka Metropolitan,Dhaka,MIS Division,GENERAL,ACTIVE,2026-2028,4
103,PGD-2026-0103,185,DIP-2026-185,933,মোঃ ইকবাল হোসেন,,উপ-সহকারী প্রকৌশলী,Sub-Assistant Engineer,iqbalhossainpgcb@gmail.com,iqbalhossainpgcb@gmail.com,GMD-DHK-METRO,ঢাকা মহানগর,Dhaka Metropolitan,Dhaka,"মানিকনগর ১৩২ কেভি গ্রিড উপকেন্দ্র, জিএমডি, ঢাকা-সেন্ট্রাল।",GENERAL,ACTIVE,2026-2028,4
104,PGD-2026-0104,558,DIP-2026-558,940,কাজী মোঃ নুরুজ্জামান,,উপ-সহকারী প্রকৌশলী,Sub-Assistant Engineer,pgcbkazi@gmail.com,pgcbkazi@gmail.com,GMD-ISHWARDI,"জিএমডি, ঈশ্বরদী","GMD, Ishwardi",Rajshahi,ভেড়ামারা(জিকে) ১৩২/৩৩ কেভি গ্রিড উপকেন্দ্র।,GENERAL,ACTIVE,2026-2028,4
105,PGD-2026-0105,385,DIP-2026-385,942,মোহাম্মদ মহিউদ্দিন,,উপ-সহকারী প্রকৌশলী,Sub-Assistant Engineer,mohiuddinpgcb@gmail.com,mohiuddinpgcb@gmail.com,PROJECT-BRANCH,প্রকল্প শাখা,Project Branch,Headquarters / Projects,"Madhobdi , Narsindi",GENERAL,ACTIVE,2026-2028,4
106,PGD-2026-0106,93,DIP-2026-93,943,মো: কাইয়ুম হোসেন,,উপ-সহকারী প্রকৌশলী,Sub-Assistant Engineer,kayum.pgcb@gmail.com,kayum.pgcb@gmail.com,GMD-RAJSHAHI,"জিএমডি, রাজশাহী","GMD, Rajshahi",Rajshahi,রাজশাহী ২৩০/১৩২/৩৩কেভি গ্রিড উপকেন্দ্র,GENERAL,ACTIVE,2026-2028,4
107,PGD-2026-0107,377,DIP-2026-377,944,মোঃ নূরুল ইসলাম,,উপ-সহকারী প্রকৌশলী,Sub-Assistant Engineer,nurulpgcb79@gmail.com,nurulpgcb79@gmail.com,GMD-CUMILLA,"জিএমডি, কুমিল্লা","GMD, Cumilla",Cumilla,132/33KV Daudkandi Grid SS,GENERAL,ACTIVE,2026-2028,4
108,PGD-2026-0108,447,DIP-2026-447,945,মুহাম্মদ মেসবাহুর রহমান,,উপ-সহকারী প্রকৌশলী,Sub-Assistant Engineer,saegmdfaridpur@gmail.com,saegmdfaridpur@gmail.com,GMD-FARIDPUR,"জিএমডি, ফরিদপুর","GMD, Faridpur",Dhaka,"দপ্তর,জিএমডি,ফরিদপুর।",GENERAL,ACTIVE,2026-2028,4
109,PGD-2026-0109,375,DIP-2026-375,946,জসিম উদ্দিন,,উপ-সহকারী প্রকৌশলী,Sub-Assistant Engineer,jasim201281@gmail.com,Jasim201281@gmail.com,GMD-CUMILLA,"জিএমডি, কুমিল্লা","GMD, Cumilla",Cumilla,ফেনী ১৩২/৩৩ কেভি গ্রিড উপকেন্দ্র,GENERAL,ACTIVE,2026-2028,4
110,PGD-2026-0110,306,DIP-2026-306,947,Md Osman Gani,Md Osman Gani,উপ-সহকারী প্রকৌশলী,Sub-Assistant Engineer,osman3@gmail.com,osman3@gmail.com,GMD-CTG-SOUTH,"জিএমডি, চট্টগ্রাম (দক্ষিণ)","GMD, Chattogram (South)",Chattogram,Matarbari 132/33kV Grid Substation,GENERAL,ACTIVE,2026-2028,4
111,PGD-2026-0111,326,DIP-2026-326,948,হামিদুর রহমান সিকদার,,উপ-সহকারী প্রকৌশলী,Sub-Assistant Engineer,hamidsaepgcb1978@gmail.com,hamidsaepgcb1978@gmail.co m,GMD-FARIDPUR,"জিএমডি, ফরিদপুর","GMD, Faridpur",Dhaka,Gopalganj south 132/33 kv grid sub-station,GENERAL,ACTIVE,2026-2028,4
112,PGD-2026-0112,914,DIP-2026-914,949,নিখিল চন্দ্র সরকার,,উপ-সহকারী প্রকৌশলী,Sub-Assistant Engineer,nikhilsarkar011@gmail.com,nikhilsarkar011@gmail.com,GMD-DHK-METRO,ঢাকা মহানগর,Dhaka Metropolitan,Dhaka,সাতমসজিদ ১৩২/৩৩ কেভি গ্রিড উপকেন্দ্র,GENERAL,ACTIVE,2026-2028,4
113,PGD-2026-0113,480,DIP-2026-480,950,মোঃ আব্দুল জব্বার,,উপ-সহকারী প্রকৌশলী,Sub-Assistant Engineer,jabber.pgcb07@gmail.com,jabber.pgcb07@gmail.com,GMD-DINAJPUR,"জিএমডি, দিনাজপুর","GMD, Dinajpur",Rangpur,ঠাকুরগাঁও ১৩২/৩৩ কাভি গ্রিড উপকেন্দ্র,GENERAL,ACTIVE,2026-2028,4
114,PGD-2026-0114,162,DIP-2026-162,951,TAREKUJJAMAN,TAREKUJJAMAN,উপ-সহকারী প্রকৌশলী,Sub-Assistant Engineer,bokul77@gmail.com,bokul77@gmail.com,GMD-MYMENSINGH,"জিএমডি, ময়মনসিংহ","GMD, Mymensingh",Mymensingh,"GMD OFFICE, MYMENSINGH",GENERAL,ACTIVE,2026-2028,4
115,PGD-2026-0115,601,DIP-2026-601,952,মোঃ হাসেম আলী,,উপ-সহকারী প্রকৌশলী,Sub-Assistant Engineer,hasemali79@gmail.com,hasemali79@gmail.com,GMD-DHK-METRO,ঢাকা মহানগর,Dhaka Metropolitan,Dhaka,"NOD,NLDC",GENERAL,ACTIVE,2026-2028,4
116,PGD-2026-0116,299,DIP-2026-299,953,মোঃ জ রিপ িউ দ্দন সরকার,,উপ-সহকারী প্রকৌশলী,Sub-Assistant Engineer,jaripuddin78@gmail.com,jaripuddin78@gmail.com,GMD-RANGPUR,"জিএমডি, রংপুর","GMD, Rangpur",Rangpur,কুড়িগ্রাম গ্রিড উপকেন্দ্র,GENERAL,ACTIVE,2026-2028,4
117,PGD-2026-0117,334,DIP-2026-334,954,খোন্দকার আবু বকর সিদ্দিক,,উপ-সহকারী প্রকৌশলী,Sub-Assistant Engineer,bakarpgb@gmail.com,bakarpgb@gmail.com,GMD-FARIDPUR,"জিএমডি, ফরিদপুর","GMD, Faridpur",Dhaka,রাজবাড়ী ১৩২/৩৩ কেভি গ্রিড উপকেন্দ্র।,GENERAL,ACTIVE,2026-2028,5
118,PGD-2026-0118,184,DIP-2026-184,955,মোঃ বাবুল মিয়া,,উপ-সহকারী প্রকৌশলী,Sub-Assistant Engineer,babul1006@gmail.com,babul1006@gmail.com,GMD-DHK-METRO,ঢাকা মহানগর,Dhaka Metropolitan,Dhaka,"Mirpur 132kV Grid Substation, GMD, Dhaka(N-W)",GENERAL,ACTIVE,2026-2028,5
119,PGD-2026-0119,272,DIP-2026-272,958,মোহাম্মদ সাইফুল ইসলাম,,উপ-সহকারী প্রকৌশলী,Sub-Assistant Engineer,sislamctg@gmail.com,sislamctg@gmail.com,GMD-CUMILLA,"জিএমডি, কুমিল্লা","GMD, Cumilla",Cumilla,"ফেনী ১৩২/৩৩ কেভি গ্রিড উপকেন্দ্র, জিএমডি- নোয়াখালী",GENERAL,ACTIVE,2026-2028,5
120,PGD-2026-0120,312,DIP-2026-312,959,Mohammad Shariful Alam,Mohammad Shariful Alam,উপ-সহকারী প্রকৌশলী,Sub-Assistant Engineer,rovershariful@gamail.com,rovershariful@gamail.com,GMD-DHK-METRO,ঢাকা মহানগর,Dhaka Metropolitan,Dhaka,Shyampur 230/132kV Grid Substation,GENERAL,ACTIVE,2026-2028,5
121,PGD-2026-0121,980,DIP-2026-980,960,Md.Abdullah al Mamun,Md.Abdullah al Mamun,উপ-সহকারী প্রকৌশলী,Sub-Assistant Engineer,mmamunbd2013@gmail.com,mmamunbd2013@gmail,GMD-DHK-METRO,ঢাকা মহানগর,Dhaka Metropolitan,Dhaka,"NOD,BNLDC",GENERAL,ACTIVE,2026-2028,5
122,PGD-2026-0122,431,DIP-2026-431,961,আবুল কাশেম মোঃ এনামুল হক,,উপ-সহকারী প্রকৌশলী,Sub-Assistant Engineer,enamulpgcb@gmail.com,enamulpgcb@gmail.com,GMD-MYMENSINGH,"জিএমডি, ময়মনসিংহ","GMD, Mymensingh",Mymensingh,"জামালপুর ১৩২/৩৩কেভি গ্রিড উপকেন্দ্র,জামালপুর।",GENERAL,ACTIVE,2026-2028,5
123,PGD-2026-0123,573,DIP-2026-573,964,মোঃ আমিনুল ইসলাম,,উপ-সহকারী প্রকৌশলী,Sub-Assistant Engineer,aminul.islamsojh@gmail.com,aminul.islamsojh@gmail,GMD-DHK-METRO,ঢাকা মহানগর,Dhaka Metropolitan,Dhaka,আমিনবাজার ৪০০/২৩০/১৩২ কেভি গ্রিড উপকেন্দ্র,GENERAL,ACTIVE,2026-2028,5
124,PGD-2026-0124,145,DIP-2026-145,965,মোঃ আব্দুল হাকিম,,উপ-সহকারী প্রকৌশলী,Sub-Assistant Engineer,ahakimvss@gmail.com,ahakimvss@gmail.com,PROJECT-BRANCH,প্রকল্প শাখা,Project Branch,Headquarters / Projects,SCKTID,GENERAL,ACTIVE,2026-2028,5
125,PGD-2026-0125,430,DIP-2026-430,966,মোঃ আতিকুল ইসলাম মামুন,,উপ-সহকারী প্রকৌশলী,Sub-Assistant Engineer,mamunatiq07@gmail.com,mamunatiq07@gmail.com,GMD-SIRAJGANJ,"জিএমডি, সিরাজগঞ্জ","GMD, Sirajganj",Rajshahi,সিরাজগঞ্জ ১৩২/৩৩ কেভি গ্রিড উপকেন্দ্র,GENERAL,ACTIVE,2026-2028,5
126,PGD-2026-0126,157,DIP-2026-157,967,Md.Alamgir Kabir,Md.Alamgir Kabir,উপ-সহকারী প্রকৌশলী,Sub-Assistant Engineer,mak.pgcb@gmail.com,mak.pgcb@gmail.com,GMD-FARIDPUR,"জিএমডি, ফরিদপুর","GMD, Faridpur",Dhaka,"Faridpur 132/33 kV Grid Sub- Station, Faridpur.",GENERAL,ACTIVE,2026-2028,5
127,PGD-2026-0127,594,DIP-2026-594,968,কাজী জাফর আহমেদ,,উপ-সহকারী প্রকৌশলী,Sub-Assistant Engineer,zafar.pgcb@gmail.com,zafar.pgcb@gmail.com,GMD-CTG-CENTRAL,"জিএমডি, চট্টগ্রাম (সেন্ট্রাল)","GMD, Chattogram (Central)",Chattogram,খুলশী ১৩২/৩৩ কেভি গ্রিড উপকেন্দ্রে,GENERAL,ACTIVE,2026-2028,5
128,PGD-2026-0128,432,DIP-2026-432,970,মো: জাহাঙ্গীর আলম,,উপ-সহকারী প্রকৌশলী,Sub-Assistant Engineer,jahangirpgcb@yahoo.com,jahangirpgcb@yahoo.com,GMD-SIRAJGANJ,"জিএমডি, সিরাজগঞ্জ","GMD, Sirajganj",Rajshahi,Ullapara 132/34 kV Grid Sub- Station,GENERAL,ACTIVE,2026-2028,5
129,PGD-2026-0129,529,DIP-2026-529,971,অনুপম কুমার সরকার,,উপ-সহকারী প্রকৌশলী,Sub-Assistant Engineer,sarkeranupom@gmail.com,sarkeranupom@gmail.com,GMD-KHULNA,"জিএমডি, খুলনা","GMD, Khulna",Khulna,গোয়ালপাড়া 132/33 কেভি গ্রিড উপকেন্দ্র,GENERAL,ACTIVE,2026-2028,5
130,PGD-2026-0130,307,DIP-2026-307,972,MD.KHALID Hossain,MD.KHALID Hossain,উপ-সহকারী প্রকৌশলী,Sub-Assistant Engineer,khalid2161977@gmail.com,Khalid 2161977@gmail.com,GMD-DHK-METRO,ঢাকা মহানগর,Dhaka Metropolitan,Dhaka,Mirpur grid Substatio,GENERAL,ACTIVE,2026-2028,5
131,PGD-2026-0131,532,DIP-2026-532,973,Sk Akramul Hossain,Sk Akramul Hossain,উপ-সহকারী প্রকৌশলী,Sub-Assistant Engineer,skakramulhossain@gmail.com,skakramulhossain@gmail.co m,GMD-JHENAIDAH,"জিএমডি, ঝিনাইদহ","GMD, Jhenaidah",Khulna,Jashore 132/33 KV Grid Substation,GENERAL,ACTIVE,2026-2028,5
132,PGD-2026-0132,941,DIP-2026-941,975,মোহাম্মদ হানিফ মিয়া,,উপ-সহকারী প্রকৌশলী,Sub-Assistant Engineer,hanifpgcbeee@gmail.com,hanifpgcbeee@gmail.com,GMD-DHK-EAST,"জিএমডি, ঢাকা (পূর্ব)","GMD, Dhaka (East)",Dhaka,"নির্বাহী প্রকৌশলীর কার্যালয়, জিএমডি-নরসিংদী",GENERAL,ACTIVE,2026-2028,5
133,PGD-2026-0133,057,DIP-2026-057,990,Md Shaheed ullah,Md Shaheed ullah,সহকারী প্রকৌশলী,Assistant Engineer,shaheed7359@gmail.com,shaheed7359@gmail.com,GMD-DHK-EAST,"জিএমডি, ঢাকা (পূর্ব)","GMD, Dhaka (East)",Dhaka,Bhulta 400/230 kv substation.,GENERAL,ACTIVE,2026-2028,5
134,PGD-2026-0134,50,DIP-2026-50,995,আব্দুল্লাহ্-আল-শাফিউল কাফি,,সহকারী প্রকৌশলী,Assistant Engineer,kafi.pgcb@gmail..com,kafi.pgcb@gmail..com,GMD-DHK-METRO,ঢাকা মহানগর,Dhaka Metropolitan,Dhaka,"জিএমডি,ঢাকা(উত্তর -পশ্চিম), পাওয়ার গ্রিড।",GENERAL,ACTIVE,2026-2028,5
135,PGD-2026-0135,258,DIP-2026-258,996,Mohammad Moniruzzaman,Mohammad Moniruzzaman,উপ-সহকারী প্রকৌশলী,Sub-Assistant Engineer,sidratul2011@gmail.com,sidratul2011@gmail.com,GMD-BOGURA,"জিএমডি, বগুড়া","GMD, Bogura",Rajshahi,Bogura 230/132kv Grid Substation,GENERAL,ACTIVE,2026-2028,5
136,PGD-2026-0136,259,DIP-2026-259,997,নিবেদিতা দেব,,উপ-সহকারী প্রকৌশলী,Sub-Assistant Engineer,remain23nov@gmail.com,remain23nov@ gmail.com,GMD-DHK-METRO,ঢাকা মহানগর,Dhaka Metropolitan,Dhaka,"আফতাবনগর, ঢাকা",GENERAL,ACTIVE,2026-2028,5
137,PGD-2026-0137,405,DIP-2026-405,998,Salina Begum,Salina Begum,সহকারী প্রকৌশলী,Assistant Engineer,salinatrtudd2@gmail.com,salinatrtudd2@gmail.com,GMD-DHK-METRO,ঢাকা মহানগর,Dhaka Metropolitan,Dhaka,PGNSP,GENERAL,ACTIVE,2026-2028,5
138,PGD-2026-0138,1031,DIP-2026-1031,999,ফারহানা নাজনীন,,সহকারী প্রকৌশলী,Assistant Engineer,sehvdc@gmail.com,sehvdc@gmail.com,GMD-ISHWARDI,"জিএমডি, ঈশ্বরদী","GMD, Ishwardi",Rajshahi,HVDC Circle,GENERAL,ACTIVE,2026-2028,5
139,PGD-2026-0139,175,DIP-2026-175,1001,Md Hafizur Rahman,Md Hafizur Rahman,সহকারী প্রকৌশলী,Assistant Engineer,hafizpgcb@gmail.com,hafizpgcb@gmail.com,GMD-CUMILLA,"জিএমডি, কুমিল্লা","GMD, Cumilla",Cumilla,Noakhali.,GENERAL,ACTIVE,2026-2028,5
140,PGD-2026-0140,523,DIP-2026-523,1002,সাহাদাত হোসেন,,সহকারী প্রকৌশলী,Assistant Engineer,sahadathossainpgcb@gmail.com,sahadathossainpgcb@gmail.c om,GMD-KHULNA,"জিএমডি, খুলনা","GMD, Khulna",Khulna,এএলডিসি খুলনা,GENERAL,ACTIVE,2026-2028,5
141,PGD-2026-0141,153,DIP-2026-153,1003,Md Nasirul haq,Md Nasirul haq,উপ-সহকারী প্রকৌশলী,Sub-Assistant Engineer,nasirul1981@gmail.com,nasirul1981@gmail.com,GMD-KHULNA,"জিএমডি, খুলনা","GMD, Khulna",Khulna,132/33kv khulna central grid sub- station,GENERAL,ACTIVE,2026-2028,5
142,PGD-2026-0142,73,DIP-2026-73,1004,Sujit kumer sarker,Sujit kumer sarker,সহকারী প্রকৌশলী,Assistant Engineer,sujit74pgcb@gmail.com,sujit74pgcb@gmail.com,GMD-SRIMANGAL,"জিএমডি, শ্রীমঙ্গল","GMD, Srimangal",Sylhet,Bibiyana 400/230kV Grid Sub- station.,GENERAL,ACTIVE,2026-2028,5
143,PGD-2026-0143,64,DIP-2026-64,1006,মোহাম্মদ জাকিরুল ইসলাম,,সহকারী প্রকৌশলী,Assistant Engineer,jakirulmym@gmail.com,jakirulmym@gmail.com,GMD-DHK-EAST,"জিএমডি, ঢাকা (পূর্ব)","GMD, Dhaka (East)",Dhaka,BAJITPUR 132/33kV GRID SUB- STATION,GENERAL,ACTIVE,2026-2028,5
144,PGD-2026-0144,56,DIP-2026-56,1007,মো: অছিকাল আজাদ,,সহকারী প্রকৌশলী,Assistant Engineer,osikalazad1979@gmail.com,osikalazad1979,GMD-BARISHAL,"জিএমডি, বরিশাল","GMD, Barishal",Barishal,বাকেরগঞ্জ ১৩২ কেভি গ্রিড উপকেন্দ্র,GENERAL,ACTIVE,2026-2028,5
145,PGD-2026-0145,219,DIP-2026-219,1008,Shahanaz parvin,Shahanaz parvin,সহকারী প্রকৌশলী,Assistant Engineer,shahanaz.golopgcb@gmail.com,Shahanaz.golopgcb@gmail.co m,PROJECT-BRANCH,প্রকল্প শাখা,Project Branch,Headquarters / Projects,PGNSP( G 2 G ),GENERAL,ACTIVE,2026-2028,5
146,PGD-2026-0146,539,DIP-2026-539,1009,নূরুল হুদা,,সহকারী প্রকৌশলী,Assistant Engineer,hudagub@gmail.com,hudagub@gmail.com,PROJECT-BRANCH,প্রকল্প শাখা,Project Branch,Headquarters / Projects,পিজিএনএস ( জিটুজি) প্রকল্প,GENERAL,ACTIVE,2026-2028,6
147,PGD-2026-0147,188,DIP-2026-188,1012,আনিছুল ইসলাম মৃধা,,সহকারী প্রকৌশলী,Assistant Engineer,anispgcb79@gmail.com,anispgcb79@gmail.com,GMD-SRIMANGAL,"জিএমডি, শ্রীমঙ্গল","GMD, Srimangal",Sylhet,শ্রীমঙ্গল ১৩২/৩৩কেভি গ্রিড উপকেন্দ্রে,GENERAL,ACTIVE,2026-2028,6
148,PGD-2026-0148,220,DIP-2026-220,1014,Azmeri Faruqui,Azmeri Faruqui,সহকারী প্রকৌশলী,Assistant Engineer,azmerifaruqui77@gmail.com,azmerifaruqui77@gmail.com,PROJECT-BRANCH,প্রকল্প শাখা,Project Branch,Headquarters / Projects,"Project,-2",GENERAL,ACTIVE,2026-2028,6
149,PGD-2026-0149,462,DIP-2026-462,1017,MD. Shaharul Islam,MD. Shaharul Islam,উপ-সহকারী প্রকৌশলী,Sub-Assistant Engineer,shaharul.pgcb1@gmail.com,shaharul.pgcb1@gmail.com,GMD-DINAJPUR,"জিএমডি, দিনাজপুর","GMD, Dinajpur",Rangpur,Barapukuria 230/132/33 kv grid sub station,GENERAL,ACTIVE,2026-2028,6
150,PGD-2026-0150,136,DIP-2026-136,1019,মোঃ আব্দুল হালিম,,উপ-সহকারী প্রকৌশলী,Sub-Assistant Engineer,halimraj1981@gmail.com,halimraj1981@gmail.com,GMD-RAJSHAHI,"জিএমডি, রাজশাহী","GMD, Rajshahi",Rajshahi,রাজশাহী ১৩২/৩৩ কেভি গ্রিড উপকেন্দ্র,GENERAL,ACTIVE,2026-2028,6
151,PGD-2026-0151,466,DIP-2026-466,1020,MD.SIDDIQUE SHARIFUL ISLAM,MD.SIDDIQUE SHARIFUL ISLAM,উপ-সহকারী প্রকৌশলী,Sub-Assistant Engineer,siddiqueshariful49@gmail.com,siddiqueshariful49@gmail.co m,GMD-RANGPUR,"জিএমডি, রংপুর","GMD, Rangpur",Rangpur,Rangpur 132/33 kv Grid Sub- Station,GENERAL,ACTIVE,2026-2028,6
152,PGD-2026-0152,701,DIP-2026-701,1021,Kazi kabor ahmef,Kazi kabor ahmef,সহকারী প্রকৌশলী,Assistant Engineer,kazikabir575@gmail.com,Kazikabir575@gmail.com,GMD-DHK-METRO,ঢাকা মহানগর,Dhaka Metropolitan,Dhaka,Nabinagar 132/33 kv grid substation,GENERAL,ACTIVE,2026-2028,6
153,PGD-2026-0153,217,DIP-2026-217,1022,MASTAZEDUL HOSSAIN QUADERI,MASTAZEDUL HOSSAIN QUADERI,উপ-সহকারী প্রকৌশলী,Sub-Assistant Engineer,kaderipgcb230@gmail.com,kaderipgcb230@gmail.com,GMD-DHK-METRO,ঢাকা মহানগর,Dhaka Metropolitan,Dhaka,SATMOSJID 132/33KV GRID SUBSTATIONS.,GENERAL,ACTIVE,2026-2028,6
154,PGD-2026-0154,215,DIP-2026-215,1023,A K M Arifur Rahman,A K M Arifur Rahman,উপ-সহকারী প্রকৌশলী,Sub-Assistant Engineer,ar00rahman@gmail.com,ar00rahman@gmail.com,GMD-DHK-METRO,ঢাকা মহানগর,Dhaka Metropolitan,Dhaka,Cantonment 132/33 KV GIS Grid Substitution.,GENERAL,ACTIVE,2026-2028,6
155,PGD-2026-0155,543,DIP-2026-543,1024,Md. Serajul Islam,Md. Serajul Islam,সহকারী প্রকৌশলী,Assistant Engineer,serajulislam97220@gmail.com,serajulislam97220@gmail.co m,GMD-DHK-NORTH,"জিএমডি, ঢাকা (উত্তর)","GMD, Dhaka (North)",Dhaka,"GMD, Kaliakair Office",GENERAL,ACTIVE,2026-2028,6
156,PGD-2026-0156,346,DIP-2026-346,1028,বাপন কুমার সরকার,,উপ-সহকারী প্রকৌশলী,Sub-Assistant Engineer,bks.pgcb@gmail.com,bks.pgcb@gmail.com,PROJECT-BRANCH,প্রকল্প শাখা,Project Branch,Headquarters / Projects,CEEGSTL Project,GENERAL,ACTIVE,2026-2028,6
157,PGD-2026-0157,49,DIP-2026-49,1029,Mohammed Jamal Ullah,Mohammed Jamal Ullah,উপ-সহকারী প্রকৌশলী,Sub-Assistant Engineer,jamal.pgcb@gmail.com,jamal.pgcb@gmail.com,GMD-DHK-METRO,ঢাকা মহানগর,Dhaka Metropolitan,Dhaka,"Maniknagar 230KV GIS Grid Substation, GMD, Dhaka-Central.",GENERAL,ACTIVE,2026-2028,6
158,PGD-2026-0158,342,DIP-2026-342,1031,মুহাম্মদ জাহাঙ্গীর আলম,,উপ-সহকারী প্রকৌশলী,Sub-Assistant Engineer,jahangir.pgcb2004@gmail.com,Jahangir.pgcb2004@gmail.co m,GMD-DHK-METRO,ঢাকা মহানগর,Dhaka Metropolitan,Dhaka,Savar Grid,GENERAL,ACTIVE,2026-2028,6
159,PGD-2026-0159,341,DIP-2026-341,1033,মোহাম্মদ দেলোয়ার হোসেন,,উপ-সহকারী প্রকৌশলী,Sub-Assistant Engineer,delwarpgcb@gmail.com,delwarpgcb@gmail.com,PROJECT-BRANCH,প্রকল্প শাখা,Project Branch,Headquarters / Projects,দক্ষিণ-পশ্চিমাঞ্চলীয় ট্রান্সমিসন গ্রিড সম্প্রসারণ প্রকল্প,GENERAL,ACTIVE,2026-2028,6
160,PGD-2026-0160,547,DIP-2026-547,1034,মাহাবুব হোসেন হাওলাদার,,উপ-সহকারী প্রকৌশলী,Sub-Assistant Engineer,mahabub896@yahoo.com,mahabub896@yahoo.com,GMD-DHK-METRO,ঢাকা মহানগর,Dhaka Metropolitan,Dhaka,রামপুরা ২৩০/১৩২ কেভি গ্রিড উপকেন্দ্র,GENERAL,ACTIVE,2026-2028,6
161,PGD-2026-0161,1162,DIP-2026-1162,1038,Md.Asaduzzaman,Md.Asaduzzaman,উপ-সহকারী প্রকৌশলী,Sub-Assistant Engineer,masdpgcb@gmail.com,masdpgcb@gmail.com,GMD-DHK-NORTH,"জিএমডি, ঢাকা (উত্তর)","GMD, Dhaka (North)",Dhaka,Joydebpur 132/33 kV Grid Substation .,GENERAL,ACTIVE,2026-2028,6
162,PGD-2026-0162,68,DIP-2026-68,1039,Md. Moniruzzaman,Md. Moniruzzaman,উপ-সহকারী প্রকৌশলী,Sub-Assistant Engineer,mzaman19730@gmail.com,mzaman19730@gmail.com,GMD-MYMENSINGH,"জিএমডি, ময়মনসিংহ","GMD, Mymensingh",Mymensingh,Mymensingh 132/33 kv grid substation.,GENERAL,ACTIVE,2026-2028,6
163,PGD-2026-0163,541,DIP-2026-541,1041,Md. Samsul Haque,Md. Samsul Haque,উপ-সহকারী প্রকৌশলী,Sub-Assistant Engineer,haque_pgcb@gmail.com,haque_pgcb@gmail.com,GMD-DHK-NORTH,"জিএমডি, ঢাকা (উত্তর)","GMD, Dhaka (North)",Dhaka,"Tongi 230/132/33 kV Grid Substation, GMD, Dhaka-North",GENERAL,ACTIVE,2026-2028,6
164,PGD-2026-0164,411,DIP-2026-411,1042,কাজী রাশেদুল ইসলাম,,উপ-সহকারী প্রকৌশলী,Sub-Assistant Engineer,k.rashedul@gmail.com,k.rashedul@gmail.com,GMD-DHK-METRO,ঢাকা মহানগর,Dhaka Metropolitan,Dhaka,সাতমসজিদ ১৩২/৩৩ কেভি জিআইএস গ্রিড উপকেন্দ্র,GENERAL,ACTIVE,2026-2028,6
165,PGD-2026-0165,230,DIP-2026-230,1043,Md Joynal Abedin,Md Joynal Abedin,উপ-সহকারী প্রকৌশলী,Sub-Assistant Engineer,joynalsaepgcb@gmal.com,joynalsaepgcb@gmal.com,GMD-DHK-NORTH,"জিএমডি, ঢাকা (উত্তর)","GMD, Dhaka (North)",Dhaka,Mirpur Grid SS,GENERAL,ACTIVE,2026-2028,6
166,PGD-2026-0166,195,DIP-2026-195,1044,একেএম শরিফুল ইসলাম,,উপ-সহকারী প্রকৌশলী,Sub-Assistant Engineer,shariful.pgcb@yahoo.com,shariful.pgcb@yahoo.com,GMD-RANGPUR,"জিএমডি, রংপুর","GMD, Rangpur",Rangpur,রংপুর ১৩২/৩৩ কেভি গ্রিড উপকেন্দ্র,GENERAL,ACTIVE,2026-2028,6
167,PGD-2026-0167,491,DIP-2026-491,1045,Md. Faruk Hossain,Md. Faruk Hossain,উপ-সহকারী প্রকৌশলী,Sub-Assistant Engineer,faruk.powergrid@gmail.com,faruk.powergrid@gmail.com,GMD-DHK-METRO,ঢাকা মহানগর,Dhaka Metropolitan,Dhaka,মিরপুর গ্রিড উপকেন্দ্র,GENERAL,ACTIVE,2026-2028,6
168,PGD-2026-0168,414,DIP-2026-414,1046,মোঃ ফরিদুল ইসলাম খান,,উপ-সহকারী প্রকৌশলী,Sub-Assistant Engineer,faridtahmid@gmail.com,faridtahmid@gmail.com,GMD-DHK-NORTH,"জিএমডি, ঢাকা (উত্তর)","GMD, Dhaka (North)",Dhaka,জয়দেবপুর ১৩২/৩৩কেভি গ্রিড উপকেন্দ্রে,GENERAL,ACTIVE,2026-2028,6
169,PGD-2026-0169,762,DIP-2026-762,1050,মোহাম্মদ আলাউদ্দীন,,উপ-সহকারী প্রকৌশলী,Sub-Assistant Engineer,alauddinchy@gmail.com,alauddinchy@gmail.com,GMD-CTG-CENTRAL,"জিএমডি, চট্টগ্রাম (সেন্ট্রাল)","GMD, Chattogram (Central)",Chattogram,"জুলধা ১৩২/৩৩ কেভি গ্রিড উপকেন্দ্র, জিএমডি চট্টগ্রাম (সেন্ট্রাল)",GENERAL,ACTIVE,2026-2028,6
170,PGD-2026-0170,83,DIP-2026-83,1052,Mohammed Saifuddin,Mohammed Saifuddin,উপ-সহকারী প্রকৌশলী,Sub-Assistant Engineer,saif.uddinpgcb@gmail.com,saif.uddinpgcb@gmail,PROJECT-BRANCH,প্রকল্প শাখা,Project Branch,Headquarters / Projects,"ESPNCA Project, lift-13, Head office,Aftabnagar, Dhaka",GENERAL,ACTIVE,2026-2028,6
171,PGD-2026-0171,761,DIP-2026-761,1055,সঞ্জয় কুমার রায়,,উপ-সহকারী প্রকৌশলী,Sub-Assistant Engineer,wantbeforedie@gmail.com,wantbeforedie@gmail.com,GMD-RANGPUR,"জিএমডি, রংপুর","GMD, Rangpur",Rangpur,লালমনিরহাট ১৩২/৩৩ কেভি গ্রিড সাব-স্টেশন,GENERAL,ACTIVE,2026-2028,6
172,PGD-2026-0172,505,DIP-2026-505,1056,মোঃ শাহাজাদা,,উপ-সহকারী প্রকৌশলী,Sub-Assistant Engineer,shahazada2010@gmail.com,shahazada2010@gmail.com,GMD-MYMENSINGH,"জিএমডি, ময়মনসিংহ","GMD, Mymensingh",Mymensingh,কিশোরগঞ্জ গ্রিড উপকেন্দ্র,GENERAL,ACTIVE,2026-2028,6
173,PGD-2026-0173,301,DIP-2026-301,1057,Md.Rezaul Karim Sheikh,Md.Rezaul Karim Sheikh,উপ-সহকারী প্রকৌশলী,Sub-Assistant Engineer,rezaul212@gmail.com,rezaul212@gmail.com,GMD-DHK-NORTH,"জিএমডি, ঢাকা (উত্তর)","GMD, Dhaka (North)",Dhaka,133/33 KV Mirpur Grid Substation,GENERAL,ACTIVE,2026-2028,6
174,PGD-2026-0174,477,DIP-2026-477,1058,মোঃ আসাদুজ্জামান জুয়েল,,উপ-সহকারী প্রকৌশলী,Sub-Assistant Engineer,jewel.pgcb06@gmail.com,jewel.pgcb06@gmail. com,GMD-DINAJPUR,"জিএমডি, দিনাজপুর","GMD, Dinajpur",Rangpur,ঠাকুরগাঁও ১৩২/৩৩ কেভি গ্রিড উপকেন্দ্র।,GENERAL,ACTIVE,2026-2028,6
175,PGD-2026-0175,576,DIP-2026-576,1059,Md. Mahmudul Hassan,Md. Mahmudul Hassan,উপ-সহকারী প্রকৌশলী,Sub-Assistant Engineer,eng.mahmudul.pgcb@gmail.com,eng.mahmudul.pgcb@gmail.c om,GMD-MYMENSINGH,"জিএমডি, ময়মনসিংহ","GMD, Mymensingh",Mymensingh,Sherpur 132/33kv grid sub-station,GENERAL,ACTIVE,2026-2028,7
176,PGD-2026-0176,586,DIP-2026-586,1060,মুসলিম উদ্দিন,,উপ-সহকারী প্রকৌশলী,Sub-Assistant Engineer,muslim.pgcb@gmail.com,muslim.pgcb@gmail.com,GMD-CTG-CENTRAL,"জিএমডি, চট্টগ্রাম (সেন্ট্রাল)","GMD, Chattogram (Central)",Chattogram,"কালুরঘাট ১৩২/৩৩ কেভি জিআইএস গ্রিড উপকেন্দ্র , জিএমডি চট্টগ্রাম ( সেন্ট্রাল)",GENERAL,ACTIVE,2026-2028,7
177,PGD-2026-0177,368,DIP-2026-368,1061,Md. Ariful Islam,Md. Ariful Islam,উপ-সহকারী প্রকৌশলী,Sub-Assistant Engineer,arifpgcb83@gmail.com,arifpgcb83@gmail.com,GMD-DHK-NORTH,"জিএমডি, ঢাকা (উত্তর)","GMD, Dhaka (North)",Dhaka,Joydebpur 132/33 kV Grid Substation.,GENERAL,ACTIVE,2026-2028,7
178,PGD-2026-0178,163,DIP-2026-163,1062,মোঃজিকো হোসাইন,,উপ-সহকারী প্রকৌশলী,Sub-Assistant Engineer,md.jico.hossain@gmail.com,md.jico.hossain@gmail.com,GMD-BARISHAL,"জিএমডি, বরিশাল","GMD, Barishal",Barishal,বরিশাল ২৩০/১৩২ কেভি গ্রিড উপকেন্দ্র।,GENERAL,ACTIVE,2026-2028,7
179,PGD-2026-0179,584,DIP-2026-584,1063,Md.Mejbaul Hasan,Md.Mejbaul Hasan,উপ-সহকারী প্রকৌশলী,Sub-Assistant Engineer,sojolduet12@gmail.com,sojolduet12@gmail.com,GMD-RANGPUR,"জিএমডি, রংপুর","GMD, Rangpur",Rangpur,Rangpur 132/33 Kv Grid Substation,GENERAL,ACTIVE,2026-2028,7
180,PGD-2026-0180,909,DIP-2026-909,1064,মনির উদ্দিন আহমেদ,,উপ-সহকারী প্রকৌশলী,Sub-Assistant Engineer,muamunem@gmail.com,muamunem@gmail.com,GMD-DHK-METRO,ঢাকা মহানগর,Dhaka Metropolitan,Dhaka,১৩২/৩৩কেভি ক্যান্টনমেন্ট জিআইএস গ্রিড উপকেন্দ্র,GENERAL,ACTIVE,2026-2028,7
181,PGD-2026-0181,294,DIP-2026-294,1065,Md. Gofirul Islam,Md. Gofirul Islam,উপ-সহকারী প্রকৌশলী,Sub-Assistant Engineer,gofirul@gmail.com,gofirul@gmail.com,GMD-RAJSHAHI,"জিএমডি, রাজশাহী","GMD, Rajshahi",Rajshahi,Rajshahi 230/132/33kv Grid Sub- station.,GENERAL,ACTIVE,2026-2028,7
182,PGD-2026-0182,23,DIP-2026-23,1069,Md. Samsul Monower,Md. Samsul Monower,উপ-সহকারী প্রকৌশলী,Sub-Assistant Engineer,mssabuj@yahoo.com,mssabuj@yahoo.com,GMD-ISHWARDI,"জিএমডি, ঈশ্বরদী","GMD, Ishwardi",Rajshahi,"Kushtia 132/33 KV grid sub station, kushtia",GENERAL,ACTIVE,2026-2028,7
183,PGD-2026-0183,186,DIP-2026-186,1072,মোঃ নজরুল ইসলাম,,উপ-সহকারী প্রকৌশলী,Sub-Assistant Engineer,nazrul2425@gmail.com,nazrul2425@gmail.com,GMD-SRIMANGAL,"জিএমডি, শ্রীমঙ্গল","GMD, Srimangal",Sylhet,১৩২/৩৩ কেভি সিলেট গ্রিড উপকেন্দ্র।,GENERAL,ACTIVE,2026-2028,7
184,PGD-2026-0184,223,DIP-2026-223,1073,মো: রেজাউল ইসলাম,,উপ-সহকারী প্রকৌশলী,Sub-Assistant Engineer,rislam013@gmail.com,rislam013@gmail.com,GMD-SRIMANGAL,"জিএমডি, শ্রীমঙ্গল","GMD, Srimangal",Sylhet,আশুগঞ্জ ১৩২/৩৩ কেভি গ্রিড উপকেন্দ্র,GENERAL,ACTIVE,2026-2028,7
185,PGD-2026-0185,538,DIP-2026-538,1074,Md. Jewel Alam,Md. Jewel Alam,উপ-সহকারী প্রকৌশলী,Sub-Assistant Engineer,jewelalam1976@gmail.com,jewelalam1976@gmail.com,GMD-DHK-NORTH,"জিএমডি, ঢাকা (উত্তর)","GMD, Dhaka (North)",Dhaka,"Tongi 230/132/33 kV Grid Substation, GMD, Dhaka-North",GENERAL,ACTIVE,2026-2028,7
186,PGD-2026-0186,583,DIP-2026-583,1075,মো: মাইনুল ইসলাম,,উপ-সহকারী প্রকৌশলী,Sub-Assistant Engineer,mynul.pgcb@gmail.com,mynul.pgcb@gmail.com,GMD-DHK-METRO,ঢাকা মহানগর,Dhaka Metropolitan,Dhaka,"নির্বাহী প্রকৌশলীর দপ্তর, জিএমডি, ঢাকা (উত্তর- পশ্চিম), শের-ই বাংলা নগর আগারগাঁও ,ঢাকা-",GENERAL,ACTIVE,2026-2028,7
187,PGD-2026-0187,247,DIP-2026-247,1076,মোঃ আরমানুল ইসলাম,,উপ-সহকারী প্রকৌশলী,Sub-Assistant Engineer,armanulislam4205@gmail.com,armanulislam4205@gmail.co m,GMD-DHK-METRO,ঢাকা মহানগর,Dhaka Metropolitan,Dhaka,Maniknagor 230/132 kv GIS Grid Sub station,GENERAL,ACTIVE,2026-2028,7
188,PGD-2026-0188,300,DIP-2026-300,1077,Khokan Miah,Khokan Miah,উপ-সহকারী প্রকৌশলী,Sub-Assistant Engineer,khokanmiah044@gmail.com,khokanmiah044@gmail.com,GMD-CTG-CENTRAL,"জিএমডি, চট্টগ্রাম (সেন্ট্রাল)","GMD, Chattogram (Central)",Chattogram,Shahmirpur 132/33 kV Grid Sub- Station,GENERAL,ACTIVE,2026-2028,7
189,PGD-2026-0189,530,DIP-2026-530,1078,Mohammad Saifur Rahman Shaheen,Mohammad Saifur Rahman Shaheen,উপ-সহকারী প্রকৌশলী,Sub-Assistant Engineer,shaheen1400@gmail.com,shaheen1400@gmail.com,GMD-DHK-NORTH,"জিএমডি, ঢাকা (উত্তর)","GMD, Dhaka (North)",Dhaka,Munshiganj 132KV Grid Substation,GENERAL,ACTIVE,2026-2028,7
190,PGD-2026-0190,71,DIP-2026-71,1081,Mohammed Abdus Salim,Mohammed Abdus Salim,উপ-সহকারী প্রকৌশলী,Sub-Assistant Engineer,yes@gmail.com,Yes,GMD-MYMENSINGH,"জিএমডি, ময়মনসিংহ","GMD, Mymensingh",Mymensingh,"132/33Kv Mymensingh Grid Sub- Station, GMD, Mymensingh.",GENERAL,ACTIVE,2026-2028,7
191,PGD-2026-0191,439,DIP-2026-439,1084,মোঃ রিয়াজউদ্দিন,,উপ-সহকারী প্রকৌশলী,Sub-Assistant Engineer,reajuddin80@gmail.com,reajuddin80@gmail.com,GMD-DINAJPUR,"জিএমডি, দিনাজপুর","GMD, Dinajpur",Rangpur,পর্বসাদিপুর ২৩০/১৩২কেভি গ্রিড উপকেন্দ্র,GENERAL,ACTIVE,2026-2028,7
192,PGD-2026-0192,271,DIP-2026-271,1085,MOHAMMAD MAHMUDUL HAQUE,MOHAMMAD MAHMUDUL HAQUE,উপ-সহকারী প্রকৌশলী,Sub-Assistant Engineer,masumpgcb@gmail.com,masumpgcb@gmail.com,PROJECT-BRANCH,প্রকল্প শাখা,Project Branch,Headquarters / Projects,Power Grid Network Strengthening Project (G to G),GENERAL,ACTIVE,2026-2028,7
193,PGD-2026-0193,492,DIP-2026-492,1087,মোঃ কামরুল হাসান,,উপ-সহকারী প্রকৌশলী,Sub-Assistant Engineer,kamrul.pgcb06@gmail.com,kamrul.pgcb06@gmail.com,GMD-KHULNA,"জিএমডি, খুলনা","GMD, Khulna",Khulna,"গল্লামারী ১৩২/৩৩কেভি জিআইএস উপকেন্দ্র, খুলনা(দ)।",GENERAL,ACTIVE,2026-2028,7
194,PGD-2026-0194,263,DIP-2026-263,1088,মোঃ জাকির হোসেন,,উপ-সহকারী প্রকৌশলী,Sub-Assistant Engineer,jakirh510@gmail.com,jakirh510@gmail.com,GMD-DHK-METRO,ঢাকা মহানগর,Dhaka Metropolitan,Dhaka,হাসনাবাদ ২৩০/১৩২ কেভি গ্রিড উপকেন্দ্র,GENERAL,ACTIVE,2026-2028,7
195,PGD-2026-0195,503,DIP-2026-503,1089,S.M.Sazzadul Kabir,S.M.Sazzadul Kabir,উপ-সহকারী প্রকৌশলী,Sub-Assistant Engineer,sazzadulkabir1976@gmail.com,sazzadulkabir1976@gmail.co m,GMD-KHULNA,"জিএমডি, খুলনা","GMD, Khulna",Khulna,Goalpara Grid substation.Khulna.,GENERAL,ACTIVE,2026-2028,7
196,PGD-2026-0196,33,DIP-2026-33,1092,Md. Abdullah,Md. Abdullah,উপ-সহকারী প্রকৌশলী,Sub-Assistant Engineer,abdullahpgcb01092@gmail.com,abdullahpgcb01092@gmail.c om,GMD-DHK-METRO,ঢাকা মহানগর,Dhaka Metropolitan,Dhaka,132/33 kv Kallyanpur grid s/s,GENERAL,ACTIVE,2026-2028,7
197,PGD-2026-0197,534,DIP-2026-534,1093,IKBAL HOSSAIN,IKBAL HOSSAIN,উপ-সহকারী প্রকৌশলী,Sub-Assistant Engineer,ik.powergrid@gmail.com,ik.powergrid@gmail.com,GMD-DHK-METRO,ঢাকা মহানগর,Dhaka Metropolitan,Dhaka,MIS,GENERAL,ACTIVE,2026-2028,7
198,PGD-2026-0198,535,DIP-2026-535,1095,মোসা:সালমা খাতুন,,উপ-সহকারী প্রকৌশলী,Sub-Assistant Engineer,salmamahbub57@gmail.com,salmamahbub57@gmail.com,GMD-DHK-NORTH,"জিএমডি, ঢাকা (উত্তর)","GMD, Dhaka (North)",Dhaka,132/33KV New Tongi S/S,GENERAL,ACTIVE,2026-2028,7
199,PGD-2026-0199,740,DIP-2026-740,1096,মোঃ আয়নাল হক,,উপ-সহকারী প্রকৌশলী,Sub-Assistant Engineer,aynal.pgcb@gmail.com,aynal.pgcb@gmail.com,GMD-RAJSHAHI,"জিএমডি, রাজশাহী","GMD, Rajshahi",Rajshahi,রাজশাহী ২৩০/১৩২/৩৩ কেভি গ্রিড উপকেন্দ্র,GENERAL,ACTIVE,2026-2028,7
200,PGD-2026-0200,358,DIP-2026-358,1097,মোয়াজ্জেম হোসেন,,উপ-সহকারী প্রকৌশলী,Sub-Assistant Engineer,moazzempgcb@gmail.com,moazzempgcb@gmail.com,GMD-MYMENSINGH,"জিএমডি, ময়মনসিংহ","GMD, Mymensingh",Mymensingh,132KV Kishoreganj Grid Sub- station,GENERAL,ACTIVE,2026-2028,7
201,PGD-2026-0201,771,DIP-2026-771,1098,মোঃ ইকবাল হোসেন,,উপ-সহকারী প্রকৌশলী,Sub-Assistant Engineer,iqbalengrpgcb@gmail.com,iqbalengrpgcb@gmail.com,GMD-DHK-METRO,ঢাকা মহানগর,Dhaka Metropolitan,Dhaka,নবাবগঞ্জ ১৩২/৩৩কেভি গ্রিড উপকেন্দ্র,GENERAL,ACTIVE,2026-2028,7
202,PGD-2026-0202,506,DIP-2026-506,1100,Md. Humayun Kabir,Md. Humayun Kabir,উপ-সহকারী প্রকৌশলী,Sub-Assistant Engineer,humayun.trtud@gmail.com,humayun.trtud@gmail.com,GMD-KHULNA,"জিএমডি, খুলনা","GMD, Khulna",Khulna,"TRTUD, KHULNA",GENERAL,ACTIVE,2026-2028,7
203,PGD-2026-0203,460,DIP-2026-460,1101,মোঃ মাইদুল ইসলাম,,উপ-সহকারী প্রকৌশলী,Sub-Assistant Engineer,maidul.jam@gmail.com,Maidul.jam@gmail.com,GMD-RANGPUR,"জিএমডি, রংপুর","GMD, Rangpur",Rangpur,রংপুর ১৩২/৩৩ কেভি গ্রিড উপকেন্দ্র,GENERAL,ACTIVE,2026-2028,7
204,PGD-2026-0204,489,DIP-2026-489,1102,MD ABDUR RAB MIAH,MD ABDUR RAB MIAH,উপ-সহকারী প্রকৌশলী,Sub-Assistant Engineer,abdurrabmiah03@gmail.com,abdurrabmiah03@gmail.com,GMD-KHULNA,"জিএমডি, খুলনা","GMD, Khulna",Khulna,Gollamari 132/33kv GIS Grid Substation,GENERAL,ACTIVE,2026-2028,8
205,PGD-2026-0205,137,DIP-2026-137,1105,দেবাশীষ কুন্ডু,,উপ-সহকারী প্রকৌশলী,Sub-Assistant Engineer,kundudev84@gmail.com,kundudev84@gmail.com,GMD-BOGURA,"জিএমডি, বগুড়া","GMD, Bogura",Rajshahi,বগুড়া ৪০০/২৩০কেভি জিআইএস গ্রিড উপকেন্দ্র,GENERAL,ACTIVE,2026-2028,8
206,PGD-2026-0206,449,DIP-2026-449,1106,মোহাম্মদ রিয়াজ হোসেন,,উপ-সহকারী প্রকৌশলী,Sub-Assistant Engineer,reazpgcb1983@gmail.com,reazpgcb1983@gmail.com,GMD-BARISHAL,"জিএমডি, বরিশাল","GMD, Barishal",Barishal,পটুয়াখালী 132/33 কেভি গ্রিড উপকেন্দ্র,GENERAL,ACTIVE,2026-2028,8
207,PGD-2026-0207,419,DIP-2026-419,1107,Md. Zaman Ali,Md. Zaman Ali,উপ-সহকারী প্রকৌশলী,Sub-Assistant Engineer,md.zaman7498@gmail.com,md.zaman7498@gmail.com,GMD-DHK-NORTH,"জিএমডি, ঢাকা (উত্তর)","GMD, Dhaka (North)",Dhaka,Aminbazar 400/230/132 kV Grid Substation,GENERAL,ACTIVE,2026-2028,8
208,PGD-2026-0208,478,DIP-2026-478,1109,স্বপন কুমার দাস,,উপ-সহকারী প্রকৌশলী,Sub-Assistant Engineer,swapan_bd4@yahoo.com,swapan_bd4@yahoo.com,GMD-BOGURA,"জিএমডি, বগুড়া","GMD, Bogura",Rajshahi,নওগাঁ ১৩২/৩৩ কে ভি গ্রিড উপ কেন্দ্র,GENERAL,ACTIVE,2026-2028,8
209,PGD-2026-0209,610,DIP-2026-610,1110,মোহাম্মাদেনেল মুনতাকা,,উপ-সহকারী প্রকৌশলী,Sub-Assistant Engineer,munduet@gmail.com,munduet@gmail,GMD-DHK-METRO,ঢাকা মহানগর,Dhaka Metropolitan,Dhaka,কল্লানপুর ১৩২/৩৩ কেভি গ্রিড উপকেন্দ্র,GENERAL,ACTIVE,2026-2028,8
210,PGD-2026-0210,325,DIP-2026-325,1111,Mamun Ar Rashid,Mamun Ar Rashid,উপ-সহকারী প্রকৌশলী,Sub-Assistant Engineer,marpgcb80@gmail.com,marpgcb80@gmail.com,GMD-FARIDPUR,"জিএমডি, ফরিদপুর","GMD, Faridpur",Dhaka,Gopalganj 132kv grid ss,GENERAL,ACTIVE,2026-2028,8
211,PGD-2026-0211,359,DIP-2026-359,1113,মোঃ জাকির হোসেন,,উপ-সহকারী প্রকৌশলী,Sub-Assistant Engineer,pgcbzakir@gmail.com,pgcbzakir@gmail.com,GMD-MYMENSINGH,"জিএমডি, ময়মনসিংহ","GMD, Mymensingh",Mymensingh,জামালপুর ১৩২/৩৩কেভি গ্রিড উপকেন্দ্র,GENERAL,ACTIVE,2026-2028,8
212,PGD-2026-0212,305,DIP-2026-305,1115,বিকিরন চাকমা,,উপ-সহকারী প্রকৌশলী,Sub-Assistant Engineer,bikirancse@gmail.com,bikirancse@gmail.com,GMD-CTG-NORTH,"জিএমডি, চট্টগ্রাম (উত্তর)","GMD, Chattogram (North)",Chattogram,রাঙ্গামাটি ১৩২/৩৩ কেভি গ্রিড উপকেন্দ্র,GENERAL,ACTIVE,2026-2028,8
213,PGD-2026-0213,182,DIP-2026-182,1117,মোহাম্মদ নাসির উদ্দিন,,উপ-সহকারী প্রকৌশলী,Sub-Assistant Engineer,nasir.pgcb@gmail.com,nasir.pgcb@gmail.com,GMD-SRIMANGAL,"জিএমডি, শ্রীমঙ্গল","GMD, Srimangal",Sylhet,ব্রাহ্মণবাড়িয়া ১৩২/৩৩ কেভি গ্রিড উপকেন্দ্র,GENERAL,ACTIVE,2026-2028,8
214,PGD-2026-0214,327,DIP-2026-327,1119,মোঃ আবুল কালাম আজাদ,,উপ-সহকারী প্রকৌশলী,Sub-Assistant Engineer,azad132fss@gmail.com,azad132fss@gmail.com,GMD-FARIDPUR,"জিএমডি, ফরিদপুর","GMD, Faridpur",Dhaka,ফরিদপুর 230/132/33কেভি গ্রিড উপকেন্দ্র,GENERAL,ACTIVE,2026-2028,8
215,PGD-2026-0215,152,DIP-2026-152,1120,Muhammad Ohiduzzaman,Muhammad Ohiduzzaman,উপ-সহকারী প্রকৌশলী,Sub-Assistant Engineer,ohiduzzaman.pgcb@gmail.com,ohiduzzaman.pgcb@gmail.co m,GMD-FARIDPUR,"জিএমডি, ফরিদপুর","GMD, Faridpur",Dhaka,Faridpur 230/132/33 KV S/S,GENERAL,ACTIVE,2026-2028,8
216,PGD-2026-0216,732,DIP-2026-732,1121,Md.shafiqul haque,Md.shafiqul haque,উপ-সহকারী প্রকৌশলী,Sub-Assistant Engineer,shohagpgcb@gmail.com,shohagpgcb@gmail.com,GMD-RAJSHAHI,"জিএমডি, রাজশাহী","GMD, Rajshahi",Rajshahi,Rahanpur 400/132kv GIS Grid substations,GENERAL,ACTIVE,2026-2028,8
217,PGD-2026-0217,908,DIP-2026-908,1122,Md. Abdur Rakib,Md. Abdur Rakib,উপ-সহকারী প্রকৌশলী,Sub-Assistant Engineer,abdurrakibpgcbsae@gmail.com,abdurrakibpgcbsae@gmail.co m,GMD-DHK-METRO,ঢাকা মহানগর,Dhaka Metropolitan,Dhaka,"Civil Works,P&D",GENERAL,ACTIVE,2026-2028,8
218,PGD-2026-0218,232,DIP-2026-232,1123,Md Asiful hoque,Md Asiful hoque,উপ-সহকারী প্রকৌশলী,Sub-Assistant Engineer,asifulpgcb@gmail.com,asifulpgcb@gmail.com,GMD-CUMILLA,"জিএমডি, কুমিল্লা","GMD, Cumilla",Cumilla,"GMD OFFICE, CUMILLA",GENERAL,ACTIVE,2026-2028,8
219,PGD-2026-0219,389,DIP-2026-389,1126,বিটু চন্দ্র দাস,,উপ-সহকারী প্রকৌশলী,Sub-Assistant Engineer,biturony@gmail.com,biturony@gmail.com,GMD-CUMILLA,"জিএমডি, কুমিল্লা","GMD, Cumilla",Cumilla,Chowmuhani grid,GENERAL,ACTIVE,2026-2028,8
220,PGD-2026-0220,237,DIP-2026-237,1128,Roksana Akhter,Roksana Akhter,উপ-সহকারী প্রকৌশলী,Sub-Assistant Engineer,roksana.pgcb@gmail.com,roksana.pgcb@gmail.com,GMD-DHK-METRO,ঢাকা মহানগর,Dhaka Metropolitan,Dhaka,"Aftabnagar, Dhaka",GENERAL,ACTIVE,2026-2028,8
221,PGD-2026-0221,485,DIP-2026-485,1129,Sabina Yesmin,Sabina Yesmin,উপ-সহকারী প্রকৌশলী,Sub-Assistant Engineer,sabinapgcb@gmail.com,sabinapgcb@gmail.com,GMD-DHK-METRO,ঢাকা মহানগর,Dhaka Metropolitan,Dhaka,Satmasjid 132/33 Kv Grid Substation,GENERAL,ACTIVE,2026-2028,8
222,PGD-2026-0222,316,DIP-2026-316,1130,স্বপন চন্দ্র দাস,,উপ-সহকারী প্রকৌশলী,Sub-Assistant Engineer,shopandas@yahoo.com,Shopandas@yahoo.com,GMD-DHK-NORTH,"জিএমডি, ঢাকা (উত্তর)","GMD, Dhaka (North)",Dhaka,টাঙ্গাইল,GENERAL,ACTIVE,2026-2028,8
223,PGD-2026-0223,707,DIP-2026-707,1131,Sanjoy Kumar Halder,Sanjoy Kumar Halder,উপ-সহকারী প্রকৌশলী,Sub-Assistant Engineer,sanjoyhalder866@gmail.com,Sanjoyhalder866@gmail.com,GMD-KHULNA,"জিএমডি, খুলনা","GMD, Khulna",Khulna,132/33 KV Khulna Central Grid Sub-station.,GENERAL,ACTIVE,2026-2028,8
224,PGD-2026-0224,281,DIP-2026-281,1132,Md. Faisal Abedin,Md. Faisal Abedin,উপ-সহকারী প্রকৌশলী,Sub-Assistant Engineer,faisal7eee7@gmail.com,faisal7eee7@gmail.com,GMD-CTG-NORTH,"জিএমডি, চট্টগ্রাম (উত্তর)","GMD, Chattogram (North)",Chattogram,Hathazari 230/132/33 kV Grid Substation,GENERAL,ACTIVE,2026-2028,8
225,PGD-2026-0225,78,DIP-2026-78,1133,Sankar Chandra shill,Sankar Chandra shill,উপ-সহকারী প্রকৌশলী,Sub-Assistant Engineer,sankar.shill@gmail.com,sankar.shill@gmail.com,GMD-DHK-NORTH,"জিএমডি, ঢাকা (উত্তর)","GMD, Dhaka (North)",Dhaka,Bhaluka 132/33 kv Grid Substation,GENERAL,ACTIVE,2026-2028,8
226,PGD-2026-0226,166,DIP-2026-166,1134,মো: জসীম উদ্দিন হাওলাদার,,উপ-সহকারী প্রকৌশলী,Sub-Assistant Engineer,jasimpgcb83@gmail.com,jasimpgcb83@gmail.com,GMD-BARISHAL,"জিএমডি, বরিশাল","GMD, Barishal",Barishal,"বরিশাল ১৩২ কেভি গ্রিড উপকেন্দ্র,জিএমডি,বরিশাল।",GENERAL,ACTIVE,2026-2028,8
227,PGD-2026-0227,282,DIP-2026-282,1135,হাছনাত কামরুল কায়চার,,উপ-সহকারী প্রকৌশলী,Sub-Assistant Engineer,hasnath2038@gmail.com,hasnath2038@gmail.com,GMD-CTG-CENTRAL,"জিএমডি, চট্টগ্রাম (সেন্ট্রাল)","GMD, Chattogram (Central)",Chattogram,রামপুর ২৩০/১৩২/৩৩ কেভি গ্রীড উপকেন্দ্র,GENERAL,ACTIVE,2026-2028,8
228,PGD-2026-0228,376,DIP-2026-376,1136,মোহাম্মদ নুর মিয়া,,উপ-সহকারী প্রকৌশলী,Sub-Assistant Engineer,emonpgcb1981@gmail.com,emonpgcb1981@gmail.com,GMD-SRIMANGAL,"জিএমডি, শ্রীমঙ্গল","GMD, Srimangal",Sylhet,ব্রাহ্মণবাড়িয়া ১৩২/৩৩ কেভি গ্রিড উপকেন্দ্র,GENERAL,ACTIVE,2026-2028,8
229,PGD-2026-0229,314,DIP-2026-314,1138,মুহাম্মদ যোবায়েদুর রহমান,,উপ-সহকারী প্রকৌশলী,Sub-Assistant Engineer,jobayrengg@gmail.com,jobayrengg@gmail.com,GMD-DHK-NORTH,"জিএমডি, ঢাকা (উত্তর)","GMD, Dhaka (North)",Dhaka,কড্ডা ১৩২/৩৩ কেভি গ্রিড উপকেন্দ্র,GENERAL,ACTIVE,2026-2028,8
230,PGD-2026-0230,322,DIP-2026-322,1139,মোঃ রকিবুল আলম,,উপ-সহকারী প্রকৌশলী,Sub-Assistant Engineer,rakibpgcb@gmail.com,rakibpgcb@gmail.com,GMD-MYMENSINGH,"জিএমডি, ময়মনসিংহ","GMD, Mymensingh",Mymensingh,১৩২/৩৩ কেভি জামালপুর গ্রিড উপকেন্দ্র,GENERAL,ACTIVE,2026-2028,8
231,PGD-2026-0231,114,DIP-2026-114,1140,সেখ মোঃ তানজির হোসেন,,উপ-সহকারী প্রকৌশলী,Sub-Assistant Engineer,tanzirpgcb11@gmail.com,tanzirpgcb11@gmail.com,GMD-KHULNA,"জিএমডি, খুলনা","GMD, Khulna",Khulna,বাগেরহাট ১৩২/৩৩কেভি গ্রিড উপকেন্দ্র,GENERAL,ACTIVE,2026-2028,8
232,PGD-2026-0232,515,DIP-2026-515,1141,Md.Mahmud Hasan,Md.Mahmud Hasan,উপ-সহকারী প্রকৌশলী,Sub-Assistant Engineer,mahmudpgcb@gmail.com,mahmudpgcb@gmail.com,GMD-KHULNA,"জিএমডি, খুলনা","GMD, Khulna",Khulna,"ALDC,KHULNA",GENERAL,ACTIVE,2026-2028,8
233,PGD-2026-0233,381,DIP-2026-381,1142,মোঃ ইকবাল হোসেন,,উপ-সহকারী প্রকৌশলী,Sub-Assistant Engineer,iqbalpgcb@yahoo.com,iqbalpgcb@yahoo.com,GMD-DHK-METRO,ঢাকা মহানগর,Dhaka Metropolitan,Dhaka,হাসনাবাদ ২৩০কেভি গ্রিড উপকেন্দ্র,GENERAL,ACTIVE,2026-2028,9
234,PGD-2026-0234,450,DIP-2026-450,1146,Mohammad Masheur Rahman,Mohammad Masheur Rahman,উপ-সহকারী প্রকৌশলী,Sub-Assistant Engineer,saegmdbarisal@gmail.com,saegmdbarisal@gmail.com,GMD-BARISHAL,"জিএমডি, বরিশাল","GMD, Barishal",Barishal,"জিএমডি, পাওয়ার গ্রিড, বরিশাল দপ্তর।",GENERAL,ACTIVE,2026-2028,9
235,PGD-2026-0235,533,DIP-2026-533,1148,Md. Rashedul islam Rasel,Md. Rashedul islam Rasel,উপ-সহকারী প্রকৌশলী,Sub-Assistant Engineer,mrasel.ce@gmail.com,mrasel.ce@gmail.com,PROJECT-BRANCH,প্রকল্প শাখা,Project Branch,Headquarters / Projects,SCKTIDP,GENERAL,ACTIVE,2026-2028,9
236,PGD-2026-0236,513,DIP-2026-513,1151,Md. Kamruzzaman,Md. Kamruzzaman,উপ-সহকারী প্রকৌশলী,Sub-Assistant Engineer,emkz1984@gmail.com,emkz1984@gmail.com,GMD-KHULNA,"জিএমডি, খুলনা","GMD, Khulna",Khulna,Khulna South 230/132 KV Grid Sub-Station,GENERAL,ACTIVE,2026-2028,9
237,PGD-2026-0237,261,DIP-2026-261,1152,Syed Rafiul Islam,Syed Rafiul Islam,উপ-সহকারী প্রকৌশলী,Sub-Assistant Engineer,rafiul.pgcb@gmail.com,rafiul.pgcb@gmail.com,GMD-BOGURA,"জিএমডি, বগুড়া","GMD, Bogura",Rajshahi,"Bogura 132/33kV Grid Sub- Station, Bogura",GENERAL,ACTIVE,2026-2028,9
238,PGD-2026-0238,318,DIP-2026-318,1181,মোঃ গোলাম কিবরিয়া মজুমদার,,উপ-সহকারী প্রকৌশলী,Sub-Assistant Engineer,golamkibria24@gmail.com,golamkibria24@gmail.com,GMD-CUMILLA,"জিএমডি, কুমিল্লা","GMD, Cumilla",Cumilla,"ফেনী ২৩০/১৩২ কেভি গ্রিড উপকেন্দ্র, জিএমডি, পাওয়ার গ্রিড, নোয়াখালী।",GENERAL,ACTIVE,2026-2028,9
239,PGD-2026-0239,315,DIP-2026-315,1182,দেবদুলাল মাইকেল,,উপ-সহকারী প্রকৌশলী,Sub-Assistant Engineer,michaelpgcb@gmail.com,michaelpgcb@gmail.com,GMD-SRIMANGAL,"জিএমডি, শ্রীমঙ্গল","GMD, Srimangal",Sylhet,"১৩২/৩৩ কেভি সিলেট গ্রিড উপকেন্দ্র,জিএমডি,সিলেট ।",GENERAL,ACTIVE,2026-2028,9
240,PGD-2026-0240,686,DIP-2026-686,1227,Md Mizanur Rahman,Md Mizanur Rahman,উপ-সহকারী প্রকৌশলী,Sub-Assistant Engineer,bdnldc@gmail.com,bdnldc@gmail.com,GMD-DHK-METRO,ঢাকা মহানগর,Dhaka Metropolitan,Dhaka,"NOD, LDC",GENERAL,ACTIVE,2026-2028,9
241,PGD-2026-0241,689,DIP-2026-689,1228,নুরুল হক,,উপ-সহকারী প্রকৌশলী,Sub-Assistant Engineer,nurul.duet@gmail.com,nurul.duet@gmail.com,GMD-DHK-METRO,ঢাকা মহানগর,Dhaka Metropolitan,Dhaka,"সিএনএসটিডি, এনএলডিসি।",GENERAL,ACTIVE,2026-2028,9
242,PGD-2026-0242,683,DIP-2026-683,1229,Rahmat Ullah,Rahmat Ullah,উপ-সহকারী প্রকৌশলী,Sub-Assistant Engineer,engrrahmat.pgcb@gmail.com,engrrahmat.pgcb@gmail.com,GMD-DHK-METRO,ঢাকা মহানগর,Dhaka Metropolitan,Dhaka,"NLDC,NOD",GENERAL,ACTIVE,2026-2028,9
243,PGD-2026-0243,624,DIP-2026-624,1230,Md. Rashedul Islam,Md. Rashedul Islam,উপ-সহকারী প্রকৌশলী,Sub-Assistant Engineer,rashedislam515@gmail.com,rashedislam515@gmail.com,GMD-DHK-METRO,ঢাকা মহানগর,Dhaka Metropolitan,Dhaka,"NOD, NLDC, Dhaka",GENERAL,ACTIVE,2026-2028,9
244,PGD-2026-0244,608,DIP-2026-608,1231,মোঃ আতাউর রহমান,,উপ-সহকারী প্রকৌশলী,Sub-Assistant Engineer,ataurpgcb@gmail.com,ataurpgcb@gmail.com,GMD-DHK-METRO,ঢাকা মহানগর,Dhaka Metropolitan,Dhaka,"এন.ও.ডি,এল.ডি.সি।",GENERAL,ACTIVE,2026-2028,9
245,PGD-2026-0245,685,DIP-2026-685,1234,মো: সাইফুল ইসলাম,,উপ-সহকারী প্রকৌশলী,Sub-Assistant Engineer,saif.pgcb@gmail.com,saif.pgcb@gmail.com,GMD-MYMENSINGH,"জিএমডি, ময়মনসিংহ","GMD, Mymensingh",Mymensingh,কিশোরগঞ্জ ১৩২ কেভি গ্রিড উপকেন্দ্র,GENERAL,ACTIVE,2026-2028,9
246,PGD-2026-0246,764,DIP-2026-764,1236,রতন বসু,,উপ-সহকারী প্রকৌশলী,Sub-Assistant Engineer,bosuctg@gmail.com,bosuctg @gmail.com,GMD-CTG-NORTH,"জিএমডি, চট্টগ্রাম (উত্তর)","GMD, Chattogram (North)",Chattogram,AKSML 230/33 KV GRID SS,GENERAL,ACTIVE,2026-2028,9
247,PGD-2026-0247,688,DIP-2026-688,1237,সেলিম রেজা,,উপ-সহকারী প্রকৌশলী,Sub-Assistant Engineer,salim082012@gmail.com,salim082012@gmail.com,GMD-DHK-METRO,ঢাকা মহানগর,Dhaka Metropolitan,Dhaka,মানিকগঞ্জ ১৩২/৩৩ কেভি গ্রিড উপকেন্দ্র,GENERAL,ACTIVE,2026-2028,9
248,PGD-2026-0248,982,DIP-2026-982,1238,আনিসুর রহমান গাজী,,উপ-সহকারী প্রকৌশলী,Sub-Assistant Engineer,anis.pgcb@gmail.com,anis.pgcb@gmail.com,GMD-DHK-EAST,"জিএমডি, ঢাকা (পূর্ব)","GMD, Dhaka (East)",Dhaka,হরিপুর ২৩০/১৩২কেভি গ্রিড উপকেন্দ্র,GENERAL,ACTIVE,2026-2028,9
249,PGD-2026-0249,684,DIP-2026-684,1239,Md. Jakariya,Md. Jakariya,উপ-সহকারী প্রকৌশলী,Sub-Assistant Engineer,md.jakariya.pgcb@gmail.com,md.jakariya.pgcb@gmail.com,GMD-DHK-METRO,ঢাকা মহানগর,Dhaka Metropolitan,Dhaka,"CNST, NLDC",GENERAL,ACTIVE,2026-2028,9
250,PGD-2026-0250,777,DIP-2026-777,1241,Md Jalal Uddin,Md Jalal Uddin,উপ-সহকারী প্রকৌশলী,Sub-Assistant Engineer,jalalpgcb@gmail.com,jalalpgcb@gmail.com,GMD-DHK-METRO,ঢাকা মহানগর,Dhaka Metropolitan,Dhaka,RTS,GENERAL,ACTIVE,2026-2028,9
251,PGD-2026-0251,1012,DIP-2026-1012,1242,Md. Ferojul Islam,Md. Ferojul Islam,উপ-সহকারী প্রকৌশলী,Sub-Assistant Engineer,ferojpgcb1988@gmail.com,ferojpgcb1988@gmail.com,GMD-SIRAJGANJ,"জিএমডি, সিরাজগঞ্জ","GMD, Sirajganj",Rajshahi,Sirajganj 132/33 kv grid sub station,GENERAL,ACTIVE,2026-2028,9
252,PGD-2026-0252,1142,DIP-2026-1142,1243,মো: মারুফ হোসেন,,উপ-সহকারী প্রকৌশলী,Sub-Assistant Engineer,asm.marufhossain@gmail.com,asm.marufhossain@gmail.co m,GMD-DHK-METRO,ঢাকা মহানগর,Dhaka Metropolitan,Dhaka,গুলশান গ্রিড উপকেন্দ্র,GENERAL,ACTIVE,2026-2028,9
253,PGD-2026-0253,738,DIP-2026-738,1244,মোঃ জাহদেুল ইসলাম,,উপ-সহকারী প্রকৌশলী,Sub-Assistant Engineer,zahedraj@gmail.com,zahedraj@gmail.com,GMD-BOGURA,"জিএমডি, বগুড়া","GMD, Bogura",Rajshahi,বগুড়া ১৩২/৩৩ কেভি গ্রিড উপকেন্দ্র,GENERAL,ACTIVE,2026-2028,9
254,PGD-2026-0254,696,DIP-2026-696,1245,মোঃ হায়দার আলী,,উপ-সহকারী প্রকৌশলী,Sub-Assistant Engineer,haider.pgcb@gmail.com,haider.pgcb@gmail.com,GMD-BOGURA,"জিএমডি, বগুড়া","GMD, Bogura",Rajshahi,"জয়পুরহাট ১৩২/৩৩কেভি গ্রিড উপকেন্দ্র,জিএমডি,বগুড়া।",GENERAL,ACTIVE,2026-2028,9
255,PGD-2026-0255,1199,DIP-2026-1199,1247,মুহাম্মদ শাহ আলম,,উপ-সহকারী প্রকৌশলী,Sub-Assistant Engineer,alam.mukul85@gmail.com,alam.mukul85@gmail.com,GMD-CTG-CENTRAL,"জিএমডি, চট্টগ্রাম (সেন্ট্রাল)","GMD, Chattogram (Central)",Chattogram,"ষোলশহর ১৩২/৩৩ কেভি গ্রিড উপকেন্দ্র, জিএমডি চট্টগ্রাম সেন্ট্রাল।",GENERAL,ACTIVE,2026-2028,9
256,PGD-2026-0256,1018,DIP-2026-1018,1248,মোঃ শফিকুল ইসলাম।,,উপ-সহকারী প্রকৌশলী,Sub-Assistant Engineer,shafiqpgcb@gmail.com,shafiqpgcb@gmail. com,GMD-SIRAJGANJ,"জিএমডি, সিরাজগঞ্জ","GMD, Sirajganj",Rajshahi,শাহজাদপুর ১৩২/৩৩ কেভি গ্রিড উপকেন্দ্র।,GENERAL,ACTIVE,2026-2028,9
257,PGD-2026-0257,902,DIP-2026-902,1249,সালমান আহাম্মদ,,উপ-সহকারী প্রকৌশলী,Sub-Assistant Engineer,ahammadsalman1984@gmail.com,ahammadsalman1984@gmail .com,GMD-CUMILLA,"জিএমডি, কুমিল্লা","GMD, Cumilla",Cumilla,১৩২ কেভি কুমিল্লা (দ:) গ্রিড উপকেন্দ্র,GENERAL,ACTIVE,2026-2028,9
258,PGD-2026-0258,620,DIP-2026-620,1250,Md Kamrul Hasan,Md Kamrul Hasan,উপ-সহকারী প্রকৌশলী,Sub-Assistant Engineer,bipu6610@gmail.com,bipu6610@gmail.com,GMD-DHK-METRO,ঢাকা মহানগর,Dhaka Metropolitan,Dhaka,Kallyanpur 132/33 kv Grid Substation,GENERAL,ACTIVE,2026-2028,9
259,PGD-2026-0259,883,DIP-2026-883,1253,মোঃ ফারুক হোসেন খন্দকার,,উপ-সহকারী প্রকৌশলী,Sub-Assistant Engineer,faruk.pgcb@gmail.com,faruk.pgcb@gmail.com,GMD-BOGURA,"জিএমডি, বগুড়া","GMD, Bogura",Rajshahi,জয়পুরহাট ১৩২/৩৩ কেভি গ্রিড উপকেন্দ্র,GENERAL,ACTIVE,2026-2028,9
260,PGD-2026-0260,614,DIP-2026-614,1255,সোহেল সরদার,,উপ-সহকারী প্রকৌশলী,Sub-Assistant Engineer,sohelsarder85@gmail.com,sohelsarder85@gmail.com,GMD-DHK-METRO,ঢাকা মহানগর,Dhaka Metropolitan,Dhaka,১৩২/৩৩ কেভি কল্যাণপুর গ্রিড উপকেন্দ্র,GENERAL,ACTIVE,2026-2028,9
261,PGD-2026-0261,866,DIP-2026-866,1257,Sohel Amin,Sohel Amin,উপ-সহকারী প্রকৌশলী,Sub-Assistant Engineer,sohelamin1.pgcb@gmail.com,sohelamin1.pgcb@gmail.com,GMD-DHK-METRO,ঢাকা মহানগর,Dhaka Metropolitan,Dhaka,"TRTUD-1,Dhaka",GENERAL,ACTIVE,2026-2028,9
262,PGD-2026-0262,628,DIP-2026-628,1258,রুবেল আহমদ,,উপ-সহকারী প্রকৌশলী,Sub-Assistant Engineer,ni.rubel87@gmail.com,ni.rubel87@gmail.com,GMD-DHK-METRO,ঢাকা মহানগর,Dhaka Metropolitan,Dhaka,আইসিটি,GENERAL,ACTIVE,2026-2028,10
263,PGD-2026-0263,676,DIP-2026-676,1260,মো: নাজমুল হাসান,,উপ-সহকারী প্রকৌশলী,Sub-Assistant Engineer,nazmulpgcb1@gmail.com,nazmulpgcb1@gmail.com,GMD-DHK-METRO,ঢাকা মহানগর,Dhaka Metropolitan,Dhaka,"জিএমডি, ঢাকা- সেন্ট্রাল",GENERAL,ACTIVE,2026-2028,10
264,PGD-2026-0264,723,DIP-2026-723,1262,মোঃ ইকবাল হোসেন,,উপ-সহকারী প্রকৌশলী,Sub-Assistant Engineer,iqbalpgcb2010@gmail.com,iqbalpgcb2010@gmail.com,GMD-MYMENSINGH,"জিএমডি, ময়মনসিংহ","GMD, Mymensingh",Mymensingh,ময়মনসিংহ ১৩২/৩৩ কেভি গ্রিড উপকেন্দ্র,GENERAL,ACTIVE,2026-2028,10
265,PGD-2026-0265,734,DIP-2026-734,1264,মোঃ সোহাগ সিকদার,,উপ-সহকারী প্রকৌশলী,Sub-Assistant Engineer,engreeesohag@gmail.com,engreeesohag@gmail.com,GMD-DHK-METRO,ঢাকা মহানগর,Dhaka Metropolitan,Dhaka,Hasnabad 230/132 KV Grid S/S,GENERAL,ACTIVE,2026-2028,10
266,PGD-2026-0266,703,DIP-2026-703,1265,মোঃ সালেহ আহমেদ,,উপ-সহকারী প্রকৌশলী,Sub-Assistant Engineer,princepgcb@gmail.com,princepgcb@gmail.com,GMD-ISHWARDI,"জিএমডি, ঈশ্বরদী","GMD, Ishwardi",Rajshahi,বাংলাদেশ-ভারত বিদু্যৎ সঞ্চালন কেন্দ্র (এইচভিডিসি),GENERAL,ACTIVE,2026-2028,10
267,PGD-2026-0267,605,DIP-2026-605,1266,শিপন আহমেদ,,উপ-সহকারী প্রকৌশলী,Sub-Assistant Engineer,pgcbshipon@gmail.com,pgcbshipon@gmail.com,GMD-DHK-METRO,ঢাকা মহানগর,Dhaka Metropolitan,Dhaka,রামপুরা ২৩০/১৩২ কেভি গ্রিড উপকেন্দ্রে।,GENERAL,ACTIVE,2026-2028,10
268,PGD-2026-0268,705,DIP-2026-705,1267,Md.Afsar Uddin,Md.Afsar Uddin,উপ-সহকারী প্রকৌশলী,Sub-Assistant Engineer,anasafsar545@gmail.com,anasafsar545@gmail,GMD-FARIDPUR,"জিএমডি, ফরিদপুর","GMD, Faridpur",Dhaka,Faridpur 230/132/33 KV grid substation,GENERAL,ACTIVE,2026-2028,10
269,PGD-2026-0269,882,DIP-2026-882,1268,মোঃ আবু রায়হান,,উপ-সহকারী প্রকৌশলী,Sub-Assistant Engineer,rayhan_eee21@yahoo.com,rayhan_eee21@yahoo.com,GMD-BOGURA,"জিএমডি, বগুড়া","GMD, Bogura",Rajshahi,মহাস্থানগড় ১৩২/৩৩ কেভি গ্রিড,GENERAL,ACTIVE,2026-2028,10
270,PGD-2026-0270,704,DIP-2026-704,1269,Tofayel Ahmed,Tofayel Ahmed,উপ-সহকারী প্রকৌশলী,Sub-Assistant Engineer,tofayel.pgcb@gmail.com,Tofayel.pgcb@gmail.com,GMD-ISHWARDI,"জিএমডি, ঈশ্বরদী","GMD, Ishwardi",Rajshahi,Kushtia 132 kv grid,GENERAL,ACTIVE,2026-2028,10
271,PGD-2026-0271,613,DIP-2026-613,1270,মোঃ হাসিনুর রহমান,,উপ-সহকারী প্রকৌশলী,Sub-Assistant Engineer,hasenur2012@gmail.com,hasenur2012@gmail.com,GMD-RANGPUR,"জিএমডি, রংপুর","GMD, Rangpur",Rangpur,সৈয়দপুর ১৩২/৩৩ কেভি গ্রিড উপকেন্দ্র,GENERAL,ACTIVE,2026-2028,10
272,PGD-2026-0272,1056,DIP-2026-1056,1272,জি এম মাজাহারুল আনোয়ার,,উপ-সহকারী প্রকৌশলী,Sub-Assistant Engineer,gazipgcb50@gmail.com,gazipgcb50@gmail.com,GMD-JHENAIDAH,"জিএমডি, ঝিনাইদহ","GMD, Jhenaidah",Khulna,যশোর ১৩২/৩৩ কেভি গ্রিড সাব,GENERAL,ACTIVE,2026-2028,10
273,PGD-2026-0273,721,DIP-2026-721,1274,মোঃ কবির হোসেন,,উপ-সহকারী প্রকৌশলী,Sub-Assistant Engineer,kabirhossain.pgcb@gmail.com,kabirhossain.pgcb@gmail.co m,GMD-KHULNA,"জিএমডি, খুলনা","GMD, Khulna",Khulna,সাতক্ষীরা ১৩২/৩৩কেভি গ্রিড উপকেন্দ্র।,GENERAL,ACTIVE,2026-2028,10
274,PGD-2026-0274,615,DIP-2026-615,1276,MD Zakir Hossain,MD Zakir Hossain,উপ-সহকারী প্রকৌশলী,Sub-Assistant Engineer,zakirpgcb2010@gmail.com,zakirpgcb2010@gmail,GMD-RANGPUR,"জিএমডি, রংপুর","GMD, Rangpur",Rangpur,Taraganj grid sub station,GENERAL,ACTIVE,2026-2028,10
275,PGD-2026-0275,619,DIP-2026-619,1278,আতিকুল ইসলাম,,উপ-সহকারী প্রকৌশলী,Sub-Assistant Engineer,atiquli091@gmail.com,Atiquli091@gmail.com,GMD-MYMENSINGH,"জিএমডি, ময়মনসিংহ","GMD, Mymensingh",Mymensingh,132/33KV Netrakona grid substation,GENERAL,ACTIVE,2026-2028,10
276,PGD-2026-0276,629,DIP-2026-629,1281,Abu Sadat Muhammad Shamsuzzaman,Abu Sadat Muhammad Shamsuzzaman,উপ-সহকারী প্রকৌশলী,Sub-Assistant Engineer,engr.asmzaman@gmail.com,engr.asmzaman@gmail.com,PROJECT-BRANCH,প্রকল্প শাখা,Project Branch,Headquarters / Projects,EEGBPSP,GENERAL,ACTIVE,2026-2028,10
277,PGD-2026-0277,671,DIP-2026-671,1282,Md. Hafizur Rahman,Md. Hafizur Rahman,উপ-সহকারী প্রকৌশলী,Sub-Assistant Engineer,hafizpgcb87@gmail.com,hafizpgcb87@gmail.com,GMD-BARISHAL,"জিএমডি, বরিশাল","GMD, Barishal",Barishal,"Patuakhali 132/33 kV Grid SS, Kalikapur, Patuakhali",GENERAL,ACTIVE,2026-2028,10
278,PGD-2026-0278,733,DIP-2026-733,1283,আহমেদ আসিফ আখতার মন্জু,,উপ-সহকারী প্রকৌশলী,Sub-Assistant Engineer,monzu.ahmed@gmail.com,monzu.ahmed@gmail.com,GMD-DHK-METRO,ঢাকা মহানগর,Dhaka Metropolitan,Dhaka,"নেটওয়ার্ক অপারেশন ডিভিশন, এলডিসি, পাওয়ার গিড, এনএলডিসি ভবন, আফতাবনগর, বাড্ডা,",GENERAL,ACTIVE,2026-2028,10
279,PGD-2026-0279,607,DIP-2026-607,1284,Pranayan khisa,Pranayan khisa,উপ-সহকারী প্রকৌশলী,Sub-Assistant Engineer,pgcbpranayan@gmail.com,pgcbpranayan@gmail.com,GMD-CTG-NORTH,"জিএমডি, চট্টগ্রাম (উত্তর)","GMD, Chattogram (North)",Chattogram,Rangamati 132/33 Kv Grid Sub station,GENERAL,ACTIVE,2026-2028,10
280,PGD-2026-0280,1062,DIP-2026-1062,1285,Mukta Banu,Mukta Banu,উপ-সহকারী প্রকৌশলী,Sub-Assistant Engineer,mukta.onku88@gmail.com,Mukta.onku88@gmail.com,GMD-KHULNA,"জিএমডি, খুলনা","GMD, Khulna",Khulna,TRTUD,GENERAL,ACTIVE,2026-2028,10
281,PGD-2026-0281,278,DIP-2026-278,1286,মোঃ মামুনুর রশীদ,,উপ-সহকারী প্রকৌশলী,Sub-Assistant Engineer,mamunhathajari@gmail.com,mamunhathajari@gmail.com,GMD-CTG-CENTRAL,"জিএমডি, চট্টগ্রাম (সেন্ট্রাল)","GMD, Chattogram (Central)",Chattogram,আনন্দ বাজার ১৩২/৩৩ কেভি জিআইএস গ্রিড উপকেন্দ্র।,GENERAL,ACTIVE,2026-2028,10
282,PGD-2026-0282,627,DIP-2026-627,1287,Md Shirazul Islam,Md Shirazul Islam,উপ-সহকারী প্রকৌশলী,Sub-Assistant Engineer,shiraz.pgcb@gmail.com,shiraz.pgcb@gmail.com,GMD-DHK-METRO,ঢাকা মহানগর,Dhaka Metropolitan,Dhaka,"ICT, Head Office",GENERAL,ACTIVE,2026-2028,10
283,PGD-2026-0283,720,DIP-2026-720,1288,G.M.ASADUZZAMAN,G.M.ASADUZZAMAN,উপ-সহকারী প্রকৌশলী,Sub-Assistant Engineer,tuhingazi580@gmail.com,tuhingazi580@gmail.com,GMD-KHULNA,"জিএমডি, খুলনা","GMD, Khulna",Khulna,"খুলনা, ১৩২/৩৩ কেভিসেন্ট্রাল গ্রিড সাবস্টেশন",GENERAL,ACTIVE,2026-2028,10
284,PGD-2026-0284,1161,DIP-2026-1161,1289,মোছা: সানজিদা ইয়াসমীন,,উপ-সহকারী প্রকৌশলী,Sub-Assistant Engineer,samjidaislam.pgcb@gmail.com,samjidaislam.pgcb@gmail .com,GMD-DHK-METRO,ঢাকা মহানগর,Dhaka Metropolitan,Dhaka,Cantonment 132/33 KV GIS Grid Sub-Station,GENERAL,ACTIVE,2026-2028,10
285,PGD-2026-0285,1145,DIP-2026-1145,1293,দেওয়ান সাজ্জাদ হোসেন,,উপ-সহকারী প্রকৌশলী,Sub-Assistant Engineer,sazzad.pgcb@gmail.com,sazzad.pgcb@gmail.com,GMD-BOGURA,"জিএমডি, বগুড়া","GMD, Bogura",Rajshahi,"টিআরটিইউডি, পিজিব, বগুড়া",GENERAL,ACTIVE,2026-2028,10
286,PGD-2026-0286,654,DIP-2026-654,1294,মোহাম্মদ আবুল বাসার,,উপ-সহকারী প্রকৌশলী,Sub-Assistant Engineer,abir.office25@gmail.com,abir.office25@gmail.com,GMD-DHK-METRO,ঢাকা মহানগর,Dhaka Metropolitan,Dhaka,মানিকগঞ্জ ১৩২/৩৩ কেভি গ্রিড উপকেন্দ্র,GENERAL,ACTIVE,2026-2028,10
287,PGD-2026-0287,634,DIP-2026-634,1295,রাসেল মোঃ মহসিন,,উপ-সহকারী প্রকৌশলী,Sub-Assistant Engineer,raselpgcb@gmail.com,raselpgcb@gmail.com,PROJECT-BRANCH,প্রকল্প শাখা,Project Branch,Headquarters / Projects,G2g project,GENERAL,ACTIVE,2026-2028,10
288,PGD-2026-0288,639,DIP-2026-639,1298,Md. Al Amin,Md. Al Amin,উপ-সহকারী প্রকৌশলী,Sub-Assistant Engineer,alamin.j1121@gmail.com,alamin.j1121@gmail.com,GMD-DHK-METRO,ঢাকা মহানগর,Dhaka Metropolitan,Dhaka,Mirpur 132/33KV Grid Substation.,GENERAL,ACTIVE,2026-2028,10
289,PGD-2026-0289,1693,DIP-2026-1693,1299,মোঃ নাজমুল হুদা,,উপ-সহকারী প্রকৌশলী,Sub-Assistant Engineer,nazmulpgcb2010@gmail.com,nazmulpgcb2010@gmail.com,GMD-CUMILLA,"জিএমডি, কুমিল্লা","GMD, Cumilla",Cumilla,চাঁদপুর ১৩২/৩৩ কেভি গ্রিড উপকেন্দ্র,GENERAL,ACTIVE,2026-2028,10
290,PGD-2026-0290,637,DIP-2026-637,1300,মোঃ আবু রায়হান সরকার,,উপ-সহকারী প্রকৌশলী,Sub-Assistant Engineer,raihan.pgcb909@gmail.com,raihan.pgcb909@gmail.com,GMD-SIRAJGANJ,"জিএমডি, সিরাজগঞ্জ","GMD, Sirajganj",Rajshahi,বাঘাবাড়ি ২৩০/১৩২ কেভি গ্রিড উপকেন্দ্র,GENERAL,ACTIVE,2026-2028,10
291,PGD-2026-0291,644,DIP-2026-644,1301,মোঃ সুমন পারভেজ,,উপ-সহকারী প্রকৌশলী,Sub-Assistant Engineer,engr.sumonparvez@gmail.com,engr.sumonparvez@gmail.co m,GMD-BARISHAL,"জিএমডি, বরিশাল","GMD, Barishal",Barishal,বরিশাল (উত্তর) ২৩০/১৩২ কেভি গ্রিড উপকেন্দ্র,GENERAL,ACTIVE,2026-2028,11
292,PGD-2026-0292,822,DIP-2026-822,1304,মোঃ রুবেল কিবরিয়া,,উপ-সহকারী প্রকৌশলী,Sub-Assistant Engineer,rubelkibriaeee@gmail.com,rubelkibriaeee@gmail.com,GMD-DHK-METRO,ঢাকা মহানগর,Dhaka Metropolitan,Dhaka,আগারগাঁও ২৩০/১৩২/৩৩ কেভি গ্রিড উপকেন্দ্র,GENERAL,ACTIVE,2026-2028,11
293,PGD-2026-0293,737,DIP-2026-737,1306,মোঃ তাওহীদুল ইসলাম,,উপ-সহকারী প্রকৌশলী,Sub-Assistant Engineer,tawhid.pgcb@gmail.com,tawhid.pgcb@gmail.com,GMD-RAJSHAHI,"জিএমডি, রাজশাহী","GMD, Rajshahi",Rajshahi,রাজশাহী ২৩০/১৩২/৩৩কেভি গ্রিড উপকেন্দ্র,GENERAL,ACTIVE,2026-2028,11
294,PGD-2026-0294,739,DIP-2026-739,1307,MD. HAMIDUZZAMAN,MD. HAMIDUZZAMAN,উপ-সহকারী প্রকৌশলী,Sub-Assistant Engineer,uzzalraj1985@gmail.com,uzzalraj1985@gmail.com,GMD-RAJSHAHI,"জিএমডি, রাজশাহী","GMD, Rajshahi",Rajshahi,Chapai Nawabgonj 132/33kV Grid Sub-Station,GENERAL,ACTIVE,2026-2028,11
295,PGD-2026-0295,647,DIP-2026-647,1308,মোহাম্মদ মাহামুদুল হাসাইন,,উপ-সহকারী প্রকৌশলী,Sub-Assistant Engineer,minhus1981pgcb@gmail.com,minhus1981pgcb@gmail.com,GMD-MYMENSINGH,"জিএমডি, ময়মনসিংহ","GMD, Mymensingh",Mymensingh,Kishoreganj Grid SS,GENERAL,ACTIVE,2026-2028,11
296,PGD-2026-0296,640,DIP-2026-640,1309,মোঃ সেলিম মিয়া,,উপ-সহকারী প্রকৌশলী,Sub-Assistant Engineer,salimsherpur123@gmail.com,salimsherpur123@gmail.com,GMD-MYMENSINGH,"জিএমডি, ময়মনসিংহ","GMD, Mymensingh",Mymensingh,"শেরপুর ১৩২/৩৩ কেভি গ্রিড উপকেন্দ্র, জিএমডি, ময়মনসিংহ।",GENERAL,ACTIVE,2026-2028,11
297,PGD-2026-0297,642,DIP-2026-642,1310,মুহাম্মদ জালাল উদ্দীন,,উপ-সহকারী প্রকৌশলী,Sub-Assistant Engineer,jalalpgcb7881@gmail.com,jalalpgcb7881@gmail.com,GMD-CTG-SOUTH,"জিএমডি, চট্টগ্রাম (দক্ষিণ)","GMD, Chattogram (South)",Chattogram,Shikalbaha 230/132 Grid Sub- station,GENERAL,ACTIVE,2026-2028,11
298,PGD-2026-0298,643,DIP-2026-643,1311,মো: রফিকুর রহমান,,উপ-সহকারী প্রকৌশলী,Sub-Assistant Engineer,sshiblu8499@gmail.com,sshiblu8499@gmail.com,GMD-ISHWARDI,"জিএমডি, ঈশ্বরদী","GMD, Ishwardi",Rajshahi,ভেড়ামারা ( জিকে) ১৩২/৩৩ কেভি গ্রিড উপকেন্দ্র,GENERAL,ACTIVE,2026-2028,11
299,PGD-2026-0299,651,DIP-2026-651,1312,মোহাম্মদ সোহাগ হোসেন,,উপ-সহকারী প্রকৌশলী,Sub-Assistant Engineer,shohaghossain100@gmail.com,shohaghossain100@gmail.co m,GMD-JHENAIDAH,"জিএমডি, ঝিনাইদহ","GMD, Jhenaidah",Khulna,ঝিনাইদহ ১৩২/৩৩ কেভি গ্রিড উপকেন্দ্র,GENERAL,ACTIVE,2026-2028,11
300,PGD-2026-0300,649,DIP-2026-649,1313,Md.Iran Mondol,Md.Iran Mondol,উপ-সহকারী প্রকৌশলী,Sub-Assistant Engineer,tahseenpgcb@gmail.com,tahseenpgcb@gmail.com,GMD-KHULNA,"জিএমডি, খুলনা","GMD, Khulna",Khulna,132/33 kV Khulna Central Grid S/S,GENERAL,ACTIVE,2026-2028,11
301,PGD-2026-0301,636,DIP-2026-636,1314,মাহমুদুল হাসান,,উপ-সহকারী প্রকৌশলী,Sub-Assistant Engineer,hasan2pgcb@gmail.com,hasan2pgcb@gmail.com,GMD-DHK-METRO,ঢাকা মহানগর,Dhaka Metropolitan,Dhaka,"মানিকনগর ১৩২ কেভি গ্রিড উপকেন্দ্র, জিএমডি, ঢাকা -সেন্ট্রাল।",GENERAL,ACTIVE,2026-2028,11
302,PGD-2026-0302,646,DIP-2026-646,1315,আব্বাস উদ্দিন,,উপ-সহকারী প্রকৌশলী,Sub-Assistant Engineer,eeeduet.pgcb@gmail.com,eeeduet.pgcb@gmail.com,GMD-DHK-METRO,ঢাকা মহানগর,Dhaka Metropolitan,Dhaka,"জিএমডি, আরিচা",GENERAL,ACTIVE,2026-2028,11
303,PGD-2026-0303,648,DIP-2026-648,1318,হাবীবুল হুদা,,উপ-সহকারী প্রকৌশলী,Sub-Assistant Engineer,hhuda.pgcb@gmail.com,hhuda.pgcb@gmail.com,GMD-CTG-CENTRAL,"জিএমডি, চট্টগ্রাম (সেন্ট্রাল)","GMD, Chattogram (Central)",Chattogram,বাকলিয়া ১৩২/৩৩কেভি গ্রিড উপকেন্দ্র।,GENERAL,ACTIVE,2026-2028,11
304,PGD-2026-0304,1156,DIP-2026-1156,1319,Md. Azizur Rahman,Md. Azizur Rahman,উপ-সহকারী প্রকৌশলী,Sub-Assistant Engineer,azizurrahman.pgcb@gmail.com,azizurrahman.pgcb@gmail.co m,GMD-RAJSHAHI,"জিএমডি, রাজশাহী","GMD, Rajshahi",Rajshahi,Amnura 132/33 kV Grid sub- station,GENERAL,ACTIVE,2026-2028,11
305,PGD-2026-0305,653,DIP-2026-653,1320,মোঃ আকরাম হোসেন,,উপ-সহকারী প্রকৌশলী,Sub-Assistant Engineer,akrampgcb@gmail.com,akrampgcb@gmail.com,GMD-JHENAIDAH,"জিএমডি, ঝিনাইদহ","GMD, Jhenaidah",Khulna,"Jhenaidah 132/33kV Grid Substation,Jhenaidah.",GENERAL,ACTIVE,2026-2028,11
306,PGD-2026-0306,666,DIP-2026-666,1323,মোঃ নুরুল ইসলাম,,উপ-সহকারী প্রকৌশলী,Sub-Assistant Engineer,engr.mdnurulislamrasel@gmail.com,engr.mdnurulislamrasel@gm ail.com,GMD-CTG-NORTH,"জিএমডি, চট্টগ্রাম (উত্তর)","GMD, Chattogram (North)",Chattogram,বিএসআরএম ২৩০/৩৩কে ভি গ্রিড উপকেন্দ্র,GENERAL,ACTIVE,2026-2028,11
307,PGD-2026-0307,664,DIP-2026-664,1326,রিপন কুমার দাস,,উপ-সহকারী প্রকৌশলী,Sub-Assistant Engineer,ripon.pgcb@gmail.com,ripon.pgcb@gmail.com,GMD-FARIDPUR,"জিএমডি, ফরিদপুর","GMD, Faridpur",Dhaka,রাজবাড়ী ১৩২/৩৩কেভি গ্রিড উপকেন্দ্র,GENERAL,ACTIVE,2026-2028,11
308,PGD-2026-0308,632,DIP-2026-632,1327,মোঃ শাহ আলম,,উপ-সহকারী প্রকৌশলী,Sub-Assistant Engineer,shahalam150782@gmail.com,shahalam150782@gmail.com,GMD-DHK-METRO,ঢাকা মহানগর,Dhaka Metropolitan,Dhaka,মানিকগঞ্জ ১৩২/৩৩ কেভি গ্রিড উপকেন্দ্র,GENERAL,ACTIVE,2026-2028,11
309,PGD-2026-0309,458,DIP-2026-458,1328,সুমন মজুমদার,,উপ-সহকারী প্রকৌশলী,Sub-Assistant Engineer,sumanpgcb@gmail.com,sumanpgcb@gmail.com,GMD-BARISHAL,"জিএমডি, বরিশাল","GMD, Barishal",Barishal,বরিশাল (উত্তর) ২৩০/১৩২ কেভি গ্রিড উপকেন্দ্র,GENERAL,ACTIVE,2026-2028,11
310,PGD-2026-0310,677,DIP-2026-677,1329,Md. Sohel Rana,Md. Sohel Rana,উপ-সহকারী প্রকৌশলী,Sub-Assistant Engineer,sohelranapgcb1984@gmail.com,sohelranapgcb1984@gmail.c om,GMD-BOGURA,"জিএমডি, বগুড়া","GMD, Bogura",Rajshahi,Palashbari 132/33 kV AIS Grid Sub- Station,GENERAL,ACTIVE,2026-2028,11
311,PGD-2026-0311,663,DIP-2026-663,1331,রিপন কুমার হাওলাদার,,উপ-সহকারী প্রকৌশলী,Sub-Assistant Engineer,ripan24779@gmail.com,ripan24779@gmail.com,GMD-KHULNA,"জিএমডি, খুলনা","GMD, Khulna",Khulna,132/33 kv Goalpara Grid ss,GENERAL,ACTIVE,2026-2028,11
312,PGD-2026-0312,657,DIP-2026-657,1332,Md. Mamunur Rashid,Md. Mamunur Rashid,উপ-সহকারী প্রকৌশলী,Sub-Assistant Engineer,mamunur.bsme@gmail.com,mamunur.bsme@gmail.com,GMD-BOGURA,"জিএমডি, বগুড়া","GMD, Bogura",Rajshahi,"Joyourhat 132/33 KV Grid Sub- Station, Joyourhat.",GENERAL,ACTIVE,2026-2028,11
313,PGD-2026-0313,655,DIP-2026-655,1335,Bilkis parvin,Bilkis parvin,উপ-সহকারী প্রকৌশলী,Sub-Assistant Engineer,bilkis.parvin260@yahoo.com,bilkis.parvin260@yahoo.com,GMD-RAJSHAHI,"জিএমডি, রাজশাহী","GMD, Rajshahi",Rajshahi,"ALDC Bogra, LDC",GENERAL,ACTIVE,2026-2028,11
314,PGD-2026-0314,650,DIP-2026-650,1336,Gulshanara Parvin,Gulshanara Parvin,উপ-সহকারী প্রকৌশলী,Sub-Assistant Engineer,gulshan.runa@gmail.com,gulshan.runa@gmail.com,GMD-ISHWARDI,"জিএমডি, ঈশ্বরদী","GMD, Ishwardi",Rajshahi,132/33KV Pabna Grid S/S,GENERAL,ACTIVE,2026-2028,11
315,PGD-2026-0315,668,DIP-2026-668,1337,Rupantar Chakma,Rupantar Chakma,উপ-সহকারী প্রকৌশলী,Sub-Assistant Engineer,rupantarpgcb10@gmail.com,rupantarpgcb10@gmail.com,GMD-CTG-NORTH,"জিএমডি, চট্টগ্রাম (উত্তর)","GMD, Chattogram (North)",Chattogram,Hathazari grid substation,GENERAL,ACTIVE,2026-2028,11
316,PGD-2026-0316,660,DIP-2026-660,1338,মোঃ মামুনুর রহমান,,উপ-সহকারী প্রকৌশলী,Sub-Assistant Engineer,mamun.grid@gmail.com,mamun.grid@gmail.com,GMD-MYMENSINGH,"জিএমডি, ময়মনসিংহ","GMD, Mymensingh",Mymensingh,জামালপুর ১৩২/৩৩কেভি গ্রিড উপকেন্দ্র,GENERAL,ACTIVE,2026-2028,11
317,PGD-2026-0317,669,DIP-2026-669,1339,মোঃ এনামুল হক,,উপ-সহকারী প্রকৌশলী,Sub-Assistant Engineer,enam.monir@gmail.com,enam.monir@gmail.com,GMD-DHK-METRO,ঢাকা মহানগর,Dhaka Metropolitan,Dhaka,সিএনএসটিডি,GENERAL,ACTIVE,2026-2028,11
318,PGD-2026-0318,662,DIP-2026-662,1340,Surovi Sultana,Surovi Sultana,উপ-সহকারী প্রকৌশলী,Sub-Assistant Engineer,surovisultana86@gmail.com,surovisultana86@gmail.com,GMD-DHK-METRO,ঢাকা মহানগর,Dhaka Metropolitan,Dhaka,"মিটারিং ডিভিশন , প্রধান দপ্তরের কার্যালয়।",GENERAL,ACTIVE,2026-2028,11
319,PGD-2026-0319,665,DIP-2026-665,1342,এস এম নূর উদ্দিন,,উপ-সহকারী প্রকৌশলী,Sub-Assistant Engineer,engr.nuruddin@gmail.com,engr.nuruddin@gmail.com,GMD-DHK-METRO,ঢাকা মহানগর,Dhaka Metropolitan,Dhaka,ক্যান্টমেন্ট ১৩২/৩৩ কেভি জিআইএস গ্রিড উপকেন্দ্র,GENERAL,ACTIVE,2026-2028,11
320,PGD-2026-0320,736,DIP-2026-736,1344,মো তানভীর আহমেদ,,উপ-সহকারী প্রকৌশলী,Sub-Assistant Engineer,tanvirdigita@gmail.com,tanvirdigita@gmail.com,GMD-RANGPUR,"জিএমডি, রংপুর","GMD, Rangpur",Rangpur,লালমনিরহাট ১৩২/৩৩ কেভি গ্রিড উপকেন্দ্র,GENERAL,ACTIVE,2026-2028,12
321,PGD-2026-0321,756,DIP-2026-756,1345,Al Mamun,Al Mamun,উপ-সহকারী প্রকৌশলী,Sub-Assistant Engineer,almamunpgcb@gmail.com,almamunpgcb@gmail.com,GMD-DHK-METRO,ঢাকা মহানগর,Dhaka Metropolitan,Dhaka,Cantonment 132/33 kV GIS SS,GENERAL,ACTIVE,2026-2028,12
322,PGD-2026-0322,834,DIP-2026-834,1384,শেখ সালাউদ্দিন আহমেদ,,উপ-সহকারী প্রকৌশলী,Sub-Assistant Engineer,ssa.sohel@gmail.com,ssa.sohel@gmail.com,GMD-DHK-METRO,ঢাকা মহানগর,Dhaka Metropolitan,Dhaka,মিরপুর ১৩২/৩৩ কেভি গ্রিড উপকেন্দ্র,GENERAL,ACTIVE,2026-2028,12
323,PGD-2026-0323,995,DIP-2026-995,3105,Md Habibur Rahman,Md Habibur Rahman,উপ-সহকারী প্রকৌশলী,Sub-Assistant Engineer,habibur@engineer.com,habibur@engineer.com,GMD-KHULNA,"জিএমডি, খুলনা","GMD, Khulna",Khulna,Noapara 132/33kV Grid Substation,GENERAL,ACTIVE,2026-2028,12
324,PGD-2026-0324,718,DIP-2026-718,3107,মো: জাফর ইকবাল,,উপ-সহকারী প্রকৌশলী,Sub-Assistant Engineer,zafor.pgcb1234@gmail.com,zafor. Pgcb1234@gmail.com,GMD-ISHWARDI,"জিএমডি, ঈশ্বরদী","GMD, Ishwardi",Rajshahi,KUSHTIA 132/33 KV GRID SUB- STATION,GENERAL,ACTIVE,2026-2028,12
325,PGD-2026-0325,741,DIP-2026-741,3108,MD.Abdur Rahim Pramanik,MD.Abdur Rahim Pramanik,উপ-সহকারী প্রকৌশলী,Sub-Assistant Engineer,mr.rahim087@gmail.com,mr.rahim087@gmail.com,GMD-DHK-METRO,ঢাকা মহানগর,Dhaka Metropolitan,Dhaka,Manikganj grid Sub-Station,GENERAL,ACTIVE,2026-2028,12
326,PGD-2026-0326,873,DIP-2026-873,3109,মো: আবু সাঈদ,,উপ-সহকারী প্রকৌশলী,Sub-Assistant Engineer,engrsayeed.pgcb@gmail.com,engrsayeed.pgcb@gmail.com,GMD-RANGPUR,"জিএমডি, রংপুর","GMD, Rangpur",Rangpur,রংপুর ১৩২/৩৩ কেভি গ্রিড উপকেন্দ্র,GENERAL,ACTIVE,2026-2028,12
327,PGD-2026-0327,719,DIP-2026-719,3110,Mollah Sydur Rahman Joy,Mollah Sydur Rahman Joy,উপ-সহকারী প্রকৌশলী,Sub-Assistant Engineer,joykpi2010@gmail.com,joykpi2010@gmail.com,GMD-KHULNA,"জিএমডি, খুলনা","GMD, Khulna",Khulna,TRTUD,GENERAL,ACTIVE,2026-2028,12
328,PGD-2026-0328,783,DIP-2026-783,3113,A. F. Sohel,A. F. Sohel,উপ-সহকারী প্রকৌশলী,Sub-Assistant Engineer,engrafsohel@gmail.com,engrafsohel@gmail.com,GMD-DHK-METRO,ঢাকা মহানগর,Dhaka Metropolitan,Dhaka,SCADA Division,GENERAL,ACTIVE,2026-2028,12
329,PGD-2026-0329,790,DIP-2026-790,3115,মোঃ আরিফুর রহমান,,উপ-সহকারী প্রকৌশলী,Sub-Assistant Engineer,arif.pgcb12@gmail.com,arif.pgcb12@gmail.com,GMD-DHK-METRO,ঢাকা মহানগর,Dhaka Metropolitan,Dhaka,"NOD,NLDC",GENERAL,ACTIVE,2026-2028,12
330,PGD-2026-0330,715,DIP-2026-715,3117,আবু রাকিব,,উপ-সহকারী প্রকৌশলী,Sub-Assistant Engineer,aburakib121@gmail.com,aburakib121@gmail.com,GMD-DHK-METRO,ঢাকা মহানগর,Dhaka Metropolitan,Dhaka,গুলশান ১৩২/৩৩ কেভি জিআইএস গ্রিড উপকেন্দ্র,GENERAL,ACTIVE,2026-2028,12
331,PGD-2026-0331,1000,DIP-2026-1000,3119,মোঃশাহীন,,উপ-সহকারী প্রকৌশলী,Sub-Assistant Engineer,shahinadusteee@yahoo.com,shahinadusteee@yahoo.com,GMD-CUMILLA,"জিএমডি, কুমিল্লা","GMD, Cumilla",Cumilla,কসবা ১৩২/৩৩ কেভি গ্রীড উপকেন্দ্র,GENERAL,ACTIVE,2026-2028,12
332,PGD-2026-0332,786,DIP-2026-786,3121,Mishuk Paul,Mishuk Paul,উপ-সহকারী প্রকৌশলী,Sub-Assistant Engineer,mishukbd7@gmail.com,mishukbd7@gmail.com,GMD-SRIMANGAL,"জিএমডি, শ্রীমঙ্গল","GMD, Srimangal",Sylhet,"Chhatak 132/33 kV grid Substation, chhatak, Sunamganj",GENERAL,ACTIVE,2026-2028,12
333,PGD-2026-0333,912,DIP-2026-912,3122,মোঃ জুয়েল হোসেন,,উপ-সহকারী প্রকৌশলী,Sub-Assistant Engineer,joweleee1989@gmail.com,joweleee1989@gmail com,GMD-DHK-METRO,ঢাকা মহানগর,Dhaka Metropolitan,Dhaka,মানিকনগর ২৩০/১৩২ কেভি গ্রিড উপকেন্দ্র,GENERAL,ACTIVE,2026-2028,12
334,PGD-2026-0334,774,DIP-2026-774,3123,মোশারফ হোসেন,,উপ-সহকারী প্রকৌশলী,Sub-Assistant Engineer,mosharaf19@gmail.com,mosharaf19@gmail.com,GMD-CUMILLA,"জিএমডি, কুমিল্লা","GMD, Cumilla",Cumilla,"দাগনভূঞা ১৩২/৩৩ কেভি জিআইএস গ্রিড উপকেন্দ্র, জিএমডি - নোয়াখালী।",GENERAL,ACTIVE,2026-2028,12
335,PGD-2026-0335,751,DIP-2026-751,3124,তাপস কুমার ভৌমিক,,উপ-সহকারী প্রকৌশলী,Sub-Assistant Engineer,tapos1986@gmail.com,tapos1986@gmail.com,GMD-KHULNA,"জিএমডি, খুলনা","GMD, Khulna",Khulna,"গোয়ালপাড়া ১৩২/৩৩ কেভি গ্রিড উপকেন্দ্র, জিএমডি- খুলনা (উত্তর)",GENERAL,ACTIVE,2026-2028,12
336,PGD-2026-0336,769,DIP-2026-769,3125,Md. Nuruzzaman,Md. Nuruzzaman,উপ-সহকারী প্রকৌশলী,Sub-Assistant Engineer,zmneee14@gmail.com,zmneee14@gmail.com,GMD-CTG-SOUTH,"জিএমডি, চট্টগ্রাম (দক্ষিণ)","GMD, Chattogram (South)",Chattogram,Modunaghat 400/230 kV GIS Grid SS,GENERAL,ACTIVE,2026-2028,12
337,PGD-2026-0337,717,DIP-2026-717,3126,মো: আজিজুর রহমান হাজরা,,উপ-সহকারী প্রকৌশলী,Sub-Assistant Engineer,azizurpgcb12@gmail.com,azizurpgcb12@gmail.com,GMD-KHULNA,"জিএমডি, খুলনা","GMD, Khulna",Khulna,বাগেরহাট ১৩২/৩৩ কেভি গ্রিড উপকেন্দ্র,GENERAL,ACTIVE,2026-2028,12
338,PGD-2026-0338,784,DIP-2026-784,3128,দেলোয়ার হোসেন,,উপ-সহকারী প্রকৌশলী,Sub-Assistant Engineer,delwarhossain1182@gmail.com,delwarhossain1182@ gmail.com,GMD-DHK-METRO,ঢাকা মহানগর,Dhaka Metropolitan,Dhaka,"মানিকগঞ্জ ১৩২ /৩৩ কেভি গ্রিড উপকেন্দ্র, জিএমডি, আরিচা।",GENERAL,ACTIVE,2026-2028,12
339,PGD-2026-0339,763,DIP-2026-763,3129,মো: বায়েজীদুল আলম আল- ফারুকী,,উপ-সহকারী প্রকৌশলী,Sub-Assistant Engineer,baezidalam@gmail.com,baezidalam@gmail.com,GMD-CTG-NORTH,"জিএমডি, চট্টগ্রাম (উত্তর)","GMD, Chattogram (North)",Chattogram,"২৩০/৩৩ কেভি বিএসআরএম গ্রিড উপকেন্দ্র, জিএমডি চট্টগ্রাম (উত্তর)",GENERAL,ACTIVE,2026-2028,12
340,PGD-2026-0340,670,DIP-2026-670,3130,MD.FAYSAL HOSSAIN,MD.FAYSAL HOSSAIN,উপ-সহকারী প্রকৌশলী,Sub-Assistant Engineer,mdlikhon187@gmail.com,mdlikhon187@gmail.com,GMD-BOGURA,"জিএমডি, বগুড়া","GMD, Bogura",Rajshahi,Naogaon 132/33 KV Grid Sub- Station,GENERAL,ACTIVE,2026-2028,12
341,PGD-2026-0341,767,DIP-2026-767,3131,মোঃ জাহাঙ্গীর আলম,,উপ-সহকারী প্রকৌশলী,Sub-Assistant Engineer,alam1218pgcb@gmail.com,alam1218pgcb@gmail.com,GMD-DHK-METRO,ঢাকা মহানগর,Dhaka Metropolitan,Dhaka,Manikganj 132/33 kV Grid Substations,GENERAL,ACTIVE,2026-2028,12
342,PGD-2026-0342,787,DIP-2026-787,3132,সুদেশ চন্দ্র দাস,,উপ-সহকারী প্রকৌশলী,Sub-Assistant Engineer,sudesh433@gmail.com,sudesh433@gmail.com,GMD-DHK-EAST,"জিএমডি, ঢাকা (পূর্ব)","GMD, Dhaka (East)",Dhaka,Ghatatil 133/33 kv grid substation.,GENERAL,ACTIVE,2026-2028,12
343,PGD-2026-0343,752,DIP-2026-752,3133,শাহিন সিকদার,,উপ-সহকারী প্রকৌশলী,Sub-Assistant Engineer,shahin.shikder2021@gmail.com,shahin.shikder2021@gmail.co m,GMD-KHULNA,"জিএমডি, খুলনা","GMD, Khulna",Khulna,Bagerhat 132/33 kv grid sub station,GENERAL,ACTIVE,2026-2028,12
344,PGD-2026-0344,900,DIP-2026-900,3134,Shafia jannatara,Shafia jannatara,উপ-সহকারী প্রকৌশলী,Sub-Assistant Engineer,shafia84@gmail.com,shafia84@gmail.com,GMD-DHK-METRO,ঢাকা মহানগর,Dhaka Metropolitan,Dhaka,132/33kvKallyanpur grid s/s,GENERAL,ACTIVE,2026-2028,12
345,PGD-2026-0345,1835,DIP-2026-1835,3135,Md.Badiul Islam,Md.Badiul Islam,উপ-সহকারী প্রকৌশলী,Sub-Assistant Engineer,badiul558@gmail.com,badiul558@gmail.com,GMD-BOGURA,"জিএমডি, বগুড়া","GMD, Bogura",Rajshahi,Trtud Bogura,GENERAL,ACTIVE,2026-2028,12
346,PGD-2026-0346,768,DIP-2026-768,3136,প্রিয়বরণ দেওয়ান,,উপ-সহকারী প্রকৌশলী,Sub-Assistant Engineer,priyopgcb@gmail.com,priyopgcb@gmail.com,GMD-CTG-NORTH,"জিএমডি, চট্টগ্রাম (উত্তর)","GMD, Chattogram (North)",Chattogram,"খাগড়াছড়ি গ্রিড উপকেন্দ্র, জিএমডি-রাঙ্গামাটি",GENERAL,ACTIVE,2026-2028,12
347,PGD-2026-0347,782,DIP-2026-782,3137,Kadrun Nesa Rotna,Kadrun Nesa Rotna,উপ-সহকারী প্রকৌশলী,Sub-Assistant Engineer,kadrunnesa@gmail.com,kadrunnesa@gmail.com,GMD-DHK-METRO,ঢাকা মহানগর,Dhaka Metropolitan,Dhaka,"Aftabnagar, Dhaka",GENERAL,ACTIVE,2026-2028,12
348,PGD-2026-0348,714,DIP-2026-714,3138,এস.এম.সাদিকুর রহমান,,উপ-সহকারী প্রকৌশলী,Sub-Assistant Engineer,sadikuruap@gmail.com,sadikuruap@gmail. com,GMD-RAJSHAHI,"জিএমডি, রাজশাহী","GMD, Rajshahi",Rajshahi,নাটোর ১৩২/৩৩ কেভি গ্রিড উপকেন্দ্র,GENERAL,ACTIVE,2026-2028,12
349,PGD-2026-0349,788,DIP-2026-788,3139,মো: শাহিনুর ইসলাম,,উপ-সহকারী প্রকৌশলী,Sub-Assistant Engineer,shahinoorpgcb1987@gmail.com,shahinoorpgcb1987@gmail.c om,GMD-DHK-METRO,ঢাকা মহানগর,Dhaka Metropolitan,Dhaka,কল্যানপুর গ্রিড উপকেন্দ্র,GENERAL,ACTIVE,2026-2028,13
350,PGD-2026-0350,906,DIP-2026-906,3141,Mst Yeasmin Akter,Mst Yeasmin Akter,উপ-সহকারী প্রকৌশলী,Sub-Assistant Engineer,jannatbillah@gmail.com,Jannatbillah@gmail.com,GMD-DHK-METRO,ঢাকা মহানগর,Dhaka Metropolitan,Dhaka,EMD,GENERAL,ACTIVE,2026-2028,13
351,PGD-2026-0351,1028,DIP-2026-1028,3142,মো: তারেক হাসান,,উপ-সহকারী প্রকৌশলী,Sub-Assistant Engineer,engr.tareqhasan@gmail.com,engr.tareqhasan@gmail.com,GMD-BOGURA,"জিএমডি, বগুড়া","GMD, Bogura",Rajshahi,Bogura 132/33 kv grid sub-station,GENERAL,ACTIVE,2026-2028,13
352,PGD-2026-0352,716,DIP-2026-716,3144,মোঃ ওয়াজকুরুনী শিকদার,,উপ-সহকারী প্রকৌশলী,Sub-Assistant Engineer,waskurni04@gmail.com,waskurni04@gmail.com,GMD-DHK-NORTH,"জিএমডি, ঢাকা (উত্তর)","GMD, Dhaka (North)",Dhaka,Agargaon s/s,GENERAL,ACTIVE,2026-2028,13
353,PGD-2026-0353,726,DIP-2026-726,3146,মোঃ আবু দাউদ,,উপ-সহকারী প্রকৌশলী,Sub-Assistant Engineer,abudaudpgcb@gmail.com,abudaudpgcb@gmail.com,GMD-DHK-METRO,ঢাকা মহানগর,Dhaka Metropolitan,Dhaka,২৩০/১৩২/৩৩কেভি আগারগাঁও গ্রীড,GENERAL,ACTIVE,2026-2028,13
354,PGD-2026-0354,1035,DIP-2026-1035,3155,আবু সায়েদ মোঃ কবিরুল হাসান,,উপ-সহকারী প্রকৌশলী,Sub-Assistant Engineer,md_hassan2036@yahoo.com,md_hassan2036@yahoo.com,GMD-CUMILLA,"জিএমডি, কুমিল্লা","GMD, Cumilla",Cumilla,মাইজদী ১৩২/৩৩ কেভি জি আই এস গ্রিড উপকেন্দ্র,GENERAL,ACTIVE,2026-2028,13
355,PGD-2026-0355,743,DIP-2026-743,3157,জগন্নাথ রায়,,উপ-সহকারী প্রকৌশলী,Sub-Assistant Engineer,ringkuroy1988.36@gmail.com,ringkuroy1988.36@gmail.co m,GMD-BOGURA,"জিএমডি, বগুড়া","GMD, Bogura",Rajshahi,Palashbari 132/33kv grid sub- station,GENERAL,ACTIVE,2026-2028,13
356,PGD-2026-0356,993,DIP-2026-993,3158,MAZ Nazmul Huda,MAZ Nazmul Huda,উপ-সহকারী প্রকৌশলী,Sub-Assistant Engineer,nazmuljttc@gmail.com,nazmuljttc@gmail.com,GMD-KHULNA,"জিএমডি, খুলনা","GMD, Khulna",Khulna,Satkhira 132/33 KV Grid Sub- station,GENERAL,ACTIVE,2026-2028,13
357,PGD-2026-0357,748,DIP-2026-748,3160,প্রকৌশলী হেলাল মোরশেদ,,উপ-সহকারী প্রকৌশলী,Sub-Assistant Engineer,shohaghelal@yahoo.com,shohaghelal@yahoo.com,PROJECT-BRANCH,প্রকল্প শাখা,Project Branch,Headquarters / Projects,ঢাকা,GENERAL,ACTIVE,2026-2028,13
358,PGD-2026-0358,744,DIP-2026-744,3161,Abu Faisal Md Ziarub Hossain,Abu Faisal Md Ziarub Hossain,উপ-সহকারী প্রকৌশলী,Sub-Assistant Engineer,faisal.pgcb21@gmail.com,faisal.pgcb21@gmail.com,GMD-DHK-METRO,ঢাকা মহানগর,Dhaka Metropolitan,Dhaka,"NOD, LDC",GENERAL,ACTIVE,2026-2028,13
359,PGD-2026-0359,1005,DIP-2026-1005,3163,মোহাম্মদ তৈয়ব উদ্দিন,,উপ-সহকারী প্রকৌশলী,Sub-Assistant Engineer,tayubpgcb@gmail.com,tayubpgcb@gmail,GMD-CTG-NORTH,"জিএমডি, চট্টগ্রাম (উত্তর)","GMD, Chattogram (North)",Chattogram,Akspl132/33kv grid substations,GENERAL,ACTIVE,2026-2028,13
360,PGD-2026-0360,1006,DIP-2026-1006,3164,কাজী মোহাম্মদ সাহাদত হোসেন,,উপ-সহকারী প্রকৌশলী,Sub-Assistant Engineer,kazimohdshahadat@gmail.com,kazimohdshahadat@gmailco m,GMD-CTG-CENTRAL,"জিএমডি, চট্টগ্রাম (সেন্ট্রাল)","GMD, Chattogram (Central)",Chattogram,খুলশী ১৩২/৩৩ কেভি গ্রিড উপকেন্দ্র,GENERAL,ACTIVE,2026-2028,13
361,PGD-2026-0361,849,DIP-2026-849,3165,মোহাম্মদ আলিম শাহ চৌধুরী,,উপ-সহকারী প্রকৌশলী,Sub-Assistant Engineer,engralim.pgcb@gmail.com,engralim.pgcb@gmail.com,PROJECT-BRANCH,প্রকল্প শাখা,Project Branch,Headquarters / Projects,ESPNCA project,GENERAL,ACTIVE,2026-2028,13
362,PGD-2026-0362,956,DIP-2026-956,3168,মোহাম্মদ শাহরাজ চৌধুরী,,উপ-সহকারী প্রকৌশলী,Sub-Assistant Engineer,shahrajc@yahoo.com,shahrajc@yahoo.com,GMD-CTG-NORTH,"জিএমডি, চট্টগ্রাম (উত্তর)","GMD, Chattogram (North)",Chattogram,১৩২/৩৩ কেভি বারআউলিয়া গ্রিড উপকেন্দ্র,GENERAL,ACTIVE,2026-2028,13
363,PGD-2026-0363,990,DIP-2026-990,3170,মো: রাশেদুল আলম,,উপ-সহকারী প্রকৌশলী,Sub-Assistant Engineer,jamrana13@gmail.com,jamrana13@gmail.com,GMD-CTG-CENTRAL,"জিএমডি, চট্টগ্রাম (সেন্ট্রাল)","GMD, Chattogram (Central)",Chattogram,হালিশহর ১৩২/৩৩ কেভি গ্রিড উপকেন্দ্র,GENERAL,ACTIVE,2026-2028,13
364,PGD-2026-0364,1836,DIP-2026-1836,3171,রুবেল দত্ত,,উপ-সহকারী প্রকৌশলী,Sub-Assistant Engineer,rubeldatta2012@gmail.com,rubeldatta2012@gmail.com,GMD-CTG-SOUTH,"জিএমডি, চট্টগ্রাম (দক্ষিণ)","GMD, Chattogram (South)",Chattogram,Dohazari 132/33 Kv Grid Sub- Station,GENERAL,ACTIVE,2026-2028,13
365,PGD-2026-0365,958,DIP-2026-958,3172,Md.Tapikur Rahaman,Md.Tapikur Rahaman,উপ-সহকারী প্রকৌশলী,Sub-Assistant Engineer,tapikur27@gmail.com,tapikur27@gmail.com,GMD-CTG-CENTRAL,"জিএমডি, চট্টগ্রাম (সেন্ট্রাল)","GMD, Chattogram (Central)",Chattogram,Agrabad 132/33 kv substation.,GENERAL,ACTIVE,2026-2028,13
366,PGD-2026-0366,847,DIP-2026-847,3174,Hanufa Khatun,Hanufa Khatun,উপ-সহকারী প্রকৌশলী,Sub-Assistant Engineer,hanufa.pgcb@gmail.com,hanufa.pgcb@gmail.com,GMD-DHK-METRO,ঢাকা মহানগর,Dhaka Metropolitan,Dhaka,Aftabnagar Dhaka,GENERAL,ACTIVE,2026-2028,13
367,PGD-2026-0367,884,DIP-2026-884,3176,মোঃ সাজেদুর রহমান,,উপ-সহকারী প্রকৌশলী,Sub-Assistant Engineer,shajadur1010@gmail.com,shajadur1010@gmail.com,GMD-DINAJPUR,"জিএমডি, দিনাজপুর","GMD, Dinajpur",Rangpur,বড়পুকুরিয়া ২৩০/১৩২ কেভি গ্রিড উপকেন্দ্র,GENERAL,ACTIVE,2026-2028,13
368,PGD-2026-0368,885,DIP-2026-885,3177,মোঃ সাদ্দাম হোসেন,,উপ-সহকারী প্রকৌশলী,Sub-Assistant Engineer,saddamet@gmail.com,saddamet@gmail.com,GMD-RANGPUR,"জিএমডি, রংপুর","GMD, Rangpur",Rangpur,রংপুর ১৩২/৩৩ কেভি গ্রিড উপকেন্দ্র,GENERAL,ACTIVE,2026-2028,13
369,PGD-2026-0369,1095,DIP-2026-1095,3180,MD Shoriful Islam Shorif,MD Shoriful Islam Shorif,উপ-সহকারী প্রকৌশলী,Sub-Assistant Engineer,shorifpgcb14@gmail.com,shorifpgcb14@gmail.com,GMD-DHK-METRO,ঢাকা মহানগর,Dhaka Metropolitan,Dhaka,132/33kV Manikganj grid Sub- Station,GENERAL,ACTIVE,2026-2028,13
370,PGD-2026-0370,997,DIP-2026-997,3181,Mohammad Habibullah,Mohammad Habibullah,উপ-সহকারী প্রকৌশলী,Sub-Assistant Engineer,habibpgcb14@gmail.com,habibpgcb14@gmail.com,GMD-CTG-CENTRAL,"জিএমডি, চট্টগ্রাম (সেন্ট্রাল)","GMD, Chattogram (Central)",Chattogram,Rampur 230/132 kV Grid substation,GENERAL,ACTIVE,2026-2028,13
371,PGD-2026-0371,826,DIP-2026-826,3182,ইশতিয়াক আহমেদ,,উপ-সহকারী প্রকৌশলী,Sub-Assistant Engineer,ishtiakbappa@gmail.com,ishtiakbappa@gmail.com,GMD-DHK-METRO,ঢাকা মহানগর,Dhaka Metropolitan,Dhaka,শ্যামপুর ২৩০/১৩২ কেভি গ্রিড উপকেন্দ্র,GENERAL,ACTIVE,2026-2028,13
372,PGD-2026-0372,886,DIP-2026-886,3184,MD Nizam uddin,MD Nizam uddin,উপ-সহকারী প্রকৌশলী,Sub-Assistant Engineer,engrnizam38@gmail.com,engrnizam38@gmail.com,GMD-RANGPUR,"জিএমডি, রংপুর","GMD, Rangpur",Rangpur,"Taraganj 132/33 KV Grid Sbu- station.GMD,Power Grid,Rangpur.",GENERAL,ACTIVE,2026-2028,13
373,PGD-2026-0373,887,DIP-2026-887,3185,মো:কোরবান আলী,,উপ-সহকারী প্রকৌশলী,Sub-Assistant Engineer,korbanduet@gmail.com,korbanduet@gmail,PROJECT-BRANCH,প্রকল্প শাখা,Project Branch,Headquarters / Projects,"আফতাবনগর, ঢাকা।",GENERAL,ACTIVE,2026-2028,13
374,PGD-2026-0374,942,DIP-2026-942,3186,Md. Rabi Ullah,Md. Rabi Ullah,উপ-সহকারী প্রকৌশলী,Sub-Assistant Engineer,rabiullah.eee@gmail.com,rabiullah.eee@gmail.com,GMD-CUMILLA,"জিএমডি, কুমিল্লা","GMD, Cumilla",Cumilla,Daudkandi 132/33 kv Grid Substation,GENERAL,ACTIVE,2026-2028,13
375,PGD-2026-0375,860,DIP-2026-860,3187,Md. Moinul Hossain Sobuj,Md. Moinul Hossain Sobuj,উপ-সহকারী প্রকৌশলী,Sub-Assistant Engineer,sobujpgcb@gmail.com,sobujpgcb@gmail.com,GMD-BARISHAL,"জিএমডি, বরিশাল","GMD, Barishal",Barishal,Barguna 132/33 kV Grid Sub- Station,GENERAL,ACTIVE,2026-2028,13
376,PGD-2026-0376,858,DIP-2026-858,3189,মো: আরিফুর রহমান গাজী,,উপ-সহকারী প্রকৌশলী,Sub-Assistant Engineer,arif.pgcb14@gmail.com,arif.pgcb14@gmail,GMD-KHULNA,"জিএমডি, খুলনা","GMD, Khulna",Khulna,বাগেরহাট ১৩২/৩৩ কেভি উপকেন্দ্র,GENERAL,ACTIVE,2026-2028,13
377,PGD-2026-0377,827,DIP-2026-827,3190,মোঃ নুরনবী,,উপ-সহকারী প্রকৌশলী,Sub-Assistant Engineer,engrnabi@gmail.com,engrnabi@gmail.com,GMD-DHK-METRO,ঢাকা মহানগর,Dhaka Metropolitan,Dhaka,ICT,GENERAL,ACTIVE,2026-2028,13
378,PGD-2026-0378,1002,DIP-2026-1002,3191,Mohammad tanveer Islam,Mohammad tanveer Islam,উপ-সহকারী প্রকৌশলী,Sub-Assistant Engineer,tanveerpgcb@gmail.com,tanveerpgcb@gmail.com,GMD-CTG-NORTH,"জিএমডি, চট্টগ্রাম (উত্তর)","GMD, Chattogram (North)",Chattogram,Hathazari 230/132/33 Kv substation,GENERAL,ACTIVE,2026-2028,14
379,PGD-2026-0379,1033,DIP-2026-1033,3192,"জি, এম, শাহজাহান",,উপ-সহকারী প্রকৌশলী,Sub-Assistant Engineer,shajahangtalk@gmail.com,shajahangtalk@gmail.com,GMD-JHENAIDAH,"জিএমডি, ঝিনাইদহ","GMD, Jhenaidah",Khulna,যশোর ১৩২/৩৩ কেভি গ্রিড সাবস্টেশন,GENERAL,ACTIVE,2026-2028,14
380,PGD-2026-0380,804,DIP-2026-804,3196,Mahbub Alam,Mahbub Alam,উপ-সহকারী প্রকৌশলী,Sub-Assistant Engineer,mahbub.pgb03196@gmail.com,mahbub.pgb03196@gmail.co m,PROJECT-BRANCH,প্রকল্প শাখা,Project Branch,Headquarters / Projects,ESPNER project,GENERAL,ACTIVE,2026-2028,14
381,PGD-2026-0381,816,DIP-2026-816,3199,Md. Asaduzzaman,Md. Asaduzzaman,উপ-সহকারী প্রকৌশলী,Sub-Assistant Engineer,mdasadpgcb@gmail.com,mdasadpgcb@gmail.com,GMD-KHULNA,"জিএমডি, খুলনা","GMD, Khulna",Khulna,230/132 kV Khulna South ss,GENERAL,ACTIVE,2026-2028,14
382,PGD-2026-0382,924,DIP-2026-924,3200,ফাহিম কামাল ভূঞাঁ,,উপ-সহকারী প্রকৌশলী,Sub-Assistant Engineer,fahimkamalpgcb@gmail.com,fahimkamalpgcb@gmail.com,GMD-CUMILLA,"জিএমডি, কুমিল্লা","GMD, Cumilla",Cumilla,২৩০/১৩২/৩৩ কেভি কুমিল্লা (উঃ) গ্রিড উপকেন্দ্র,GENERAL,ACTIVE,2026-2028,14
383,PGD-2026-0383,875,DIP-2026-875,3201,Md. Rasel Rana,Md. Rasel Rana,উপ-সহকারী প্রকৌশলী,Sub-Assistant Engineer,rasel0325@gmail.com,rasel0325@gmail.com,GMD-SIRAJGANJ,"জিএমডি, সিরাজগঞ্জ","GMD, Sirajganj",Rajshahi,"Sirajganj 132/33 KV Grid Sub Station, Sialkole, Sirajganj.",GENERAL,ACTIVE,2026-2028,14
384,PGD-2026-0384,911,DIP-2026-911,3202,Rezaur Rahman Razu,Rezaur Rahman Razu,উপ-সহকারী প্রকৌশলী,Sub-Assistant Engineer,rezaur054@gmail.com,rezaur054@gmail.com,GMD-FARIDPUR,"জিএমডি, ফরিদপুর","GMD, Faridpur",Dhaka,"রাজবাড়ী ১৩২/৩৩ কেভি গ্রিড উপকেন্দ্র, ফরিদপুর।",GENERAL,ACTIVE,2026-2028,14
385,PGD-2026-0385,988,DIP-2026-988,3203,Lokman khan,Lokman khan,উপ-সহকারী প্রকৌশলী,Sub-Assistant Engineer,kmlokman@gmail.com,kmlokman@gmail.com,PROJECT-BRANCH,প্রকল্প শাখা,Project Branch,Headquarters / Projects,Dhaka and western zone transmission grid expansion,GENERAL,ACTIVE,2026-2028,14
386,PGD-2026-0386,1019,DIP-2026-1019,3205,Md. Ashraful Islam,Md. Ashraful Islam,উপ-সহকারী প্রকৌশলী,Sub-Assistant Engineer,ashraful.pbn@gmail.com,ashraful.pbn@gmail.com,GMD-DHK-METRO,ঢাকা মহানগর,Dhaka Metropolitan,Dhaka,OFCN,GENERAL,ACTIVE,2026-2028,14
387,PGD-2026-0387,845,DIP-2026-845,3206,Md. Farhad Nawaz,Md. Farhad Nawaz,উপ-সহকারী প্রকৌশলী,Sub-Assistant Engineer,farhadnawaz06@gmail.com,farhadnawaz06@gmail.com,GMD-KHULNA,"জিএমডি, খুলনা","GMD, Khulna",Khulna,Khulna South 230/132kv Grid Sub- Station,GENERAL,ACTIVE,2026-2028,14
388,PGD-2026-0388,932,DIP-2026-932,3208,মো: সাইদুল ইসলাম,,উপ-সহকারী প্রকৌশলী,Sub-Assistant Engineer,saiduleee92@gmail.com,saiduleee92@gmail.com,PROJECT-BRANCH,প্রকল্প শাখা,Project Branch,Headquarters / Projects,জিটুজি প্রকল্প,GENERAL,ACTIVE,2026-2028,14
389,PGD-2026-0389,1013,DIP-2026-1013,3209,মো: আল মামুন,,উপ-সহকারী প্রকৌশলী,Sub-Assistant Engineer,almamuniut.oic@gmail.com,almamuniut.oic@gmail.com,GMD-DHK-METRO,ঢাকা মহানগর,Dhaka Metropolitan,Dhaka,Gulshan 132/33 Kv Grid Substation,GENERAL,ACTIVE,2026-2028,14
390,PGD-2026-0390,947,DIP-2026-947,3210,Abu sufian,Abu sufian,উপ-সহকারী প্রকৌশলী,Sub-Assistant Engineer,bappy1748@gmail.com,bappy1748@gmail.com,GMD-DHK-METRO,ঢাকা মহানগর,Dhaka Metropolitan,Dhaka,CNSTD,GENERAL,ACTIVE,2026-2028,14
391,PGD-2026-0391,871,DIP-2026-871,3214,সোনিয়া আক্তার,,উপ-সহকারী প্রকৌশলী,Sub-Assistant Engineer,sakterr71@gmail.com,sakterr71@gmail,GMD-DHK-NORTH,"জিএমডি, ঢাকা (উত্তর)","GMD, Dhaka (North)",Dhaka,132/33 KV New Tongi S/S,GENERAL,ACTIVE,2026-2028,14
392,PGD-2026-0392,1003,DIP-2026-1003,3215,এস. এম. জিয়াউল হাসান।,,উপ-সহকারী প্রকৌশলী,Sub-Assistant Engineer,s.m.titu08@gmail.com,s.m.titu08@gmail.com,GMD-CTG-NORTH,"জিএমডি, চট্টগ্রাম (উত্তর)","GMD, Chattogram (North)",Chattogram,GPH 230 KV GRID SS,GENERAL,ACTIVE,2026-2028,14
393,PGD-2026-0393,1045,DIP-2026-1045,3218,মো:মাহাবুব খান,,উপ-সহকারী প্রকৌশলী,Sub-Assistant Engineer,xformar@gmail.com,xformar@gmail.com,GMD-FARIDPUR,"জিএমডি, ফরিদপুর","GMD, Faridpur",Dhaka,ফরিদপুর ২৩০/১৩২/৩৩ কেভি গ্রিড উপকেন্দ্র,GENERAL,ACTIVE,2026-2028,14
394,PGD-2026-0394,859,DIP-2026-859,3219,মোঃ শাহনেওয়াজ রেদোয়ান,,উপ-সহকারী প্রকৌশলী,Sub-Assistant Engineer,redwanpgcbl@gmail.com,redwanpgcbl@gmail.com,GMD-DHK-EAST,"জিএমডি, ঢাকা (পূর্ব)","GMD, Dhaka (East)",Dhaka,সিদ্ধিরগঞ্জ ২৩০/১৩২ কেভি গ্রীড উপকেন্দ্র।,GENERAL,ACTIVE,2026-2028,14
395,PGD-2026-0395,1164,DIP-2026-1164,3220,Md. Shah Mokhdum Warasy,Md. Shah Mokhdum Warasy,উপ-সহকারী প্রকৌশলী,Sub-Assistant Engineer,mdkwarasy@gmail.com,mdkwarasy@gmail.com,GMD-ISHWARDI,"জিএমডি, ঈশ্বরদী","GMD, Ishwardi",Rajshahi,Biptc,GENERAL,ACTIVE,2026-2028,14
396,PGD-2026-0396,1837,DIP-2026-1837,3222,Nur Mohammad,Nur Mohammad,উপ-সহকারী প্রকৌশলী,Sub-Assistant Engineer,nurislam19712018@gmail.com,nurislam19712018@gmail.co m,GMD-ISHWARDI,"জিএমডি, ঈশ্বরদী","GMD, Ishwardi",Rajshahi,Bheramara (Gk) 132/33 kv Grid substation.,GENERAL,ACTIVE,2026-2028,14
397,PGD-2026-0397,1038,DIP-2026-1038,3223,MD.Nuruzzaman,MD.Nuruzzaman,উপ-সহকারী প্রকৌশলী,Sub-Assistant Engineer,md.nsuzon.pgcb@gmail.com,md.nsuzon.pgcb@gmail.com,GMD-ISHWARDI,"জিএমডি, ঈশ্বরদী","GMD, Ishwardi",Rajshahi,Bheramara 230/132 KV s/s,GENERAL,ACTIVE,2026-2028,14
398,PGD-2026-0398,976,DIP-2026-976,3225,মোস্তফা খান,,উপ-সহকারী প্রকৌশলী,Sub-Assistant Engineer,mostafa.khan8787@gmail.com,mostafa.khan8787@gmail.co m,GMD-SIRAJGANJ,"জিএমডি, সিরাজগঞ্জ","GMD, Sirajganj",Rajshahi,সিরাজগঞ্জ ২৩০ কেভি সুইচিং উপকেন্দ্র,GENERAL,ACTIVE,2026-2028,14
399,PGD-2026-0399,888,DIP-2026-888,3227,মোঃ মাহাবুল ইসলাম,,উপ-সহকারী প্রকৌশলী,Sub-Assistant Engineer,mahabul2012et@gmail.com,mahabul2012et@gmail.com,GMD-RANGPUR,"জিএমডি, রংপুর","GMD, Rangpur",Rangpur,মিঠাপুকুর ১৩২/৩৩ কেভি গ্রিড উপকেন্দ্র।,GENERAL,ACTIVE,2026-2028,14
400,PGD-2026-0400,1023,DIP-2026-1023,3230,Md Asaduzzaman,Md Asaduzzaman,উপ-সহকারী প্রকৌশলী,Sub-Assistant Engineer,asadbiptcpgcb@gmail.com,asadbiptcpgcb@gmail.com,GMD-JHENAIDAH,"জিএমডি, ঝিনাইদহ","GMD, Jhenaidah",Khulna,Chuadanga 132/33 kV grid substation,GENERAL,ACTIVE,2026-2028,14
401,PGD-2026-0401,821,DIP-2026-821,3233,মোহাম্মদ শফিকুল ইসলাম,,উপ-সহকারী প্রকৌশলী,Sub-Assistant Engineer,bv.shafiq@gmail.com,bv.shafiq@gmail.com,GMD-DHK-METRO,ঢাকা মহানগর,Dhaka Metropolitan,Dhaka,"নবীনগর ১৩২/৩৩ কেভি জিআইএস গ্রিড উপকেন্দ্র, জিএমডি, আরিচা",GENERAL,ACTIVE,2026-2028,14
402,PGD-2026-0402,952,DIP-2026-952,3237,মোঃমাহমুদুল হাসন,,উপ-সহকারী প্রকৌশলী,Sub-Assistant Engineer,engr.mahmudul14@gmail.com,engr.mahmudul14@gmail.co m,GMD-RAJSHAHI,"জিএমডি, রাজশাহী","GMD, Rajshahi",Rajshahi,রাজশাহী ২৩০/১৩২/৩৩ কেভি গ্রিড উপকেন্দ্র,GENERAL,ACTIVE,2026-2028,14
403,PGD-2026-0403,889,DIP-2026-889,3241,মো: রুবেল,,উপ-সহকারী প্রকৌশলী,Sub-Assistant Engineer,rubelengr.pgcb@gmail.com,rubelengr.pgcb@gmail.com,GMD-DINAJPUR,"জিএমডি, দিনাজপুর","GMD, Dinajpur",Rangpur,ঠাকুরগাঁও ১৩২/৩৩ কেভি গ্রিড উপকেন্দ্র,GENERAL,ACTIVE,2026-2028,14
404,PGD-2026-0404,957,DIP-2026-957,3243,মো: ফখরুল ইসলাম,,উপ-সহকারী প্রকৌশলী,Sub-Assistant Engineer,fakhrul3g@gmail.com,fakhrul3g@gmail.com,GMD-CTG-CENTRAL,"জিএমডি, চট্টগ্রাম (সেন্ট্রাল)","GMD, Chattogram (Central)",Chattogram,ষোলশহর ১৩২/৩৩ কেভি গ্রিড উপকেন্দ্র,GENERAL,ACTIVE,2026-2028,14
405,PGD-2026-0405,984,DIP-2026-984,3247,Md.Aminul Islam,Md.Aminul Islam,উপ-সহকারী প্রকৌশলী,Sub-Assistant Engineer,mdaminulislam792@gmail.com,mdaminulislam792@gmail.co m,GMD-DHK-NORTH,"জিএমডি, ঢাকা (উত্তর)","GMD, Dhaka (North)",Dhaka,Mirzapur 132/33 kv Gis grid S/S.,GENERAL,ACTIVE,2026-2028,14
406,PGD-2026-0406,1029,DIP-2026-1029,3248,মোঃ আবুল কালাম আজাদ,,উপ-সহকারী প্রকৌশলী,Sub-Assistant Engineer,abulkalameeeduet@gmail.com,abulkalameeeduet@gmail.co m,GMD-ISHWARDI,"জিএমডি, ঈশ্বরদী","GMD, Ishwardi",Rajshahi,বাংলাদেশ ভারত বিদু্যৎ সঞ্চালন কেন্দ্র,GENERAL,ACTIVE,2026-2028,14
407,PGD-2026-0407,843,DIP-2026-843,3249,মো: ফয়সাল তারেক,,উপ-সহকারী প্রকৌশলী,Sub-Assistant Engineer,tareqrupsha@gmail.com,tareqrupsha@gmail,GMD-KHULNA,"জিএমডি, খুলনা","GMD, Khulna",Khulna,"TRTUD, Khulna",GENERAL,ACTIVE,2026-2028,15
408,PGD-2026-0408,815,DIP-2026-815,3250,মো: জাহিদুর রহমান সুমন,,উপ-সহকারী প্রকৌশলী,Sub-Assistant Engineer,jahidpgcb@gmail.com,jahidpgcb@gmail.com,PROJECT-BRANCH,প্রকল্প শাখা,Project Branch,Headquarters / Projects,৪০০ কেভি জিএনডি প্রকল্প,GENERAL,ACTIVE,2026-2028,15
409,PGD-2026-0409,891,DIP-2026-891,3251,রাশেদুজ্জামান,,উপ-সহকারী প্রকৌশলী,Sub-Assistant Engineer,engrrashed.pgcb@gmail.com,engrrashed.pgcb@gmail.com,GMD-RANGPUR,"জিএমডি, রংপুর","GMD, Rangpur",Rangpur,জলঢাকা ১৩২-৩৩ কেভি গ্রিড উপকেন্দ্র।,GENERAL,ACTIVE,2026-2028,15
410,PGD-2026-0410,830,DIP-2026-830,3254,নির্ঝর সোম,,উপ-সহকারী প্রকৌশলী,Sub-Assistant Engineer,nirzar.cse@gmail.com,nirzar.cse@gmail.com,GMD-DHK-METRO,ঢাকা মহানগর,Dhaka Metropolitan,Dhaka,"আইসিটি, প্রধান কার্যালয়",GENERAL,ACTIVE,2026-2028,15
411,PGD-2026-0411,944,DIP-2026-944,3256,Morshadul islam,Morshadul islam,উপ-সহকারী প্রকৌশলী,Sub-Assistant Engineer,engmorshedpgcb@gmail.com,engmorshedpgcb@gmail.com,GMD-DHK-METRO,ঢাকা মহানগর,Dhaka Metropolitan,Dhaka,Maniknagar 230 kv grid substation,GENERAL,ACTIVE,2026-2028,15
412,PGD-2026-0412,1838,DIP-2026-1838,3257,Md. Rubel mir,Md. Rubel mir,উপ-সহকারী প্রকৌশলী,Sub-Assistant Engineer,md.rubelmir1989@gmail.com,md.rubelmir1989@gmail.com,GMD-DHK-METRO,ঢাকা মহানগর,Dhaka Metropolitan,Dhaka,Civil works,GENERAL,ACTIVE,2026-2028,15
413,PGD-2026-0413,892,DIP-2026-892,3260,মোঃ দিলশাদ হোসেন,,উপ-সহকারী প্রকৌশলী,Sub-Assistant Engineer,dilshadhossain75@gmail.com,dilshadhossain75@gmail.com,GMD-DINAJPUR,"জিএমডি, দিনাজপুর","GMD, Dinajpur",Rangpur,বড়পুকুরিয়া ২৩০/১৩২/৩৩কেভি গ্রিড উপকেন্দ্র,GENERAL,ACTIVE,2026-2028,15
414,PGD-2026-0414,1157,DIP-2026-1157,3261,এনামুল হক,,উপ-সহকারী প্রকৌশলী,Sub-Assistant Engineer,anamulcng@gmail.com,anamulcng@gmail.com,GMD-ISHWARDI,"জিএমডি, ঈশ্বরদী","GMD, Ishwardi",Rajshahi,BHANGURA 132/33 KV GRID SUBSTATION,GENERAL,ACTIVE,2026-2028,15
415,PGD-2026-0415,823,DIP-2026-823,3262,ফারজানা পারভীন,,উপ-সহকারী প্রকৌশলী,Sub-Assistant Engineer,farzanapgcb14@gmail.com,farzanapgcb14@gmail.com,GMD-DHK-METRO,ঢাকা মহানগর,Dhaka Metropolitan,Dhaka,আগারগাঁও ২৩০ / ১৩২/৩৩ কেভি গ্রিড উপকেন্দ্র,GENERAL,ACTIVE,2026-2028,15
416,PGD-2026-0416,1036,DIP-2026-1036,3264,md anowar saddat bin sattar,md anowar saddat bin sattar,উপ-সহকারী প্রকৌশলী,Sub-Assistant Engineer,anowarogcb84@gmail.com,anowarogcb84@gmail.com,GMD-KHULNA,"জিএমডি, খুলনা","GMD, Khulna",Khulna,narail s/s,GENERAL,ACTIVE,2026-2028,15
417,PGD-2026-0417,842,DIP-2026-842,3266,Md.Mostafizur Rahaman,Md.Mostafizur Rahaman,উপ-সহকারী প্রকৌশলী,Sub-Assistant Engineer,mostafiz2078@gmail.com,mostafiz2078@gmail.com,GMD-KHULNA,"জিএমডি, খুলনা","GMD, Khulna",Khulna,"ALDC, KHULNA",GENERAL,ACTIVE,2026-2028,15
418,PGD-2026-0418,931,DIP-2026-931,3267,মোঃ দুলাল মিয়া,,উপ-সহকারী প্রকৌশলী,Sub-Assistant Engineer,dulalpgcbm02@gmail.com,dulalpgcbm02@gmail.com,GMD-SRIMANGAL,"জিএমডি, শ্রীমঙ্গল","GMD, Srimangal",Sylhet,সুনামগঞ্জ ১৩২/৩৩ কেভি গ্রিড উপকেন্দ্র,GENERAL,ACTIVE,2026-2028,15
419,PGD-2026-0419,878,DIP-2026-878,3271,শ্রী সুদীপ্ত শংকর রায়,,উপ-সহকারী প্রকৌশলী,Sub-Assistant Engineer,sudiptaroy430@gmail.com,sudiptaroy430@gmail.com,GMD-SIRAJGANJ,"জিএমডি, সিরাজগঞ্জ","GMD, Sirajganj",Rajshahi,সিরাজগঞ্জ ১৩২/৩৩ কেভি উপকেন্দ্র,GENERAL,ACTIVE,2026-2028,15
420,PGD-2026-0420,853,DIP-2026-853,3272,বাবু ত্রিপুরা,,উপ-সহকারী প্রকৌশলী,Sub-Assistant Engineer,babutripura@gmail.com,babutripura@gmail.com,GMD-CTG-CENTRAL,"জিএমডি, চট্টগ্রাম (সেন্ট্রাল)","GMD, Chattogram (Central)",Chattogram,ষোলশহর ১৩২/৩৩ কেভি জিআইএস গ্রিড উপকেন্দ্র,GENERAL,ACTIVE,2026-2028,15
421,PGD-2026-0421,838,DIP-2026-838,3273,Gazi Safiqul Alam,Gazi Safiqul Alam,উপ-সহকারী প্রকৌশলী,Sub-Assistant Engineer,eppkhulna@gmail.com,eppkhulna@gmail.com,GMD-KHULNA,"জিএমডি, খুলনা","GMD, Khulna",Khulna,Noapara 132/33 kV Grid Sub- Station,GENERAL,ACTIVE,2026-2028,15
422,PGD-2026-0422,1039,DIP-2026-1039,3275,মোঃ এনামুল হক,,উপ-সহকারী প্রকৌশলী,Sub-Assistant Engineer,md.anamul.pgcb@gmail.com,md.anamul.pgcb@gmail.com,GMD-JHENAIDAH,"জিএমডি, ঝিনাইদহ","GMD, Jhenaidah",Khulna,চুয়াডাঙ্গা ১৩২/৩৩ কেভি গ্রিড উপকেন্দ্রে,GENERAL,ACTIVE,2026-2028,15
423,PGD-2026-0423,1026,DIP-2026-1026,3276,MD. ZIYAUR RAHMAN,MD. ZIYAUR RAHMAN,উপ-সহকারী প্রকৌশলী,Sub-Assistant Engineer,ziyurieb51750@gmail.com,ziyurieb51750@gmail.com,GMD-ISHWARDI,"জিএমডি, ঈশ্বরদী","GMD, Ishwardi",Rajshahi,"BIPTC, Bheramar, Kushtia.",GENERAL,ACTIVE,2026-2028,15
424,PGD-2026-0424,848,DIP-2026-848,3277,সুষমা রানী,,উপ-সহকারী প্রকৌশলী,Sub-Assistant Engineer,engr.susama@gmail.com,engr.susama@gmail.com,GMD-DHK-METRO,ঢাকা মহানগর,Dhaka Metropolitan,Dhaka,"আফতাবনগর, ঢাকা",GENERAL,ACTIVE,2026-2028,15
425,PGD-2026-0425,1014,DIP-2026-1014,3278,"এস,এম, ফকরুল ইসলাম",,উপ-সহকারী প্রকৌশলী,Sub-Assistant Engineer,fakrul.pgcb@gmail.com,fakrul.pgcb@gmail.com,GMD-SIRAJGANJ,"জিএমডি, সিরাজগঞ্জ","GMD, Sirajganj",Rajshahi,বাঘাবাড়ি ২৩০/১৩২ কেভি গ্রিড উপকেন্দ্র,GENERAL,ACTIVE,2026-2028,15
426,PGD-2026-0426,1015,DIP-2026-1015,3280,মোঃ আব্দুল কাদের,,উপ-সহকারী প্রকৌশলী,Sub-Assistant Engineer,kader138pgcb@gmail.com,kader138pgcb@gmail.com,GMD-SIRAJGANJ,"জিএমডি, সিরাজগঞ্জ","GMD, Sirajganj",Rajshahi,সিরাজগঞ্জ ২৩০ কেভি সুইচিং স্টেশন,GENERAL,ACTIVE,2026-2028,15
427,PGD-2026-0427,917,DIP-2026-917,3282,Mohammad Lutfur Rahman,Mohammad Lutfur Rahman,উপ-সহকারী প্রকৌশলী,Sub-Assistant Engineer,lutfurpgcb@gmail.com,Lutfurpgcb@gmail. Com,GMD-SRIMANGAL,"জিএমডি, শ্রীমঙ্গল","GMD, Srimangal",Sylhet,Kulaura 132/33kv grid substation,GENERAL,ACTIVE,2026-2028,15
428,PGD-2026-0428,818,DIP-2026-818,3283,শাহ মোঃ মাহবুবুল আলম-বিন,,উপ-সহকারী প্রকৌশলী,Sub-Assistant Engineer,mahbubpgcb14@gmail.com,mahbubpgcb14@gmail.com,GMD-BOGURA,"জিএমডি, বগুড়া","GMD, Bogura",Rajshahi,"বগুড়া (পশ্চিম) ৪০০/২৩০ কেভি গ্রিড সাবষ্টেশন, গ্রিড সার্কেল, বগুড়া।",GENERAL,ACTIVE,2026-2028,15
429,PGD-2026-0429,1141,DIP-2026-1141,3286,মোঃ মফিজুল ইসলাম(মামুন),,উপ-সহকারী প্রকৌশলী,Sub-Assistant Engineer,mafizul1988@gmail.com,mafizul1988@gmail.com,GMD-DHK-EAST,"জিএমডি, ঢাকা (পূর্ব)","GMD, Dhaka (East)",Dhaka,মেঘনাঘাট ২৩০ কেভি গ্রিড উপকেন্দ্র,GENERAL,ACTIVE,2026-2028,15
430,PGD-2026-0430,937,DIP-2026-937,3297,মোহাম্মদ নাহিদ নেওয়াজ,,উপ-সহকারী প্রকৌশলী,Sub-Assistant Engineer,nahidemon1986@gmail.com,nahidemon1986@gmail.com,GMD-BOGURA,"জিএমডি, বগুড়া","GMD, Bogura",Rajshahi,"বগুড়া ১৩২/৩৩ কেভি গ্রিড উপকেন্দ্র, বগুড়া।",GENERAL,ACTIVE,2026-2028,15
431,PGD-2026-0431,991,DIP-2026-991,3298,Zager hossan,Zager hossan,উপ-সহকারী প্রকৌশলী,Sub-Assistant Engineer,zakirpgcb33@gmail.com,zakirpgcb33@gmail.com,GMD-CTG-SOUTH,"জিএমডি, চট্টগ্রাম (দক্ষিণ)","GMD, Chattogram (South)",Chattogram,TK chemical complex 132/33 KV Grid Sub station,GENERAL,ACTIVE,2026-2028,15
432,PGD-2026-0432,1088,DIP-2026-1088,3299,মো: আলমগীর কবীর,,উপ-সহকারী প্রকৌশলী,Sub-Assistant Engineer,alamgirpgcb2015@yahoo.com,alamgirpgcb2015@yahoo.co m,PROJECT-BRANCH,প্রকল্প শাখা,Project Branch,Headquarters / Projects,ইইজিবিপিএস প্রকল্প,GENERAL,ACTIVE,2026-2028,15
433,PGD-2026-0433,1080,DIP-2026-1080,3301,জায়েদ বিন হাতেম,,উপ-সহকারী প্রকৌশলী,Sub-Assistant Engineer,zayd.bin.hatem@gmail.com,zayd.bin.hatem@gmail.com,GMD-KHULNA,"জিএমডি, খুলনা","GMD, Khulna",Khulna,গল্লামারী ১৩২/৩৩কেভি জি আই এস গ্রিড উপকেন্দ্র।,GENERAL,ACTIVE,2026-2028,15
434,PGD-2026-0434,961,DIP-2026-961,3302,Md.Arsad Ali,Md.Arsad Ali,উপ-সহকারী প্রকৌশলী,Sub-Assistant Engineer,arsad667753@gmail.com,arsad667753@gmail.com,GMD-RANGPUR,"জিএমডি, রংপুর","GMD, Rangpur",Rangpur,Kurigram 132/33 Kv Grid Substation,GENERAL,ACTIVE,2026-2028,15
435,PGD-2026-0435,1022,DIP-2026-1022,3303,আবদুল্লাহ আল মামুন,,উপ-সহকারী প্রকৌশলী,Sub-Assistant Engineer,abdullahpgcb786@gmail.com,abdullahpgcb786@gmail.com,GMD-JHENAIDAH,"জিএমডি, ঝিনাইদহ","GMD, Jhenaidah",Khulna,যশোর ১৩২/৩৩ কেভি গ্রিড উপকেন্দ্র,GENERAL,ACTIVE,2026-2028,15
436,PGD-2026-0436,1143,DIP-2026-1143,3305,Md Harun Or Rashid,Md Harun Or Rashid,উপ-সহকারী প্রকৌশলী,Sub-Assistant Engineer,faysalharun@gmail.com,faysalharun@gmail.com,GMD-DHK-EAST,"জিএমডি, ঢাকা (পূর্ব)","GMD, Dhaka (East)",Dhaka,Naraingdi sub station,GENERAL,ACTIVE,2026-2028,16
437,PGD-2026-0437,1004,DIP-2026-1004,3306,মোঃ মহসিন আলম,,উপ-সহকারী প্রকৌশলী,Sub-Assistant Engineer,smmohsinraj@gmail.com,smmohsinraj@gmail.com,GMD-ISHWARDI,"জিএমডি, ঈশ্বরদী","GMD, Ishwardi",Rajshahi,"পাবনা ১৩২/৩৩ কেভি গ্রিড উপকেন্দ্র, নুরপুর,পাবনা।",GENERAL,ACTIVE,2026-2028,16
438,PGD-2026-0438,1021,DIP-2026-1021,3307,"এ,কে,এম, আবু নাসের",,উপ-সহকারী প্রকৌশলী,Sub-Assistant Engineer,abunasar1310@gmail.com,abunasar1310@gmail.com,GMD-DHK-METRO,ঢাকা মহানগর,Dhaka Metropolitan,Dhaka,স্ক্যাডা ডিভিশন,GENERAL,ACTIVE,2026-2028,16
439,PGD-2026-0439,1727,DIP-2026-1727,3308,মোছাঃ জান্নাতুল তাজরিন,,উপ-সহকারী প্রকৌশলী,Sub-Assistant Engineer,shimupgcb2015@gmail.com,shimupgcb2015@gmail.com,GMD-DHK-METRO,ঢাকা মহানগর,Dhaka Metropolitan,Dhaka,গুলশান ১৩২/৩৩ কেভি জিআইএস গ্রিড উপকেন্দ্র,GENERAL,ACTIVE,2026-2028,16
440,PGD-2026-0440,1139,DIP-2026-1139,3310,মো: জুলফিকার আলী,,উপ-সহকারী প্রকৌশলী,Sub-Assistant Engineer,joulepgcb@gmail.com,joulepgcb@gmail.com,GMD-ISHWARDI,"জিএমডি, ঈশ্বরদী","GMD, Ishwardi",Rajshahi,Bheray GK 132/33 kV Grid SUb- Station,GENERAL,ACTIVE,2026-2028,16
441,PGD-2026-0441,999,DIP-2026-999,3313,Abir Hussain,Abir Hussain,উপ-সহকারী প্রকৌশলী,Sub-Assistant Engineer,abirhussain7422@gmail.com,abirhussain7422@gmail.com,GMD-FARIDPUR,"জিএমডি, ফরিদপুর","GMD, Faridpur",Dhaka,Gopalganj132/33kV Grid Sub- Station.,GENERAL,ACTIVE,2026-2028,16
442,PGD-2026-0442,1078,DIP-2026-1078,3314,মোঃ এরশাদুজ্জামান,,উপ-সহকারী প্রকৌশলী,Sub-Assistant Engineer,arsaduzzaman01@gmail.com,arsaduzzaman01@gmail.com,PROJECT-BRANCH,প্রকল্প শাখা,Project Branch,Headquarters / Projects,"পিজিএনএস (জিটুজি) প্রকল্প, ঢাকা।",GENERAL,ACTIVE,2026-2028,16
443,PGD-2026-0443,1132,DIP-2026-1132,3316,এস.এম.এ.বা ছিত,,উপ-সহকারী প্রকৌশলী,Sub-Assistant Engineer,s.m.a.basit@gmail.com,s.m.a.basit@gmail.com,PROJECT-BRANCH,প্রকল্প শাখা,Project Branch,Headquarters / Projects,"জি টু জি প্রকল্প, সি লেট জোন",GENERAL,ACTIVE,2026-2028,16
444,PGD-2026-0444,970,DIP-2026-970,3317,আজিজুল ইসলাম,,উপ-সহকারী প্রকৌশলী,Sub-Assistant Engineer,azizulpgcb15@gmail.com,azizulpgcb15@gmail.com,GMD-SRIMANGAL,"জিএমডি, শ্রীমঙ্গল","GMD, Srimangal",Sylhet,সিলেট দক্ষিন জিআইএস গ্রিড উপকেন্দ্র,GENERAL,ACTIVE,2026-2028,16
445,PGD-2026-0445,960,DIP-2026-960,3319,হাফিজ -আল-আসাদ,,উপ-সহকারী প্রকৌশলী,Sub-Assistant Engineer,hafizbbb92@gmail.com,hafizbbb92@gmail.com,GMD-BARISHAL,"জিএমডি, বরিশাল","GMD, Barishal",Barishal,বরিশাল ১৩২/৩৩ কেভি গ্রিড উপকেন্দ্র,GENERAL,ACTIVE,2026-2028,16
446,PGD-2026-0446,1051,DIP-2026-1051,3320,মোহাম্মদ মামুন অর রশিদ,,উপ-সহকারী প্রকৌশলী,Sub-Assistant Engineer,mamunur.r01@gmail.com,mamunur.r01@gmail.com,GMD-FARIDPUR,"জিএমডি, ফরিদপুর","GMD, Faridpur",Dhaka,রাজবাড়ী ১৩২/৩৩ কেভি গ্রিড উপকেন্দ্র,GENERAL,ACTIVE,2026-2028,16
447,PGD-2026-0447,968,DIP-2026-968,3357,মোঃ দেলোয়ার হোসেন,,উপ-সহকারী প্রকৌশলী,Sub-Assistant Engineer,delwar.powergrid@gmail.com,delwar.powergrid@gmail.co m,PROJECT-BRANCH,প্রকল্প শাখা,Project Branch,Headquarters / Projects,ঢাকা,GENERAL,ACTIVE,2026-2028,16
448,PGD-2026-0448,1040,DIP-2026-1040,3358,Md. Habibur Rahman,Md. Habibur Rahman,উপ-সহকারী প্রকৌশলী,Sub-Assistant Engineer,engr.habib1989@gmail.com,engr.habib1989@gmail.com,GMD-RANGPUR,"জিএমডি, রংপুর","GMD, Rangpur",Rangpur,Mithpukur Grid Substation,GENERAL,ACTIVE,2026-2028,16
449,PGD-2026-0449,969,DIP-2026-969,3359,Mohammad Minhajul Abedin,Mohammad Minhajul Abedin,উপ-সহকারী প্রকৌশলী,Sub-Assistant Engineer,minhaj.asif@gmail.com,minhaj.asif@gmail.com,PROJECT-BRANCH,প্রকল্প শাখা,Project Branch,Headquarters / Projects,ESPNER project (korerhat 400/230/132KV GIS Sub-Station),GENERAL,ACTIVE,2026-2028,16
450,PGD-2026-0450,972,DIP-2026-972,3360,MD Rustam Ali,MD Rustam Ali,উপ-সহকারী প্রকৌশলী,Sub-Assistant Engineer,saemohammad92@gmail.com,saemohammad92@gmail.co m,PROJECT-BRANCH,প্রকল্প শাখা,Project Branch,Headquarters / Projects,PGNS G2G project,GENERAL,ACTIVE,2026-2028,16
451,PGD-2026-0451,890,DIP-2026-890,3436,মোঃ আনোয়ার পারভেজ,,উপ-সহকারী প্রকৌশলী,Sub-Assistant Engineer,sushomparves@gmail.com,sushomparves@gmail.com,GMD-RANGPUR,"জিএমডি, রংপুর","GMD, Rangpur",Rangpur,মিঠাপুকুর ১৩২/৩৩ কেভি গ্রিড উপকেন্দ্র,GENERAL,ACTIVE,2026-2028,16
452,PGD-2026-0452,1009,DIP-2026-1009,3439,Md. Badsha Mia,Md. Badsha Mia,উপ-সহকারী প্রকৌশলী,Sub-Assistant Engineer,badshapgcb@gmail.com,badshapgcb@gmail.com,GMD-BOGURA,"জিএমডি, বগুড়া","GMD, Bogura",Rajshahi,Sherpur(Bogura) 132/33 kv Grid Sub-Station,GENERAL,ACTIVE,2026-2028,16
453,PGD-2026-0453,986,DIP-2026-986,3441,সুলতানা নাসরিন স্বপ্না,,উপ-সহকারী প্রকৌশলী,Sub-Assistant Engineer,shapnapgcb@gmail.com,shapnapgcb@gmail.com,GMD-DHK-METRO,ঢাকা মহানগর,Dhaka Metropolitan,Dhaka,Cantonment 132/33 kv GIS grid S/S,GENERAL,ACTIVE,2026-2028,16
454,PGD-2026-0454,1138,DIP-2026-1138,3442,মোঃ সাজ্জাদুল হক,,উপ-সহকারী প্রকৌশলী,Sub-Assistant Engineer,pgcb.sazzadul@gmail.com,pgcb.sazzadul@gmail.com,GMD-DHK-METRO,ঢাকা মহানগর,Dhaka Metropolitan,Dhaka,গুলশান ১৩২/৩৩ কেভি জিআইএস গ্রিড উপকেন্দ্র,GENERAL,ACTIVE,2026-2028,16
455,PGD-2026-0455,955,DIP-2026-955,3444,আহমদ আল ইমতিয়াজ,,উপ-সহকারী প্রকৌশলী,Sub-Assistant Engineer,alimtiaz002@gmail.com,alimtiaz002@gmail.com,GMD-CTG-CENTRAL,"জিএমডি, চট্টগ্রাম (সেন্ট্রাল)","GMD, Chattogram (Central)",Chattogram,খুলশী ১৩২/৩৩ কেভি গ্রিড উপকেন্দ্র,GENERAL,ACTIVE,2026-2028,16
456,PGD-2026-0456,1092,DIP-2026-1092,3448,মোঃ রাশেদুল হাসান,,উপ-সহকারী প্রকৌশলী,Sub-Assistant Engineer,rsh.sujanduet@gmail.com,rsh.sujanduet@gmail.com,GMD-SIRAJGANJ,"জিএমডি, সিরাজগঞ্জ","GMD, Sirajganj",Rajshahi,"সিরাজগঞ্জ ২৩০ কেভি সুইচিং ষ্টেশন, সিরাজগঞ্জ।",GENERAL,ACTIVE,2026-2028,16
457,PGD-2026-0457,965,DIP-2026-965,3450,এ. কে. এম. কামরানুল আহসান,,উপ-সহকারী প্রকৌশলী,Sub-Assistant Engineer,ahsanhemel@gmail.com,ahsanhemel@gmail.com,GMD-DHK-EAST,"জিএমডি, ঢাকা (পূর্ব)","GMD, Dhaka (East)",Dhaka,হরিপুর ২৩০/১৩২ কেভি গ্রিড উপকেন্দ্র,GENERAL,ACTIVE,2026-2028,16
458,PGD-2026-0458,926,DIP-2026-926,3452,মোঃ ইকবাল হোসেন সুমন,,উপ-সহকারী প্রকৌশলী,Sub-Assistant Engineer,iqsumon28@gmail.com,iqsumon28@gmail.com,GMD-BOGURA,"জিএমডি, বগুড়া","GMD, Bogura",Rajshahi,জয়পুরহাট ১৩২/৩৩ কেভি গ্রিড উপকেন্দ্র,GENERAL,ACTIVE,2026-2028,16
459,PGD-2026-0459,1839,DIP-2026-1839,3457,Md. Mozammal Hoque,Md. Mozammal Hoque,উপ-সহকারী প্রকৌশলী,Sub-Assistant Engineer,mhoque740@gmail.com,mhoque740@gmail.com,GMD-CTG-CENTRAL,"জিএমডি, চট্টগ্রাম (সেন্ট্রাল)","GMD, Chattogram (Central)",Chattogram,230/132/33 kV Rampur Grid,GENERAL,ACTIVE,2026-2028,16
460,PGD-2026-0460,907,DIP-2026-907,3459,Artazul kharim,Artazul kharim,উপ-সহকারী প্রকৌশলী,Sub-Assistant Engineer,akarimpgcb@gmail.com,akarimpgcb@gmail,GMD-DHK-METRO,ঢাকা মহানগর,Dhaka Metropolitan,Dhaka,Hasnabad 132/33 kv grid substation,GENERAL,ACTIVE,2026-2028,16
461,PGD-2026-0461,921,DIP-2026-921,3460,Shaon Easteak,Shaon Easteak,উপ-সহকারী প্রকৌশলী,Sub-Assistant Engineer,shaoneasteak@gmail.com,shaoneasteak@gmail.com,GMD-DHK-METRO,ঢাকা মহানগর,Dhaka Metropolitan,Dhaka,230 kV Hasnabad Grid Substation,GENERAL,ACTIVE,2026-2028,16
462,PGD-2026-0462,940,DIP-2026-940,3461,Md. Shafiqul Islam,Md. Shafiqul Islam,উপ-সহকারী প্রকৌশলী,Sub-Assistant Engineer,shafiq100388@gmail.com,shafiq100388@gmail.com,GMD-DHK-NORTH,"জিএমডি, ঢাকা (উত্তর)","GMD, Dhaka (North)",Dhaka,Rajendrapur132/33 kV Grid Substation,GENERAL,ACTIVE,2026-2028,16
463,PGD-2026-0463,920,DIP-2026-920,3463,Shah Md Shafiqul Islam,Shah Md Shafiqul Islam,উপ-সহকারী প্রকৌশলী,Sub-Assistant Engineer,smsislam46@gmail.com,smsislam46@gmail.com,GMD-DHK-METRO,ঢাকা মহানগর,Dhaka Metropolitan,Dhaka,230/132 kV Rampura Grid Sub- Station,GENERAL,ACTIVE,2026-2028,16
464,PGD-2026-0464,831,DIP-2026-831,3464,মোঃ রবিউল ইসলাম,,উপ-সহকারী প্রকৌশলী,Sub-Assistant Engineer,rabipgcb.2014@gmail.com,rabipgcb.2014@gmail.com,GMD-RANGPUR,"জিএমডি, রংপুর","GMD, Rangpur",Rangpur,তারাগঞ্জ ১৩২/৩৩ কেভি গ্রিড উপকেন্দ্র,GENERAL,ACTIVE,2026-2028,16
465,PGD-2026-0465,862,DIP-2026-862,3465,মোঃ মনিরুজ্জামান খান,,উপ-সহকারী প্রকৌশলী,Sub-Assistant Engineer,monir.pgcb107@gmail.com,monir.pgcb107@gmail.com,GMD-BARISHAL,"জিএমডি, বরিশাল","GMD, Barishal",Barishal,Barishal 132/33kV Grid Sub- Station,GENERAL,ACTIVE,2026-2028,17
466,PGD-2026-0466,897,DIP-2026-897,3466,Md. Mahfuzul haque,Md. Mahfuzul haque,উপ-সহকারী প্রকৌশলী,Sub-Assistant Engineer,mahfuzulhaquerony@gmail.com,mahfuzulhaquerony@gmail.c om,GMD-BOGURA,"জিএমডি, বগুড়া","GMD, Bogura",Rajshahi,Bogura,GENERAL,ACTIVE,2026-2028,17
467,PGD-2026-0467,946,DIP-2026-946,3467,Depan Chandra Nath,Depan Chandra Nath,উপ-সহকারী প্রকৌশলী,Sub-Assistant Engineer,depan.nath@gmail.com,depan.nath@gmail.com,GMD-DHK-METRO,ঢাকা মহানগর,Dhaka Metropolitan,Dhaka,Satmosjid 132/33KV GIS Grid Sub- Station,GENERAL,ACTIVE,2026-2028,17
468,PGD-2026-0468,894,DIP-2026-894,3471,DIPANKAR CHANDRA,DIPANKAR CHANDRA,উপ-সহকারী প্রকৌশলী,Sub-Assistant Engineer,dip.pgcb14@gmail.com,dip.pgcb14@gmail.com,GMD-RANGPUR,"জিএমডি, রংপুর","GMD, Rangpur",Rangpur,Saidpur 132/33kv Grid,GENERAL,ACTIVE,2026-2028,17
469,PGD-2026-0469,899,DIP-2026-899,3472,Borhan Uddin,Borhan Uddin,উপ-সহকারী প্রকৌশলী,Sub-Assistant Engineer,borhan014uddin@gmail.com,borhan014uddin@gmail.com,GMD-DHK-METRO,ঢাকা মহানগর,Dhaka Metropolitan,Dhaka,Cantonment 132/33kv GIS grid sub-station,GENERAL,ACTIVE,2026-2028,17
470,PGD-2026-0470,983,DIP-2026-983,3473,Md Mesbahul Islam Jahid,Md Mesbahul Islam Jahid,উপ-সহকারী প্রকৌশলী,Sub-Assistant Engineer,mesbapgcb@gmail.com,mesbapgcb@gmail.com,GMD-RANGPUR,"জিএমডি, রংপুর","GMD, Rangpur",Rangpur,"তারাগঞ্জ উপকেন্দ্র, জিএমডি রংপুর",GENERAL,ACTIVE,2026-2028,17
471,PGD-2026-0471,841,DIP-2026-841,3474,মোঃ জাকির হোসেন,,উপ-সহকারী প্রকৌশলী,Sub-Assistant Engineer,zakirduet12@gmail.com,zakirduet12@gmail.com,GMD-JHENAIDAH,"জিএমডি, ঝিনাইদহ","GMD, Jhenaidah",Khulna,যশোর ১৩২/৩৩ কেভি গ্রিড উপকেন্দ্র,GENERAL,ACTIVE,2026-2028,17
472,PGD-2026-0472,1076,DIP-2026-1076,3475,মো: জামশেদ আলি,,উপ-সহকারী প্রকৌশলী,Sub-Assistant Engineer,ali66jamshed@yahoo.com,ali66jamshed@yahoo.com,GMD-DHK-NORTH,"জিএমডি, ঢাকা (উত্তর)","GMD, Dhaka (North)",Dhaka,কবিরপুর ১৩২/৩৩কেভি গ্রিড উপকেন্দ্র।,GENERAL,ACTIVE,2026-2028,17
473,PGD-2026-0473,1118,DIP-2026-1118,3476,মিরাজ হোসেন খান,,উপ-সহকারী প্রকৌশলী,Sub-Assistant Engineer,mirajkhan10@gmail.com,mirajkhan10@gmail.com,PROJECT-BRANCH,প্রকল্প শাখা,Project Branch,Headquarters / Projects,ঢাকা ।,GENERAL,ACTIVE,2026-2028,17
474,PGD-2026-0474,798,DIP-2026-798,3477,Mohammad Rifat,Mohammad Rifat,উপ-সহকারী প্রকৌশলী,Sub-Assistant Engineer,rifat.et@gmail.com,rifat.et@gmail.com,GMD-CTG-SOUTH,"জিএমডি, চট্টগ্রাম (দক্ষিণ)","GMD, Chattogram (South)",Chattogram,Modunaghat 400/230 kV grid ss,GENERAL,ACTIVE,2026-2028,17
475,PGD-2026-0475,863,DIP-2026-863,3478,Md.Rafiqul Islam,Md.Rafiqul Islam,উপ-সহকারী প্রকৌশলী,Sub-Assistant Engineer,rafiqbg@gmail.com,rafiqbg@gmail.com,GMD-BARISHAL,"জিএমডি, বরিশাল","GMD, Barishal",Barishal,Barishal(N) 230/132 kv grid sub- station,GENERAL,ACTIVE,2026-2028,17
476,PGD-2026-0476,1046,DIP-2026-1046,3480,তারিকুল ইসলাম,,উপ-সহকারী প্রকৌশলী,Sub-Assistant Engineer,tarek101159@gmail.com,tarek101159@gmail.com,GMD-BARISHAL,"জিএমডি, বরিশাল","GMD, Barishal",Barishal,Barishal North 230/33Kv Grid SS,GENERAL,ACTIVE,2026-2028,17
477,PGD-2026-0477,929,DIP-2026-929,3481,মোঃ আরিফুল ইসলাম,,উপ-সহকারী প্রকৌশলী,Sub-Assistant Engineer,arifurabbeee@gmail.com,arifurabbeee@gmail.com,GMD-DHK-METRO,ঢাকা মহানগর,Dhaka Metropolitan,Dhaka,"মানিকনগর ১৩২কেভি গ্রিড উপকেন্দ্র, জিএমডি, ঢাকা-সেন্ট্রাল, পাওয়ার গ্রিড।",GENERAL,ACTIVE,2026-2028,17
478,PGD-2026-0478,836,DIP-2026-836,3482,Md.Rashedul Islam,Md.Rashedul Islam,উপ-সহকারী প্রকৌশলী,Sub-Assistant Engineer,rashedulpgcb@gmail.com,rashedulpgcb@gmail.com,GMD-KHULNA,"জিএমডি, খুলনা","GMD, Khulna",Khulna,"ALDC,Khulna",GENERAL,ACTIVE,2026-2028,17
479,PGD-2026-0479,948,DIP-2026-948,3483,মো: বশির উদ্দিন,,উপ-সহকারী প্রকৌশলী,Sub-Assistant Engineer,md.bashireu28@gmail.com,md.bashireu28@gmail.com,GMD-CUMILLA,"জিএমডি, কুমিল্লা","GMD, Cumilla",Cumilla,২৩০/১৩২/৩৩ কেভি কুমিল্লা উত্তর গ্রিড উপকেন্দ্র।,GENERAL,ACTIVE,2026-2028,17
480,PGD-2026-0480,839,DIP-2026-839,3484,মোঃ মফিজুর রহমান,,উপ-সহকারী প্রকৌশলী,Sub-Assistant Engineer,mofizurrahmansaemongla@gmail.com,mofizurrahmansaemongla@g mail.com,GMD-KHULNA,"জিএমডি, খুলনা","GMD, Khulna",Khulna,১৩২/৩৩ কেভি গল্লামারি (জিআইএস) গ্রিড উপকেন্দ্র,GENERAL,ACTIVE,2026-2028,17
481,PGD-2026-0481,919,DIP-2026-919,3485,Md. Aminul Islam Mondal,Md. Aminul Islam Mondal,উপ-সহকারী প্রকৌশলী,Sub-Assistant Engineer,his.maim@gmail.com,His.maim@gmail.com,GMD-DHK-METRO,ঢাকা মহানগর,Dhaka Metropolitan,Dhaka,OFCN,GENERAL,ACTIVE,2026-2028,17
482,PGD-2026-0482,868,DIP-2026-868,3486,Proshanta Kumar Roy,Proshanta Kumar Roy,উপ-সহকারী প্রকৌশলী,Sub-Assistant Engineer,proshanta66@gmail.com,Proshanta66@gmail.com,GMD-DHK-NORTH,"জিএমডি, ঢাকা (উত্তর)","GMD, Dhaka (North)",Dhaka,নিউ টংগী ১৩২/৩৩ কেভি গ্রিড উপকেন্দ্র,GENERAL,ACTIVE,2026-2028,17
483,PGD-2026-0483,833,DIP-2026-833,3488,মুকুল চন্দ্র রায়,,উপ-সহকারী প্রকৌশলী,Sub-Assistant Engineer,mukulroy0077@gmail.com,Mukulroy0077@gmail,GMD-RANGPUR,"জিএমডি, রংপুর","GMD, Rangpur",Rangpur,লালমনিরহাট ১৩২/৩৩ কেভি গ্রিড উপকেন্দ্র,GENERAL,ACTIVE,2026-2028,17
484,PGD-2026-0484,837,DIP-2026-837,3489,মাহফুজুর রহমান,,উপ-সহকারী প্রকৌশলী,Sub-Assistant Engineer,mahfujpgcb@gmail.com,mahfujpgcb@gmail.com,GMD-KHULNA,"জিএমডি, খুলনা","GMD, Khulna",Khulna,১৩২/৩৩ কেভি গ্রিড উপকেন্দ্র বাগেরহাট।,GENERAL,ACTIVE,2026-2028,17
485,PGD-2026-0485,857,DIP-2026-857,3490,মহসিন আহমেদ,,উপ-সহকারী প্রকৌশলী,Sub-Assistant Engineer,engi.mahmed@gmail.com,engi.mahmed@gmail.com,GMD-BARISHAL,"জিএমডি, বরিশাল","GMD, Barishal",Barishal,বরিশাল ১৩২/৩৩ কেভি গ্রিড উপকেন্দ্র।,GENERAL,ACTIVE,2026-2028,17
486,PGD-2026-0486,895,DIP-2026-895,3491,Md Morshedul Islam,Md Morshedul Islam,উপ-সহকারী প্রকৌশলী,Sub-Assistant Engineer,islammorshedul1984@gmail.com,Islammorshedul1984@gmail. com,GMD-DINAJPUR,"জিএমডি, দিনাজপুর","GMD, Dinajpur",Rangpur,Purbasadipur 132/33Kv Grid Sub- Station,GENERAL,ACTIVE,2026-2028,17
487,PGD-2026-0487,1109,DIP-2026-1109,3494,Rajesh Sarkar,Rajesh Sarkar,উপ-সহকারী প্রকৌশলী,Sub-Assistant Engineer,rajeshskyrr@gmail.com,rajeshskyrr@gmail.com,GMD-BOGURA,"জিএমডি, বগুড়া","GMD, Bogura",Rajshahi,Bogura 230/132 kv Grid sub- Station.,GENERAL,ACTIVE,2026-2028,17
488,PGD-2026-0488,950,DIP-2026-950,3495,Md.Gias Uddin Chowdhury,Md.Gias Uddin Chowdhury,উপ-সহকারী প্রকৌশলী,Sub-Assistant Engineer,giaspgcb14@gmail.com,giaspgcb14@gmail.com,GMD-CTG-SOUTH,"জিএমডি, চট্টগ্রাম (দক্ষিণ)","GMD, Chattogram (South)",Chattogram,"Shahmirpur 132/33kv Grid Substation,GMD-Ctg South",GENERAL,ACTIVE,2026-2028,17
489,PGD-2026-0489,840,DIP-2026-840,3496,মো: রাসেল,,উপ-সহকারী প্রকৌশলী,Sub-Assistant Engineer,sremtiaj64@gmail.com,sremtiaj64@gmail.com,GMD-DHK-METRO,ঢাকা মহানগর,Dhaka Metropolitan,Dhaka,"কেরানীগঞ্জ ২৩০/১৩২/৩৩ কেভি গ্রিড সাব স্টেশন, কেরানীগঞ্জ",GENERAL,ACTIVE,2026-2028,17
490,PGD-2026-0490,996,DIP-2026-996,3498,মো:মনজুরুল হক,,উপ-সহকারী প্রকৌশলী,Sub-Assistant Engineer,monjurpgcb1@gmail.com,monjurpgcb1@gmail.com,GMD-CTG-SOUTH,"জিএমডি, চট্টগ্রাম (দক্ষিণ)","GMD, Chattogram (South)",Chattogram,Chandraghona 132/33KV Grid ss,GENERAL,ACTIVE,2026-2028,17
491,PGD-2026-0491,799,DIP-2026-799,3499,Rupam Chandra Saha,Rupam Chandra Saha,উপ-সহকারী প্রকৌশলী,Sub-Assistant Engineer,rupamieb@gmail.com,rupamieb@gmail.com,GMD-CUMILLA,"জিএমডি, কুমিল্লা","GMD, Cumilla",Cumilla,Lakshmipur 132/33 kV GIS grid substations,GENERAL,ACTIVE,2026-2028,17
492,PGD-2026-0492,880,DIP-2026-880,3500,মো: আলী আববাস শাহ,,উপ-সহকারী প্রকৌশলী,Sub-Assistant Engineer,abbaseeeduet@gmail.com,abbaseeeduet@gmail.com,GMD-BOGURA,"জিএমডি, বগুড়া","GMD, Bogura",Rajshahi,"এএলডিসি,বগুড়া",GENERAL,ACTIVE,2026-2028,17
493,PGD-2026-0493,903,DIP-2026-903,3501,আসাদুজ্জামান,,উপ-সহকারী প্রকৌশলী,Sub-Assistant Engineer,zamanpgcb14@gmail.com,zamanpgcb14@gmail.com,GMD-DHK-METRO,ঢাকা মহানগর,Dhaka Metropolitan,Dhaka,"হাসনাবাদ ১৩২/৩৩ কেভি গ্রিড উপকেন্দ্র, জিএমডি ঢাকা-দক্ষিণ।",GENERAL,ACTIVE,2026-2028,17
494,PGD-2026-0494,1701,DIP-2026-1701,3502,Md Obyedul Kader,Md Obyedul Kader,উপ-সহকারী প্রকৌশলী,Sub-Assistant Engineer,obyedul08@gmail.com,obyedul08@gmail.com,GMD-CUMILLA,"জিএমডি, কুমিল্লা","GMD, Cumilla",Cumilla,Ramgonj 132/33 KV Grid Substation,GENERAL,ACTIVE,2026-2028,18
495,PGD-2026-0495,814,DIP-2026-814,3503,Md Mahabbat Ali,Md Mahabbat Ali,উপ-সহকারী প্রকৌশলী,Sub-Assistant Engineer,mahabbat.mahin@gmail.com,mahabbat.mahin@gmail.com,GMD-DINAJPUR,"জিএমডি, দিনাজপুর","GMD, Dinajpur",Rangpur,Thakurgaon 132/33kV Grid,GENERAL,ACTIVE,2026-2028,18
496,PGD-2026-0496,1077,DIP-2026-1077,3504,Md.Saidul Islam,Md.Saidul Islam,উপ-সহকারী প্রকৌশলী,Sub-Assistant Engineer,saidulislambd1992@gmail.com,saidulislambd1992@gmail,GMD-CTG-NORTH,"জিএমডি, চট্টগ্রাম (উত্তর)","GMD, Chattogram (North)",Chattogram,AKSLM230/33KV Sub Station,GENERAL,ACTIVE,2026-2028,18
497,PGD-2026-0497,973,DIP-2026-973,3505,পার্থ রায়,,উপ-সহকারী প্রকৌশলী,Sub-Assistant Engineer,partharoypgcb@gmail.com,partharoypgcb@gmail.com,GMD-FARIDPUR,"জিএমডি, ফরিদপুর","GMD, Faridpur",Dhaka,Gopalganj 132/33 kv grid S/S,GENERAL,ACTIVE,2026-2028,18
498,PGD-2026-0498,870,DIP-2026-870,3507,Niaz Ahammad,Niaz Ahammad,উপ-সহকারী প্রকৌশলী,Sub-Assistant Engineer,niazahmed1989@gmail.com,niazahmed1989@gmail.com,GMD-DHK-METRO,ঢাকা মহানগর,Dhaka Metropolitan,Dhaka,Shyampur 230/132 kV Grid Sub Station,GENERAL,ACTIVE,2026-2028,18
499,PGD-2026-0499,1101,DIP-2026-1101,3510,মোঃ ফারুক আল হাসান,,উপ-সহকারী প্রকৌশলী,Sub-Assistant Engineer,faruk.pgcb2014@gmail.com,faruk.pgcb2014@gmail.com,GMD-MYMENSINGH,"জিএমডি, ময়মনসিংহ","GMD, Mymensingh",Mymensingh,"শেরপুর ১৩২/৩৩ কেভি গ্রিড উপকেন্দ্র, পাওয়ার গ্রিড, জিএমডি,ময়মসিংহ।",GENERAL,ACTIVE,2026-2028,18
500,PGD-2026-0500,811,DIP-2026-811,3512,Md. Rasel Kabir,Md. Rasel Kabir,উপ-সহকারী প্রকৌশলী,Sub-Assistant Engineer,rasel.kabir386@gmail.com,rasel.kabir386@gmail.com,GMD-SIRAJGANJ,"জিএমডি, সিরাজগঞ্জ","GMD, Sirajganj",Rajshahi,Ullapara SS,GENERAL,ACTIVE,2026-2028,18
501,PGD-2026-0501,994,DIP-2026-994,3513,সুদীপ কুমার জোদ্দার,,উপ-সহকারী প্রকৌশলী,Sub-Assistant Engineer,eee.sudip@gmail.com,eee.sudip@gmail.com,GMD-KHULNA,"জিএমডি, খুলনা","GMD, Khulna",Khulna,"গোয়ালপাড়া ১৩২/৩৩ কেভি উপকেন্দ্র, জিএমডি- খুলনা (উত্তর)",GENERAL,ACTIVE,2026-2028,18
502,PGD-2026-0502,1020,DIP-2026-1020,3514,Md Mozammel Hossin,Md Mozammel Hossin,উপ-সহকারী প্রকৌশলী,Sub-Assistant Engineer,mdmozammelhossin@gmail.com,mdmozammelhossin@gmail.c om,GMD-DHK-METRO,ঢাকা মহানগর,Dhaka Metropolitan,Dhaka,"TRTUDD-2, DHAKA.",GENERAL,ACTIVE,2026-2028,18
503,PGD-2026-0503,1130,DIP-2026-1130,3515,মোঃ সাখাওয়াত হো সেন,,উপ-সহকারী প্রকৌশলী,Sub-Assistant Engineer,sakhawat.pgcb@gmail.com,sakhawat.pgcb@gmail.com,GMD-RANGPUR,"জিএমডি, রংপুর","GMD, Rangpur",Rangpur,মিঠাপুকুর গ্রিড সাব স্টেশন,GENERAL,ACTIVE,2026-2028,18
504,PGD-2026-0504,1075,DIP-2026-1075,3516,মোঃ জাকির হোসেন,,উপ-সহকারী প্রকৌশলী,Sub-Assistant Engineer,zakirpgcg555@gmail.com,Zakirpgcg555@gmail.com,GMD-MYMENSINGH,"জিএমডি, ময়মনসিংহ","GMD, Mymensingh",Mymensingh,মুক্তাগাছা ১৩২/৩৩ কেভি গ্রিড উপকেন্দ্র,GENERAL,ACTIVE,2026-2028,18
505,PGD-2026-0505,835,DIP-2026-835,3517,মোঃ মিজানুর রহমান খান,,উপ-সহকারী প্রকৌশলী,Sub-Assistant Engineer,mrkhan.pgcb@gmail.com,mrkhan.pgcb@gmail.com,GMD-DHK-METRO,ঢাকা মহানগর,Dhaka Metropolitan,Dhaka,"মিরপুর গ্রিড উপকেন্দ্র, জিএমডি ঢাকা (উত্তর- পশ্চিম)",GENERAL,ACTIVE,2026-2028,18
506,PGD-2026-0506,1102,DIP-2026-1102,3518,মোঃ মনিরুল হাসান সোহাগ,,উপ-সহকারী প্রকৌশলী,Sub-Assistant Engineer,monirulhasan2015@gmail.com,monirulhasan2015@gmail.co m,GMD-MYMENSINGH,"জিএমডি, ময়মনসিংহ","GMD, Mymensingh",Mymensingh,১৩২/৩৩ কেভি মুক্তাগাছা গ্রিড উপকেন্দ্র,GENERAL,ACTIVE,2026-2028,18
507,PGD-2026-0507,927,DIP-2026-927,3523,মোঃ ওমর ফারুক,,উপ-সহকারী প্রকৌশলী,Sub-Assistant Engineer,pgcb8914@gmail.com,Pgcb8914@gmail.com,GMD-CUMILLA,"জিএমডি, কুমিল্লা","GMD, Cumilla",Cumilla,কুমিল্লা (দক্ষিণ) ১৩২/৩৩ কেভি গ্রিড উপকেন্দ্র।,GENERAL,ACTIVE,2026-2028,18
508,PGD-2026-0508,869,DIP-2026-869,3526,মোঃ মিরাজ হোসেন,,উপ-সহকারী প্রকৌশলী,Sub-Assistant Engineer,meraj.eee44@gmail.com,meraj.eee44@gmail.com,GMD-DHK-EAST,"জিএমডি, ঢাকা (পূর্ব)","GMD, Dhaka (East)",Dhaka,হরিপুর ২৩০/১৩২ কেভি গ্রিড উপকেন্দ্র,GENERAL,ACTIVE,2026-2028,18
509,PGD-2026-0509,1049,DIP-2026-1049,3528,মোহাম্মদ মকছুদুল করিম,,উপ-সহকারী প্রকৌশলী,Sub-Assistant Engineer,mkarimpgcb@gmail.com,mkarimpgcb@gmail.com,GMD-CTG-CENTRAL,"জিএমডি, চট্টগ্রাম (সেন্ট্রাল)","GMD, Chattogram (Central)",Chattogram,"টেলিকম এন্ড আরটিইউ বিভাগ, চট্টগ্রাম।",GENERAL,ACTIVE,2026-2028,18
510,PGD-2026-0510,1041,DIP-2026-1041,3529,MD FARUK HOSSAIN,MD FARUK HOSSAIN,উপ-সহকারী প্রকৌশলী,Sub-Assistant Engineer,farukgazipbs@gmail.com,farukgazipbs@gmail,GMD-DHK-METRO,ঢাকা মহানগর,Dhaka Metropolitan,Dhaka,আগারগাঁও ২৩০/১৩২ কেভি গ্রিড উপকেন্দ্র,GENERAL,ACTIVE,2026-2028,18
511,PGD-2026-0511,930,DIP-2026-930,3530,মোঃ সাদ্দাম হোসেন,,উপ-সহকারী প্রকৌশলী,Sub-Assistant Engineer,saddamhossainkhu@gmail.com,Saddamhossainkhu@gmail,GMD-KHULNA,"জিএমডি, খুলনা","GMD, Khulna",Khulna,সাতক্ষীরা ১৩২/৩৩ কেভি উপকেন্দ্র,GENERAL,ACTIVE,2026-2028,18
512,PGD-2026-0512,1074,DIP-2026-1074,3545,মোঃ রাসেদুল হাসান,,উপ-সহকারী প্রকৌশলী,Sub-Assistant Engineer,rasel092033@gmail.com,rasel092033@gmail.com,GMD-MYMENSINGH,"জিএমডি, ময়মনসিংহ","GMD, Mymensingh",Mymensingh,"Mymensingh 132/33kV Grid Sub- station , Mymensingh.",GENERAL,ACTIVE,2026-2028,18
513,PGD-2026-0513,1131,DIP-2026-1131,3546,Md Rasel Mia,Md Rasel Mia,উপ-সহকারী প্রকৌশলী,Sub-Assistant Engineer,raseliubat7@gmail.com,raseliubat7@gmail.com,GMD-DHK-NORTH,"জিএমডি, ঢাকা (উত্তর)","GMD, Dhaka (North)",Dhaka,132/33 kV New Tongi Grid Substations,GENERAL,ACTIVE,2026-2028,18
514,PGD-2026-0514,1069,DIP-2026-1069,3547,মোঃ আলাউদ্দিন,,উপ-সহকারী প্রকৌশলী,Sub-Assistant Engineer,gridcumillasouth@gmail.com,gridcumillasouth@gmail.com,GMD-CUMILLA,"জিএমডি, কুমিল্লা","GMD, Cumilla",Cumilla,১৩২/৩৩ কেভি কুমিল্লা(দঃ) গ্রিড উপকেন্দ্র।,GENERAL,ACTIVE,2026-2028,18
515,PGD-2026-0515,1140,DIP-2026-1140,3548,মোঃ আব্দুর রহমান,,উপ-সহকারী প্রকৌশলী,Sub-Assistant Engineer,rahman.pgcb2016@gmail.com,rahman.pgcb2016@gmail.co m,GMD-DHK-EAST,"জিএমডি, ঢাকা (পূর্ব)","GMD, Dhaka (East)",Dhaka,"হরিপুর ২৩০/১৩২ কেভি গ্রিড উপকেন্দ্র, জিএমডি ঢাকা (পূর্ব)",GENERAL,ACTIVE,2026-2028,18
516,PGD-2026-0516,1067,DIP-2026-1067,3550,মোহাম্মদ আনোয়ার হোসেন,,উপ-সহকারী প্রকৌশলী,Sub-Assistant Engineer,saepgcb562016@gmail.com,saepgcb562016@gmail.com,GMD-CUMILLA,"জিএমডি, কুমিল্লা","GMD, Cumilla",Cumilla,১৩২/৩৩ কেভি চৌদ্দগ্রাম গ্রিড সাবস্টেশন,GENERAL,ACTIVE,2026-2028,18
517,PGD-2026-0517,1339,DIP-2026-1339,3553,মোহাম্মদ ফয়সাল,,উপ-সহকারী প্রকৌশলী,Sub-Assistant Engineer,faysaleee6@gmail.com,faysaleee6@gmail.com,GMD-CUMILLA,"জিএমডি, কুমিল্লা","GMD, Cumilla",Cumilla,লাকসাম ১৩২/৩৩ কেভি গ্রিড উপকেন্দ্র,GENERAL,ACTIVE,2026-2028,18
518,PGD-2026-0518,1086,DIP-2026-1086,3554,মোঃ ইমাম উদ্দিন,,উপ-সহকারী প্রকৌশলী,Sub-Assistant Engineer,imambd5070@gmail.com,imambd5070@gmail.com,GMD-SRIMANGAL,"জিএমডি, শ্রীমঙ্গল","GMD, Srimangal",Sylhet,ব্রাহ্মণবাড়িয়া ১৩২/৩৩ কেভি গ্রিড উপকেন্দ্র,GENERAL,ACTIVE,2026-2028,18
519,PGD-2026-0519,1128,DIP-2026-1128,3555,মোঃ সালেহীন করিম,,উপ-সহকারী প্রকৌশলী,Sub-Assistant Engineer,salehinpalash20@gmail.com,salehinpalash20@gmail.com,GMD-DHK-METRO,ঢাকা মহানগর,Dhaka Metropolitan,Dhaka,"টিআরটিইউডি,ঢাকা-২",GENERAL,ACTIVE,2026-2028,18
520,PGD-2026-0520,1113,DIP-2026-1113,3556,মোঃ ইমরান হোসেন,,উপ-সহকারী প্রকৌশলী,Sub-Assistant Engineer,imran.pgcb@gmail.com,imran.pgcb@gmail.com,PROJECT-BRANCH,প্রকল্প শাখা,Project Branch,Headquarters / Projects,প্রকল্প মনিটরিং,GENERAL,ACTIVE,2026-2028,18
521,PGD-2026-0521,1085,DIP-2026-1085,3557,মো: আব্দুস ছাত্তার,,উপ-সহকারী প্রকৌশলী,Sub-Assistant Engineer,absattar1991ieb@gmail.com,absattar1991ieb@gmail.com,GMD-DHK-NORTH,"জিএমডি, ঢাকা (উত্তর)","GMD, Dhaka (North)",Dhaka,"কবিরপুর ১৩২/৩৩ কেভি গ্রিড উপকেন্দ্র, জিএমডি, কালিয়াকৈর।",GENERAL,ACTIVE,2026-2028,18
522,PGD-2026-0522,1659,DIP-2026-1659,3558,MD. Saiful Islam,MD. Saiful Islam,উপ-সহকারী প্রকৌশলী,Sub-Assistant Engineer,saifulislampgcb4893@gmail.com,saifulislampgcb4893@gmail.c om,GMD-SIRAJGANJ,"জিএমডি, সিরাজগঞ্জ","GMD, Sirajganj",Rajshahi,Baghabari 230 KV Grid S/S,GENERAL,ACTIVE,2026-2028,18
523,PGD-2026-0523,1173,DIP-2026-1173,3559,মোঃ মাসুদ রানা,,উপ-সহকারী প্রকৌশলী,Sub-Assistant Engineer,rranamdmasud04@gmail.com,rranamdmasud04@gmail.co m,GMD-SIRAJGANJ,"জিএমডি, সিরাজগঞ্জ","GMD, Sirajganj",Rajshahi,সিরাজগঞ্জ ২৩০ কেভি সুইচিং ষ্টেশন।,GENERAL,ACTIVE,2026-2028,19
524,PGD-2026-0524,1093,DIP-2026-1093,3560,ফাতেমা জাহান সারা,,উপ-সহকারী প্রকৌশলী,Sub-Assistant Engineer,fsara2016pgcb@gmail.com,fsara2016pgcb@gmail.com,GMD-DHK-METRO,ঢাকা মহানগর,Dhaka Metropolitan,Dhaka,মানিকনগর ২৩০/১৩২ কেভি গ্রিড উপকেন্দ্র,GENERAL,ACTIVE,2026-2028,19
525,PGD-2026-0525,1168,DIP-2026-1168,3562,মো: ওবায়েদ আলী খান,,উপ-সহকারী প্রকৌশলী,Sub-Assistant Engineer,obayedpgcb@gmail.com,obayedpgcb@gmail.com,GMD-RANGPUR,"জিএমডি, রংপুর","GMD, Rangpur",Rangpur,সৈয়দপুর গ্রিড উপকেন্দ্র,GENERAL,ACTIVE,2026-2028,19
526,PGD-2026-0526,1169,DIP-2026-1169,3563,Md. Jahidul Islam,Md. Jahidul Islam,উপ-সহকারী প্রকৌশলী,Sub-Assistant Engineer,jahidul843320@gmail.com,jahidul843320@gmail.com,GMD-RANGPUR,"জিএমডি, রংপুর","GMD, Rangpur",Rangpur,"Taraganj Grid SS, GMD, Power Grid,Rangpur.",GENERAL,ACTIVE,2026-2028,19
527,PGD-2026-0527,1070,DIP-2026-1070,3564,মুহাঃ মাহমুদুল হাসান,,উপ-সহকারী প্রকৌশলী,Sub-Assistant Engineer,mahmudul.pgcb@gmail.com,mahmudul.pgcb@gmail.com,PROJECT-BRANCH,প্রকল্প শাখা,Project Branch,Headquarters / Projects,পিজিএনএস (জিটুজি) প্রকল্প,GENERAL,ACTIVE,2026-2028,19
528,PGD-2026-0528,1071,DIP-2026-1071,3566,শিমুল চন্দ্র রায়,,উপ-সহকারী প্রকৌশলী,Sub-Assistant Engineer,simulroy302@gmail.com,simulroy302@gmail.com,GMD-DHK-EAST,"জিএমডি, ঢাকা (পূর্ব)","GMD, Dhaka (East)",Dhaka,নরসিংদী ১৩২/৩৩ কেভি গ্রিড উপকেন্দ্র,GENERAL,ACTIVE,2026-2028,19
529,PGD-2026-0529,1060,DIP-2026-1060,3567,সৈয়দ নোমান,,উপ-সহকারী প্রকৌশলী,Sub-Assistant Engineer,nomanpgcb@gmail.com,nomanpgcb@gmail.com,GMD-BARISHAL,"জিএমডি, বরিশাল","GMD, Barishal",Barishal,বরিশাল ১৩২/৩৩ কেভি গ্রিড উপকেন্দ্র,GENERAL,ACTIVE,2026-2028,19
530,PGD-2026-0530,1068,DIP-2026-1068,3568,Md musa,Md musa,উপ-সহকারী প্রকৌশলী,Sub-Assistant Engineer,musamahmud.pgcb@gmail.com,musamahmud.pgcb@gmail.c om,GMD-CTG-CENTRAL,"জিএমডি, চট্টগ্রাম (সেন্ট্রাল)","GMD, Chattogram (Central)",Chattogram,Julda132/33 kv grid sub station,GENERAL,ACTIVE,2026-2028,19
531,PGD-2026-0531,1091,DIP-2026-1091,3571,pradip kumer roy,pradip kumer roy,উপ-সহকারী প্রকৌশলী,Sub-Assistant Engineer,pk.roy1186@gmail.com,pk.roy1186@gmail.com,GMD-DHK-METRO,ঢাকা মহানগর,Dhaka Metropolitan,Dhaka,Hasnabad 230/132 kv grid sub- station,GENERAL,ACTIVE,2026-2028,19
532,PGD-2026-0532,1171,DIP-2026-1171,3572,Md Yousuf Ali,Md Yousuf Ali,উপ-সহকারী প্রকৌশলী,Sub-Assistant Engineer,md.yousufali960@gmail.com,md.yousufali960@gmail.com,GMD-DHK-METRO,ঢাকা মহানগর,Dhaka Metropolitan,Dhaka,"GMD, Aricha, Power Grid",GENERAL,ACTIVE,2026-2028,19
533,PGD-2026-0533,1064,DIP-2026-1064,3573,S m Asadujjaman,S m Asadujjaman,উপ-সহকারী প্রকৌশলী,Sub-Assistant Engineer,asadujjamanarif1@gmail.com,asadujjamanarif1@gmail.com,GMD-CTG-NORTH,"জিএমডি, চট্টগ্রাম (উত্তর)","GMD, Chattogram (North)",Chattogram,Baraulia 132/33kv grid ss,GENERAL,ACTIVE,2026-2028,19
534,PGD-2026-0534,1122,DIP-2026-1122,3574,মোঃ রাজীব মিয়া,,উপ-সহকারী প্রকৌশলী,Sub-Assistant Engineer,rajib93ce@gmail.com,rajib93ce@gmail.com,GMD-DHK-NORTH,"জিএমডি, ঢাকা (উত্তর)","GMD, Dhaka (North)",Dhaka,জিএমডি ঢাকা উত্তর দপ্তর,GENERAL,ACTIVE,2026-2028,19
535,PGD-2026-0535,1163,DIP-2026-1163,3575,মাসুদা আক্তার,,উপ-সহকারী প্রকৌশলী,Sub-Assistant Engineer,masuda.pgcb2016@gmail.com,masuda.pgcb2016@ gmail. com,GMD-DHK-NORTH,"জিএমডি, ঢাকা (উত্তর)","GMD, Dhaka (North)",Dhaka,জয়দেবপুর ১৩২/৩৩ কেভি গ্রিড উপকেন্দ্র,GENERAL,ACTIVE,2026-2028,19
536,PGD-2026-0536,1082,DIP-2026-1082,3576,মোয়াজ্জেম হুসাইন,,উপ-সহকারী প্রকৌশলী,Sub-Assistant Engineer,muazzamhusain58@gmail.com,muazzamhusain58@gmail.co m,GMD-SRIMANGAL,"জিএমডি, শ্রীমঙ্গল","GMD, Srimangal",Sylhet,কুলাউড়া ১৩২/৩৩ কেভি গ্রিড উপকেন্দ্র,GENERAL,ACTIVE,2026-2028,19
537,PGD-2026-0537,1126,DIP-2026-1126,3578,জাকিয়া সুলতানা,,উপ-সহকারী প্রকৌশলী,Sub-Assistant Engineer,jakia.pgcb@gmail.com,jakia.pgcb@gmail.com,GMD-DHK-NORTH,"জিএমডি, ঢাকা (উত্তর)","GMD, Dhaka (North)",Dhaka,জয়দেবপুর গ্রিড উপকেন্দ্র,GENERAL,ACTIVE,2026-2028,19
538,PGD-2026-0538,1090,DIP-2026-1090,3579,মোঃ মনজুরুল হক লিয়ন,,উপ-সহকারী প্রকৌশলী,Sub-Assistant Engineer,monjurulhaque069@gmail.com,monjurulhaque069@gmail.co m,GMD-KHULNA,"জিএমডি, খুলনা","GMD, Khulna",Khulna,"জিএমডি, খুলনা (উঃ) দপ্তর।",GENERAL,ACTIVE,2026-2028,19
539,PGD-2026-0539,1073,DIP-2026-1073,3582,Md Mahabubur Rahman,Md Mahabubur Rahman,উপ-সহকারী প্রকৌশলী,Sub-Assistant Engineer,mahbub00551@gmail.com,mahbub00551@gmail.com,GMD-SRIMANGAL,"জিএমডি, শ্রীমঙ্গল","GMD, Srimangal",Sylhet,Sylhet( south) 132/33kv GIS Grid sub-station,GENERAL,ACTIVE,2026-2028,19
540,PGD-2026-0540,1354,DIP-2026-1354,3584,Shah Alam sarkar,Shah Alam sarkar,উপ-সহকারী প্রকৌশলী,Sub-Assistant Engineer,ms.alam_2002@yahoo.com,ms.alam_2002@yahoo.com,GMD-DHK-METRO,ঢাকা মহানগর,Dhaka Metropolitan,Dhaka,Civil works,GENERAL,ACTIVE,2026-2028,19
541,PGD-2026-0541,1134,DIP-2026-1134,3585,মোঃ কামরুল হাসান,,উপ-সহকারী প্রকৌশলী,Sub-Assistant Engineer,eng.kamrulpgcb@gmail.com,eng.kamrulpgcb@gmail.com,PROJECT-BRANCH,প্রকল্প শাখা,Project Branch,Headquarters / Projects,CEEGSTL Project,GENERAL,ACTIVE,2026-2028,19
542,PGD-2026-0542,1840,DIP-2026-1840,3586,মোঃ মাহাবুব আলম মামুন,,উপ-সহকারী প্রকৌশলী,Sub-Assistant Engineer,alammahabub0191234@gmail.com,alammahabub0191234@gma il.com,GMD-DINAJPUR,"জিএমডি, দিনাজপুর","GMD, Dinajpur",Rangpur,"পঞ্চগড় গ্রিড উপকেন্দ্র, জিএমডি দিনাজপুর",GENERAL,ACTIVE,2026-2028,19
543,PGD-2026-0543,1167,DIP-2026-1167,3587,Ahamod Ali,Ahamod Ali,উপ-সহকারী প্রকৌশলী,Sub-Assistant Engineer,sae.ahamod@gmail.com,sae.ahamod@gmail.com,GMD-RAJSHAHI,"জিএমডি, রাজশাহী","GMD, Rajshahi",Rajshahi,Rajshahi 230/132/33 KV Grid Sub- station,GENERAL,ACTIVE,2026-2028,19
544,PGD-2026-0544,1072,DIP-2026-1072,3588,মোহাম্মদ রাসেল খান,,উপ-সহকারী প্রকৌশলী,Sub-Assistant Engineer,rasel2309@gmail.com,rasel2309@gmail.com,GMD-SRIMANGAL,"জিএমডি, শ্রীমঙ্গল","GMD, Srimangal",Sylhet,শাহজিবাজার ১৩২/৩৩ কেভি গ্রিড উপকেন্দ্র,GENERAL,ACTIVE,2026-2028,19
545,PGD-2026-0545,1125,DIP-2026-1125,3589,Kohinoor Akter,Kohinoor Akter,উপ-সহকারী প্রকৌশলী,Sub-Assistant Engineer,knr.hassanduet2010@gmail.com,knr.hassanduet2010@gmail,PROJECT-BRANCH,প্রকল্প শাখা,Project Branch,Headquarters / Projects,PGNS (G2G) project,GENERAL,ACTIVE,2026-2028,19
546,PGD-2026-0546,1123,DIP-2026-1123,3590,MD. MERAZUL ISLAM,MD. MERAZUL ISLAM,উপ-সহকারী প্রকৌশলী,Sub-Assistant Engineer,merazulislam174@gmail.com,merazulislam174@gmail.com,GMD-DHK-METRO,ঢাকা মহানগর,Dhaka Metropolitan,Dhaka,জিএমডি ঢাকা-দক্ষিণ,GENERAL,ACTIVE,2026-2028,19
547,PGD-2026-0547,1159,DIP-2026-1159,3591,Md Jahedul Islam,Md Jahedul Islam,উপ-সহকারী প্রকৌশলী,Sub-Assistant Engineer,jahedhvdc@gmail.com,Jahedhvdc@gmail.com,PROJECT-BRANCH,প্রকল্প শাখা,Project Branch,Headquarters / Projects,Rangpur,GENERAL,ACTIVE,2026-2028,19
548,PGD-2026-0548,1119,DIP-2026-1119,3596,মোঃ সাকিল হোসাইন,,উপ-সহকারী প্রকৌশলী,Sub-Assistant Engineer,pgcbsakil@gmail.com,pgcbsakil@gmail.com,PROJECT-BRANCH,প্রকল্প শাখা,Project Branch,Headquarters / Projects,CEEGSTL Project,GENERAL,ACTIVE,2026-2028,19
549,PGD-2026-0549,1841,DIP-2026-1841,3601,Romel khan,Romel khan,উপ-সহকারী প্রকৌশলী,Sub-Assistant Engineer,romelkhan2012@gmail.com,romelkhan2012@gmail.com,GMD-DHK-NORTH,"জিএমডি, ঢাকা (উত্তর)","GMD, Dhaka (North)",Dhaka,Kodda 132/33 kv SS,GENERAL,ACTIVE,2026-2028,19
550,PGD-2026-0550,1148,DIP-2026-1148,3602,মোঃ মনির হোসেন,,উপ-সহকারী প্রকৌশলী,Sub-Assistant Engineer,monirakon360@gmail.com,monirakon360@gmail.com,GMD-FARIDPUR,"জিএমডি, ফরিদপুর","GMD, Faridpur",Dhaka,Madaripur,GENERAL,ACTIVE,2026-2028,19
551,PGD-2026-0551,1147,DIP-2026-1147,3603,নাসরুল্লাহ,,উপ-সহকারী প্রকৌশলী,Sub-Assistant Engineer,nasrullal.pgcb@gmail.com,nasrullal.pgcb@gmail.com,GMD-MYMENSINGH,"জিএমডি, ময়মনসিংহ","GMD, Mymensingh",Mymensingh,জামালপুর ১৩২/৩৩ কেভি গ্রিড উপকেন্দ্র।,GENERAL,ACTIVE,2026-2028,19
552,PGD-2026-0552,1103,DIP-2026-1103,3604,কাজী মেরাজ আহমেদ,,উপ-সহকারী প্রকৌশলী,Sub-Assistant Engineer,shanto_sjl@yahoo.com,shanto_sjl@yahoo.com,GMD-RAJSHAHI,"জিএমডি, রাজশাহী","GMD, Rajshahi",Rajshahi,রাজশাহী ১৩২/৩৩ কেভি গ্রিড উপকেন্দ্র,GENERAL,ACTIVE,2026-2028,20
553,PGD-2026-0553,1065,DIP-2026-1065,3606,মোঃ নুরুল ইসলাম,,উপ-সহকারী প্রকৌশলী,Sub-Assistant Engineer,shohagh.sayem@gmail.com,shohagh.sayem@gmail.com,GMD-CTG-SOUTH,"জিএমডি, চট্টগ্রাম (দক্ষিণ)","GMD, Chattogram (South)",Chattogram,Patiya 132/33 KV GIS Grid Sub- Station,GENERAL,ACTIVE,2026-2028,20
554,PGD-2026-0554,1153,DIP-2026-1153,3607,মনিরুল ইসলাম,,উপ-সহকারী প্রকৌশলী,Sub-Assistant Engineer,mijewel9457@gmail.com,mijewel9457@gmail.com,GMD-CTG-CENTRAL,"জিএমডি, চট্টগ্রাম (সেন্ট্রাল)","GMD, Chattogram (Central)",Chattogram,ষোলশহর ১৩২/৩৩ কেভি জিআইএস গ্রিড সাবস্টেশন,GENERAL,ACTIVE,2026-2028,20
555,PGD-2026-0555,1120,DIP-2026-1120,3609,খান মো: ইবনে সিনা,,উপ-সহকারী প্রকৌশলী,Sub-Assistant Engineer,khan.sina@gmail.com,khan.sina@gmail.com,GMD-DHK-METRO,ঢাকা মহানগর,Dhaka Metropolitan,Dhaka,কেরানীগঞ্জ ২৩০/১৩২ কেভি গ্রিড উপকেন্দ্র,GENERAL,ACTIVE,2026-2028,20
556,PGD-2026-0556,1105,DIP-2026-1105,3610,মোঃসালোমগীর হোসেন,,উপ-সহকারী প্রকৌশলী,Sub-Assistant Engineer,shalamgir257@gmail.com,shalamgir257@gmail.com,GMD-RAJSHAHI,"জিএমডি, রাজশাহী","GMD, Rajshahi",Rajshahi,রহনপুর ১৩২/৩৩ কেভি গ্রিড উপকেন্দ্র,GENERAL,ACTIVE,2026-2028,20
557,PGD-2026-0557,1096,DIP-2026-1096,3611,Md. Abu Ebne Barat,Md. Abu Ebne Barat,উপ-সহকারী প্রকৌশলী,Sub-Assistant Engineer,barat.ebne92@gmail.com,barat.ebne92@gmail.com,GMD-BOGURA,"জিএমডি, বগুড়া","GMD, Bogura",Rajshahi,Mahasthangarh132/33 Kv Grid Sub-Station,GENERAL,ACTIVE,2026-2028,20
558,PGD-2026-0558,1149,DIP-2026-1149,3612,আতিফ সিদ্দিকী,,উপ-সহকারী প্রকৌশলী,Sub-Assistant Engineer,atifgx@gmail.com,atifgx@gmail.com,GMD-DHK-METRO,ঢাকা মহানগর,Dhaka Metropolitan,Dhaka,"কেরানীগঞ্জ ২৩০ কেভি গ্রিড উপকেন্দ্র, জিএমডি, ধাকা-দক্ষিণ",GENERAL,ACTIVE,2026-2028,20
559,PGD-2026-0559,1699,DIP-2026-1699,3613,মো: রিয়াজুল হক,,উপ-সহকারী প্রকৌশলী,Sub-Assistant Engineer,reazul.e69@gmail.com,reazul.e69@gmail.com,GMD-CUMILLA,"জিএমডি, কুমিল্লা","GMD, Cumilla",Cumilla,রামগঞ্জ ১৩২/৩৩কেভি গ্রিড উপকেন্দ্র,GENERAL,ACTIVE,2026-2028,20
560,PGD-2026-0560,1084,DIP-2026-1084,3614,অভিজিত রায়,,উপ-সহকারী প্রকৌশলী,Sub-Assistant Engineer,royabhijit.24@gmail.com,royabhijit.24@gmail.com,GMD-SRIMANGAL,"জিএমডি, শ্রীমঙ্গল","GMD, Srimangal",Sylhet,ছাতক গ্রিড উপকেন্দ্র,GENERAL,ACTIVE,2026-2028,20
561,PGD-2026-0561,1104,DIP-2026-1104,3615,মো: নূর আলম সরকার পলক,,উপ-সহকারী প্রকৌশলী,Sub-Assistant Engineer,polokseu@gmail.com,Polokseu@gmail.com,GMD-BOGURA,"জিএমডি, বগুড়া","GMD, Bogura",Rajshahi,মহাস্থানগড় গ্রিড,GENERAL,ACTIVE,2026-2028,20
562,PGD-2026-0562,1135,DIP-2026-1135,3616,Solaiman Mohammad Sabbir,Solaiman Mohammad Sabbir,উপ-সহকারী প্রকৌশলী,Sub-Assistant Engineer,solaimansabbir@yahoo.com,solaimansabbir@yahoo.com,PROJECT-BRANCH,প্রকল্প শাখা,Project Branch,Headquarters / Projects,Project-1,GENERAL,ACTIVE,2026-2028,20
563,PGD-2026-0563,1158,DIP-2026-1158,3617,Md.Al Faruque Al Azadi,Md.Al Faruque Al Azadi,উপ-সহকারী প্রকৌশলী,Sub-Assistant Engineer,azadfaruk786@gmail.com,azadfaruk786@gmail.com,GMD-JHENAIDAH,"জিএমডি, ঝিনাইদহ","GMD, Jhenaidah",Khulna,230 kvJhenaidah grid substation,GENERAL,ACTIVE,2026-2028,20
564,PGD-2026-0564,1843,DIP-2026-1843,3652,মোঃ আব্দুর রউফ মিয়া,,উপ-সহকারী প্রকৌশলী,Sub-Assistant Engineer,rouf110@gmail.com,rouf110@gmail.com,GMD-RANGPUR,"জিএমডি, রংপুর","GMD, Rangpur",Rangpur,মিঠাপুকুর গ্রিড উপকেন্দ্র,GENERAL,ACTIVE,2026-2028,20
565,PGD-2026-0565,1246,DIP-2026-1246,3653,মোঃ আবুল হাসান,,উপ-সহকারী প্রকৌশলী,Sub-Assistant Engineer,alone.hasan007@gmail.com,alone.hasan007@gmail.com,GMD-MYMENSINGH,"জিএমডি, ময়মনসিংহ","GMD, Mymensingh",Mymensingh,132/33kv Muktagacha grid substation,GENERAL,ACTIVE,2026-2028,20
566,PGD-2026-0566,1349,DIP-2026-1349,3656,গৌরাঙ্গ সরকার,,উপ-সহকারী প্রকৌশলী,Sub-Assistant Engineer,sarkerpgcb2017@gmail.com,sarkerpgcb2017@gmail.com,GMD-DHK-METRO,ঢাকা মহানগর,Dhaka Metropolitan,Dhaka,ধামরাই ১৩২/৩৩ কেভি গ্রিড উপকেন্দ্র,GENERAL,ACTIVE,2026-2028,20
567,PGD-2026-0567,1406,DIP-2026-1406,3657,আবু সালেহ মোঃমাহমুদ,,উপ-সহকারী প্রকৌশলী,Sub-Assistant Engineer,saleh75090@gmail.com,saleh75090@gmail.com,GMD-DHK-METRO,ঢাকা মহানগর,Dhaka Metropolitan,Dhaka,Civil works,GENERAL,ACTIVE,2026-2028,20
568,PGD-2026-0568,1285,DIP-2026-1285,3662,এ. এম. আরিফুল ইসলাম,,উপ-সহকারী প্রকৌশলী,Sub-Assistant Engineer,a.m.arif91@gmail.com,a.m.arif91@gmail.com,PROJECT-BRANCH,প্রকল্প শাখা,Project Branch,Headquarters / Projects,ঢাকা,GENERAL,ACTIVE,2026-2028,20
569,PGD-2026-0569,1273,DIP-2026-1273,3663,মোঃ আহসান হাবীব,,উপ-সহকারী প্রকৌশলী,Sub-Assistant Engineer,habibahasan.9290@gmail.com,habibahasan.9290@gmail.co m,PROJECT-BRANCH,প্রকল্প শাখা,Project Branch,Headquarters / Projects,"আফতাবনগর, বাড্ডা, ঢাকা।",GENERAL,ACTIVE,2026-2028,20
570,PGD-2026-0570,1342,DIP-2026-1342,3664,Sanjib Basak,Sanjib Basak,উপ-সহকারী প্রকৌশলী,Sub-Assistant Engineer,amsanjib@gmail.com,amsanjib@gmail.com,GMD-CTG-CENTRAL,"জিএমডি, চট্টগ্রাম (সেন্ট্রাল)","GMD, Chattogram (Central)",Chattogram,Bakalia 132/33KV Grid Substation,GENERAL,ACTIVE,2026-2028,20
571,PGD-2026-0571,1267,DIP-2026-1267,3665,Md. Giasuddin Mia,Md. Giasuddin Mia,উপ-সহকারী প্রকৌশলী,Sub-Assistant Engineer,giasuddinahmed94@gmail.com,giasuddinahmed94@gmail.co m,GMD-FARIDPUR,"জিএমডি, ফরিদপুর","GMD, Faridpur",Dhaka,Shariatpur 132/33 kv Grid sub- staion.,GENERAL,ACTIVE,2026-2028,20
572,PGD-2026-0572,1196,DIP-2026-1196,3666,মোঃ আনোয়ার হোসেন,,উপ-সহকারী প্রকৌশলী,Sub-Assistant Engineer,hossain.anwar18@gmail.com,hossain.anwar18@gmail.com,GMD-SRIMANGAL,"জিএমডি, শ্রীমঙ্গল","GMD, Srimangal",Sylhet,Sylhet 132 kv Grid Substation,GENERAL,ACTIVE,2026-2028,20
573,PGD-2026-0573,2290,DIP-2026-2290,3667,Md. Iqbal Hossain,Md. Iqbal Hossain,উপ-সহকারী প্রকৌশলী,Sub-Assistant Engineer,iqbal.pgcb.ce@gmail.com,iqbal.pgcb.ce@gmail.com,GMD-DHK-NORTH,"জিএমডি, ঢাকা (উত্তর)","GMD, Dhaka (North)",Dhaka,Mirzapur 132/33kV GIS Grid Ss,GENERAL,ACTIVE,2026-2028,20
574,PGD-2026-0574,1742,DIP-2026-1742,3810,PABITRA KUMAR SEN,PABITRA KUMAR SEN,উপ-সহকারী প্রকৌশলী,Sub-Assistant Engineer,pabitrasen66@gmail.com,pabitrasen66@gmail.com,GMD-DINAJPUR,"জিএমডি, দিনাজপুর","GMD, Dinajpur",Rangpur,panchagarh 132/33 kv Grid Sub- station,GENERAL,ACTIVE,2026-2028,20
575,PGD-2026-0575,1522,DIP-2026-1522,3812,আশাদুল ইসলাম,,উপ-সহকারী প্রকৌশলী,Sub-Assistant Engineer,ashadulet@gmail.com,ashadulet@gmail.com,GMD-BOGURA,"জিএমডি, বগুড়া","GMD, Bogura",Rajshahi,মহাস্থানগড় ১৩২/৩৩ কেভি গ্রিড উপকেন্দ্র,GENERAL,ACTIVE,2026-2028,20
576,PGD-2026-0576,1465,DIP-2026-1465,3813,মোঃ সামিউল ইরলাম,,উপ-সহকারী প্রকৌশলী,Sub-Assistant Engineer,samiulpgcb@gmail.com,samiulpgcb@gmail.com,GMD-SIRAJGANJ,"জিএমডি, সিরাজগঞ্জ","GMD, Sirajganj",Rajshahi,উল্লাপাড়া ১৩২/৩৩ কেভি গ্রিড উপকেন্দ্র,GENERAL,ACTIVE,2026-2028,20
577,PGD-2026-0577,1844,DIP-2026-1844,3814,শামীম হোসেন,,উপ-সহকারী প্রকৌশলী,Sub-Assistant Engineer,shamimrrr@gmail.com,shamimrrr@gmail.com,GMD-DHK-NORTH,"জিএমডি, ঢাকা (উত্তর)","GMD, Dhaka (North)",Dhaka,রাজেন্দ্র পুর ১৩২/৩৩ কেভি গ্রিড উপকেন্দ্র।,GENERAL,ACTIVE,2026-2028,20
578,PGD-2026-0578,1197,DIP-2026-1197,3816,রাজিব আল হাসান,,উপ-সহকারী প্রকৌশলী,Sub-Assistant Engineer,alhasan0177@gmail.com,alhasan0177@gmail.com,GMD-DHK-NORTH,"জিএমডি, ঢাকা (উত্তর)","GMD, Dhaka (North)",Dhaka,কালিয়াকৈর ৪০০ কেভি উপকেন্দ্র,GENERAL,ACTIVE,2026-2028,20
579,PGD-2026-0579,1796,DIP-2026-1796,3818,মোঃ আবু সাঈদ,,উপ-সহকারী প্রকৌশলী,Sub-Assistant Engineer,abu.sayed.pgcb@gmail.com,abu.sayed.pgcb@gmail.com,PROJECT-BRANCH,প্রকল্প শাখা,Project Branch,Headquarters / Projects,দক্ষিণ-পশ্চিমাঞ্চলীয় ট্রান্সমিশন গ্রিড সম্প্রসারন প্রকল্প,GENERAL,ACTIVE,2026-2028,20
580,PGD-2026-0580,1198,DIP-2026-1198,3821,Md Lovelu Fakir,Md Lovelu Fakir,উপ-সহকারী প্রকৌশলী,Sub-Assistant Engineer,lovelusalim@gmail.com,lovelusalim@gmail.com,GMD-KHULNA,"জিএমডি, খুলনা","GMD, Khulna",Khulna,230kv Khulna South Grid Substation,GENERAL,ACTIVE,2026-2028,20
581,PGD-2026-0581,1210,DIP-2026-1210,3823,মোঃ নাজমুল হুদা,,উপ-সহকারী প্রকৌশলী,Sub-Assistant Engineer,nazmulhuda86.bd@gmail.com,nazmulhuda86.bd@gmail.co m,GMD-DHK-EAST,"জিএমডি, ঢাকা (পূর্ব)","GMD, Dhaka (East)",Dhaka,ভুলতা ৪০০/২৩০ কেভি উপকেন্দ্র,GENERAL,ACTIVE,2026-2028,21
582,PGD-2026-0582,1257,DIP-2026-1257,3824,মোঃ মাসুদুর রহমান,,উপ-সহকারী প্রকৌশলী,Sub-Assistant Engineer,masudeee1@gmail.com,masudeee1@gmail.com,GMD-KHULNA,"জিএমডি, খুলনা","GMD, Khulna",Khulna,খুলনা দক্ষিণ ২৩০/১৩২ কেভি গ্রিড উপকেন্দ্র,GENERAL,ACTIVE,2026-2028,21
583,PGD-2026-0583,1845,DIP-2026-1845,3828,Md Lokman Hakim,Md Lokman Hakim,উপ-সহকারী প্রকৌশলী,Sub-Assistant Engineer,lokmanpgcb@gmail.com,lokmanpgcb@gmail.com,PROJECT-BRANCH,প্রকল্প শাখা,Project Branch,Headquarters / Projects,PGNS (G2G) PROJECT,GENERAL,ACTIVE,2026-2028,21
584,PGD-2026-0584,1514,DIP-2026-1514,3830,ফজলে রাব্বি কবির,,উপ-সহকারী প্রকৌশলী,Sub-Assistant Engineer,rabbipowergrid@gmail.com,rabbipowergrid@gmail.com,GMD-SIRAJGANJ,"জিএমডি, সিরাজগঞ্জ","GMD, Sirajganj",Rajshahi,সিরাজগঞ্জ ১৩২/৩৩ কেভি গ্রিড উপকেন্দ্র,GENERAL,ACTIVE,2026-2028,21
585,PGD-2026-0585,1847,DIP-2026-1847,3833,মোঃ রনিউজ্জামান,,উপ-সহকারী প্রকৌশলী,Sub-Assistant Engineer,roniuzzaman.pgcb@gmail.com,roniuzzaman.pgcb@gmail.co m,GMD-DHK-NORTH,"জিএমডি, ঢাকা (উত্তর)","GMD, Dhaka (North)",Dhaka,কড্ডা ১৩২/৩৩ কেভি গ্রিড উপকেন্দ্র,GENERAL,ACTIVE,2026-2028,21
586,PGD-2026-0586,1464,DIP-2026-1464,3835,Mohammad Monowar Hossain Munna,Mohammad Monowar Hossain Munna,উপ-সহকারী প্রকৌশলী,Sub-Assistant Engineer,munnaeee94@gmail.com,Munnaeee94@gmail.com,GMD-BOGURA,"জিএমডি, বগুড়া","GMD, Bogura",Rajshahi,Bogura 400/230 kV GIS Grid SS,GENERAL,ACTIVE,2026-2028,21
587,PGD-2026-0587,1775,DIP-2026-1775,3838,Md.Touhidul Islam,Md.Touhidul Islam,উপ-সহকারী প্রকৌশলী,Sub-Assistant Engineer,engrtouhid91@gmail.com,engrtouhid91@gmail,PROJECT-BRANCH,প্রকল্প শাখা,Project Branch,Headquarters / Projects,RCTLS,GENERAL,ACTIVE,2026-2028,21
588,PGD-2026-0588,1848,DIP-2026-1848,3839,Md Zahid Hossain,Md Zahid Hossain,উপ-সহকারী প্রকৌশলী,Sub-Assistant Engineer,zahidpgcb2018@gmail.com,zahidpgcb2018@gmail.com,PROJECT-BRANCH,প্রকল্প শাখা,Project Branch,Headquarters / Projects,"EEGBPS Project , Level#11,Grid Bhaban, Aftabnagar, Badda, Dhaka",GENERAL,ACTIVE,2026-2028,21
589,PGD-2026-0589,1635,DIP-2026-1635,3840,মোঃ আবু হোসেন,,উপ-সহকারী প্রকৌশলী,Sub-Assistant Engineer,abuhossainceduet@gmail.com,abuhossainceduet@gmail.co m,PROJECT-BRANCH,প্রকল্প শাখা,Project Branch,Headquarters / Projects,আত্রাই ১৩২/৩৩ কেভি এই আই এস নতুন উপকেন্দ্র,GENERAL,ACTIVE,2026-2028,21
590,PGD-2026-0590,1230,DIP-2026-1230,3841,মোঃ রেদোয়ান হোসেন,,উপ-সহকারী প্রকৌশলী,Sub-Assistant Engineer,redowan.pgcb@gmail.com,redowan.pgcb@gmail.com,GMD-FARIDPUR,"জিএমডি, ফরিদপুর","GMD, Faridpur",Dhaka,মাদারীপুর ১৩২/৩৩ কেভি গ্রিড উপকেন্দ্র,GENERAL,ACTIVE,2026-2028,21
591,PGD-2026-0591,1229,DIP-2026-1229,3843,MD ARAFAN ALI,MD ARAFAN ALI,উপ-সহকারী প্রকৌশলী,Sub-Assistant Engineer,pgcbarafan@gmail.com,pgcbarafan@gmail.com,GMD-DINAJPUR,"জিএমডি, দিনাজপুর","GMD, Dinajpur",Rangpur,Barapukuria 230/132/33KV Sub station,GENERAL,ACTIVE,2026-2028,21
592,PGD-2026-0592,1820,DIP-2026-1820,3846,মো: আবীর হোসেন,,উপ-সহকারী প্রকৌশলী,Sub-Assistant Engineer,abir4ce@gmail.com,abir4ce@gmail.com,PROJECT-BRANCH,প্রকল্প শাখা,Project Branch,Headquarters / Projects,নোয়াখালী,GENERAL,ACTIVE,2026-2028,21
593,PGD-2026-0593,1180,DIP-2026-1180,3848,মো: রবিউল্যাহ হোসেন,,উপ-সহকারী প্রকৌশলী,Sub-Assistant Engineer,engg.rabiulhossen@gmail.com,engg.rabiulhossen@gmail.co m,GMD-DHK-NORTH,"জিএমডি, ঢাকা (উত্তর)","GMD, Dhaka (North)",Dhaka,কড্ডা ১৩২/৩৩ কেভি গ্রিড উপকেন্দ্র,GENERAL,ACTIVE,2026-2028,21
594,PGD-2026-0594,1781,DIP-2026-1781,3850,মো: এনামুল হাসান,,উপ-সহকারী প্রকৌশলী,Sub-Assistant Engineer,anamul.pgcb18@gmail.com,anamul.pgcb18@gmail.com,GMD-DHK-METRO,ঢাকা মহানগর,Dhaka Metropolitan,Dhaka,Head Office,GENERAL,ACTIVE,2026-2028,21
595,PGD-2026-0595,1849,DIP-2026-1849,3855,মোঃ সানোয়ার হোসেন,,উপ-সহকারী প্রকৌশলী,Sub-Assistant Engineer,nababshkhan@gmail.com,nababshkhan@gmail.com,GMD-DINAJPUR,"জিএমডি, দিনাজপুর","GMD, Dinajpur",Rangpur,ঠাকুরগাঁও ১৩২/৩৩ কেভি গ্রিড উপকেন্দ্র,GENERAL,ACTIVE,2026-2028,21
596,PGD-2026-0596,1850,DIP-2026-1850,3856,মোঃ নুর আলম জিকু,,উপ-সহকারী প্রকৌশলী,Sub-Assistant Engineer,jikuziku@gmail.com,jikuziku@gmail.com,GMD-DHK-METRO,ঢাকা মহানগর,Dhaka Metropolitan,Dhaka,পরিবেশ ও সামাজিক ইউনওট,GENERAL,ACTIVE,2026-2028,21
597,PGD-2026-0597,1194,DIP-2026-1194,3858,Abdullah,Abdullah,উপ-সহকারী প্রকৌশলী,Sub-Assistant Engineer,abdullahet2012@gmail.com,abdullahet2012@gmail.com,GMD-MYMENSINGH,"জিএমডি, ময়মনসিংহ","GMD, Mymensingh",Mymensingh,Jamalpur 132/33 KV grid Sub Station.,GENERAL,ACTIVE,2026-2028,21
598,PGD-2026-0598,1740,DIP-2026-1740,3861,Md Ashrafuzzaman,Md Ashrafuzzaman,উপ-সহকারী প্রকৌশলী,Sub-Assistant Engineer,azm132115@gmail.com,azm132115@gmail.com,GMD-RANGPUR,"জিএমডি, রংপুর","GMD, Rangpur",Rangpur,Lalmonirhat Grid,GENERAL,ACTIVE,2026-2028,21
599,PGD-2026-0599,1673,DIP-2026-1673,3864,এমরান হোসেন,,উপ-সহকারী প্রকৌশলী,Sub-Assistant Engineer,mdimran437269@gmail.com,mdimran437269@gmail.com,GMD-CUMILLA,"জিএমডি, কুমিল্লা","GMD, Cumilla",Cumilla,২৩০/১৩২/৩৩ কেভি কুমিল্লা উত্তর গ্রিড উপকেন্দ্র,GENERAL,ACTIVE,2026-2028,21
600,PGD-2026-0600,1265,DIP-2026-1265,3865,সুমন কুমার সরকার,,উপ-সহকারী প্রকৌশলী,Sub-Assistant Engineer,sksumonpgcb@gmail.com,sksumonpgcb@gmail.com,GMD-FARIDPUR,"জিএমডি, ফরিদপুর","GMD, Faridpur",Dhaka,Faridpur 230/132/33 kV SS,GENERAL,ACTIVE,2026-2028,21
601,PGD-2026-0601,1191,DIP-2026-1191,3866,মাইনুল হাসান,,উপ-সহকারী প্রকৌশলী,Sub-Assistant Engineer,mynulhasan1995@gmail.com,mynulhasan1995@gmail.com,GMD-DHK-NORTH,"জিএমডি, ঢাকা (উত্তর)","GMD, Dhaka (North)",Dhaka,রাজেন্দ্রপুর ১৩২/৩৩ কেভি জিআইএস গ্রিড উপকেন্দ্র,GENERAL,ACTIVE,2026-2028,21
602,PGD-2026-0602,1250,DIP-2026-1250,3867,MD ABU SAYEED,MD ABU SAYEED,উপ-সহকারী প্রকৌশলী,Sub-Assistant Engineer,abusayeed577@gmail.com,abusayeed577@gmail.com,GMD-KHULNA,"জিএমডি, খুলনা","GMD, Khulna",Khulna,বেনাপোল ১৩২/৩৩ কেভি গ্রিড সাবস্টেশন,GENERAL,ACTIVE,2026-2028,21
603,PGD-2026-0603,1192,DIP-2026-1192,3870,Tanvir Hasan,Tanvir Hasan,উপ-সহকারী প্রকৌশলী,Sub-Assistant Engineer,tanvirhasan.pgcb@gmail.com,tanvirhasan.pgcb@gmail.com,GMD-DHK-METRO,ঢাকা মহানগর,Dhaka Metropolitan,Dhaka,savar 132/33 Kv Grid Substation,GENERAL,ACTIVE,2026-2028,21
604,PGD-2026-0604,1737,DIP-2026-1737,3871,Md.Mainul Hasan,Md.Mainul Hasan,উপ-সহকারী প্রকৌশলী,Sub-Assistant Engineer,mainulhasan.eng@gmail.com,mainulhasan.eng@gmail.com,GMD-JHENAIDAH,"জিএমডি, ঝিনাইদহ","GMD, Jhenaidah",Khulna,Magura 132/33kV Grid Sub Station,GENERAL,ACTIVE,2026-2028,21
605,PGD-2026-0605,1203,DIP-2026-1203,3872,মো: আব্দুল আল নোমান,,উপ-সহকারী প্রকৌশলী,Sub-Assistant Engineer,mdabdulalnoman154@gmail.com,mdabdulalnoman154@gmail. com,GMD-SIRAJGANJ,"জিএমডি, সিরাজগঞ্জ","GMD, Sirajganj",Rajshahi,শাহজাদপুর ১৩২/৩৩ কেভি গ্রিড সাবস্টেশন,GENERAL,ACTIVE,2026-2028,21
606,PGD-2026-0606,1335,DIP-2026-1335,3873,অভিজিৎ চৌধুরী,,উপ-সহকারী প্রকৌশলী,Sub-Assistant Engineer,avieee2018@gmail.com,Avieee2018@gmail.com,GMD-CTG-SOUTH,"জিএমডি, চট্টগ্রাম (দক্ষিণ)","GMD, Chattogram (South)",Chattogram,পটয়িা ১৩২ কেভি জি আই এস গ্রিড উপকেন্দ্র,GENERAL,ACTIVE,2026-2028,21
607,PGD-2026-0607,1851,DIP-2026-1851,3874,মো: শরিফুল ইসলাম,,উপ-সহকারী প্রকৌশলী,Sub-Assistant Engineer,sharifpgb2018@gmail.com,sharifpgb2018@gmail.com,GMD-DHK-NORTH,"জিএমডি, ঢাকা (উত্তর)","GMD, Dhaka (North)",Dhaka,"মির্জাপুর ১৩২/৩৩ কেভি জিআইএস গ্রিড উপকেন্দ্র, জিএমডি, কালিয়াকৈর",GENERAL,ACTIVE,2026-2028,21
608,PGD-2026-0608,01184,DIP-2026-01184,3875,MOHAMMAD RASHEDUL ISLAM RASEL,MOHAMMAD RASHEDUL ISLAM RASEL,উপ-সহকারী প্রকৌশলী,Sub-Assistant Engineer,islamrasel56.moh@gmail.com,islamrasel56.moh@gmail.co m,GMD-CUMILLA,"জিএমডি, কুমিল্লা","GMD, Cumilla",Cumilla,Chowmuhani 230/132/33 kV GIS Grid Substation,GENERAL,ACTIVE,2026-2028,21
609,PGD-2026-0609,1315,DIP-2026-1315,3876,সনাতন কুমার দাশ,,উপ-সহকারী প্রকৌশলী,Sub-Assistant Engineer,sonataneee@gmail.com,sonataneee@gmail.com,GMD-KHULNA,"জিএমডি, খুলনা","GMD, Khulna",Khulna,Mongla 132/33 KV Grid Substation,GENERAL,ACTIVE,2026-2028,21
610,PGD-2026-0610,1189,DIP-2026-1189,3878,Md. Rakib Hossain,Md. Rakib Hossain,উপ-সহকারী প্রকৌশলী,Sub-Assistant Engineer,confidencerakib@gmail.com,confidencerakib@gmail.com,GMD-DINAJPUR,"জিএমডি, দিনাজপুর","GMD, Dinajpur",Rangpur,Purbasadipur 132/33kV Grid Substation,GENERAL,ACTIVE,2026-2028,22
611,PGD-2026-0611,1195,DIP-2026-1195,3879,মোঃ ইউসুফ আলী,,উপ-সহকারী প্রকৌশলী,Sub-Assistant Engineer,mdyusufali533@gmail.com,mdyusufali533@gmail.com,GMD-RANGPUR,"জিএমডি, রংপুর","GMD, Rangpur",Rangpur,লালমনিরহাট ১৩২/৩৩ কেভি গ্রিড উপকেন্দ্র,GENERAL,ACTIVE,2026-2028,22
612,PGD-2026-0612,1256,DIP-2026-1256,3880,MD RAKIB HASAN,MD RAKIB HASAN,উপ-সহকারী প্রকৌশলী,Sub-Assistant Engineer,rakibemon63@gmail.com,rakibemon63@gmail.com,GMD-KHULNA,"জিএমডি, খুলনা","GMD, Khulna",Khulna,132/33KV Khulna Central Grid Sub-Station,GENERAL,ACTIVE,2026-2028,22
613,PGD-2026-0613,1212,DIP-2026-1212,3883,শাহরিয়ার নাজিম,,উপ-সহকারী প্রকৌশলী,Sub-Assistant Engineer,snrobin322@gmail.com,snrobin322@gmail.com,GMD-MYMENSINGH,"জিএমডি, ময়মনসিংহ","GMD, Mymensingh",Mymensingh,ময়মনসিংহ ১৩২/৩৩ কেভি গ্রিড উপকেন্দ্র,GENERAL,ACTIVE,2026-2028,22
614,PGD-2026-0614,1227,DIP-2026-1227,3884,Md. Rekol Kabir,Md. Rekol Kabir,উপ-সহকারী প্রকৌশলী,Sub-Assistant Engineer,kabir.eee11@gmail.com,kabir.eee11@gmail.com,GMD-KHULNA,"জিএমডি, খুলনা","GMD, Khulna",Khulna,Benapole Grid Sub-Station,GENERAL,ACTIVE,2026-2028,22
615,PGD-2026-0615,1694,DIP-2026-1694,3886,Md Solaiman,Md Solaiman,উপ-সহকারী প্রকৌশলী,Sub-Assistant Engineer,solaimanislam298@gmail.com,solaimanislam298@gmail,GMD-DHK-METRO,ঢাকা মহানগর,Dhaka Metropolitan,Dhaka,"OFCN,Power Grid Head Office",GENERAL,ACTIVE,2026-2028,22
616,PGD-2026-0616,1662,DIP-2026-1662,3887,মো: রফিকুল ইসলাম,,উপ-সহকারী প্রকৌশলী,Sub-Assistant Engineer,mdrofiqulislam816@gmail.com,mdrofiqulislam816@gmail.co m,GMD-ISHWARDI,"জিএমডি, ঈশ্বরদী","GMD, Ishwardi",Rajshahi,বাংলাদেশ-ভারত বিদু্যৎ সঞ্চালন কেন্দ্র,GENERAL,ACTIVE,2026-2028,22
617,PGD-2026-0617,1200,DIP-2026-1200,3891,মোঃ আবু সুফিয়ান মনির,,উপ-সহকারী প্রকৌশলী,Sub-Assistant Engineer,sufianpgcb@gmail.com,sufianpgcb@gmail.com,GMD-FARIDPUR,"জিএমডি, ফরিদপুর","GMD, Faridpur",Dhaka,রাজবাড়ী ১৩২/৩৩ কেভি গ্রিড উপকেন্দ্র।,GENERAL,ACTIVE,2026-2028,22
618,PGD-2026-0618,1260,DIP-2026-1260,3892,Md. Mozammel Haque,Md. Mozammel Haque,উপ-সহকারী প্রকৌশলী,Sub-Assistant Engineer,mozammel092@gmail.com,mozammel092@gmail.com,GMD-KHULNA,"জিএমডি, খুলনা","GMD, Khulna",Khulna,Satkhira 132/33kV grid substation,GENERAL,ACTIVE,2026-2028,22
619,PGD-2026-0619,1322,DIP-2026-1322,3893,Md sahidul Islam,Md sahidul Islam,উপ-সহকারী প্রকৌশলী,Sub-Assistant Engineer,sahidul6060@gmail.com,sahidul6060@gmail.com,GMD-DINAJPUR,"জিএমডি, দিনাজপুর","GMD, Dinajpur",Rangpur,Purbasadipur 132/33 kv grid ss,GENERAL,ACTIVE,2026-2028,22
620,PGD-2026-0620,1519,DIP-2026-1519,3894,মোঃ রিপন শেখ,,উপ-সহকারী প্রকৌশলী,Sub-Assistant Engineer,ereponsheikh@gmail.com,ereponsheikh@gmail.com,GMD-BOGURA,"জিএমডি, বগুড়া","GMD, Bogura",Rajshahi,বগুড়া ২৩০/১৩২ কেভি উপকেন্দ্র,GENERAL,ACTIVE,2026-2028,22
621,PGD-2026-0621,1508,DIP-2026-1508,3895,মোঃজাহাঙ্গীর আলম,,উপ-সহকারী প্রকৌশলী,Sub-Assistant Engineer,jahangircse.duet@gmail.com,jahangircse.duet@gmail.com,GMD-BOGURA,"জিএমডি, বগুড়া","GMD, Bogura",Rajshahi,"এরিয়া লোড ডেসপ্যাচ সেন্টার(ALDC), বগুড়া",GENERAL,ACTIVE,2026-2028,22
622,PGD-2026-0622,1630,DIP-2026-1630,3898,Md. Sohag Mia,Md. Sohag Mia,উপ-সহকারী প্রকৌশলী,Sub-Assistant Engineer,sohagmia4047@gmail.com,sohagmia4047@gmail,GMD-CTG-CENTRAL,"জিএমডি, চট্টগ্রাম (সেন্ট্রাল)","GMD, Chattogram (Central)",Chattogram,Chattogram,GENERAL,ACTIVE,2026-2028,22
623,PGD-2026-0623,1854,DIP-2026-1854,3899,মোঃ সোলায়মান আলী,,উপ-সহকারী প্রকৌশলী,Sub-Assistant Engineer,sholyman20video@gmail.com,sholyman20video@gmail.co m,GMD-DHK-METRO,ঢাকা মহানগর,Dhaka Metropolitan,Dhaka,ICT,GENERAL,ACTIVE,2026-2028,22
624,PGD-2026-0624,1176,DIP-2026-1176,3900,মো: রিপন আলি,,উপ-সহকারী প্রকৌশলী,Sub-Assistant Engineer,riponali1122@gmail.com,riponali1122@gmail.com,GMD-ISHWARDI,"জিএমডি, ঈশ্বরদী","GMD, Ishwardi",Rajshahi,২৩০/১৩২ কেভি ভেড়ামারা সাব- স্টেশন,GENERAL,ACTIVE,2026-2028,22
625,PGD-2026-0625,1672,DIP-2026-1672,3901,Mohammad Anowar Hossain,Mohammad Anowar Hossain,উপ-সহকারী প্রকৌশলী,Sub-Assistant Engineer,nwrthn@gmail.com,nwrthn@gmail.com,GMD-CUMILLA,"জিএমডি, কুমিল্লা","GMD, Cumilla",Cumilla,230/132/33KV Cumilla(N) Grid sub-station,GENERAL,ACTIVE,2026-2028,22
626,PGD-2026-0626,1855,DIP-2026-1855,3904,Md. Mansur Rahman,Md. Mansur Rahman,উপ-সহকারী প্রকৌশলী,Sub-Assistant Engineer,mansur.eee85@gmail.com,mansur.eee85@gmail.com,GMD-RAJSHAHI,"জিএমডি, রাজশাহী","GMD, Rajshahi",Rajshahi,Rahanpur 132/33KV Grid Substation,GENERAL,ACTIVE,2026-2028,22
627,PGD-2026-0627,1856,DIP-2026-1856,3905,Sandip Kumer Sarker,Sandip Kumer Sarker,উপ-সহকারী প্রকৌশলী,Sub-Assistant Engineer,sandip.eee112101@gmail.com,sandip.eee112101@gmail.co m,GMD-KHULNA,"জিএমডি, খুলনা","GMD, Khulna",Khulna,Benapole Grid,GENERAL,ACTIVE,2026-2028,22
628,PGD-2026-0628,1305,DIP-2026-1305,3906,Md. Mashiur Rahman,Md. Mashiur Rahman,উপ-সহকারী প্রকৌশলী,Sub-Assistant Engineer,mashiur005@gmail.com,mashiur005@gmail.com,GMD-RANGPUR,"জিএমডি, রংপুর","GMD, Rangpur",Rangpur,Saidpur 132/33 kv grid substation,GENERAL,ACTIVE,2026-2028,22
629,PGD-2026-0629,1857,DIP-2026-1857,3907,মোঃ আহসান হাবীব,,উপ-সহকারী প্রকৌশলী,Sub-Assistant Engineer,habibmdahasan59@gmail.com,habibmdahasan59@gmail.co m,GMD-BOGURA,"জিএমডি, বগুড়া","GMD, Bogura",Rajshahi,পলাশবাড়ি গ্রিড উপকেন্দ্র,GENERAL,ACTIVE,2026-2028,22
630,PGD-2026-0630,1583,DIP-2026-1583,3908,Rejon Parvez,Rejon Parvez,উপ-সহকারী প্রকৌশলী,Sub-Assistant Engineer,parvezrejon@gmail.com,parvezrejon@gmail.com,GMD-JHENAIDAH,"জিএমডি, ঝিনাইদহ","GMD, Jhenaidah",Khulna,Jhenaidah 230/132 kV grid substation,GENERAL,ACTIVE,2026-2028,22
631,PGD-2026-0631,1217,DIP-2026-1217,3909,মোঃ সৈকত হোসেন,,উপ-সহকারী প্রকৌশলী,Sub-Assistant Engineer,shaikothossain1996@gmail.com,shaikothossain1996@gmail.c om,GMD-RAJSHAHI,"জিএমডি, রাজশাহী","GMD, Rajshahi",Rajshahi,নিয়ামতপুর ১৩২/৩৩ কেভি গ্রিড উপকেন্দ্র,GENERAL,ACTIVE,2026-2028,22
632,PGD-2026-0632,1663,DIP-2026-1663,3910,মোঃ সোহাগ রানা,,উপ-সহকারী প্রকৌশলী,Sub-Assistant Engineer,ranashohag63@gmail.com,ranashohag63@gmail.com,GMD-ISHWARDI,"জিএমডি, ঈশ্বরদী","GMD, Ishwardi",Rajshahi,"বাংলাদেশ ভারত বিদু্যৎ সঞ্চালন কেন্দ্র (এইচভিডিসি স্টেশন), ভেড়ামারা, কুষ্টিয়া।",GENERAL,ACTIVE,2026-2028,22
633,PGD-2026-0633,1207,DIP-2026-1207,3911,চমক দেওয়ানজী,,উপ-সহকারী প্রকৌশলী,Sub-Assistant Engineer,chamakdewanjee@gmail.com,chamakdewanjee@gmail.co m,GMD-CTG-SOUTH,"জিএমডি, চট্টগ্রাম (দক্ষিণ)","GMD, Chattogram (South)",Chattogram,চন্দ্রঘোনা ১৩২/৩৩ কেভি গ্রিড উপকেন্দ্র,GENERAL,ACTIVE,2026-2028,22
634,PGD-2026-0634,1729,DIP-2026-1729,3912,Md. Faizul Kobir,Md. Faizul Kobir,উপ-সহকারী প্রকৌশলী,Sub-Assistant Engineer,faizulkobir2020@gmail.com,faizulkobir2020@gmail.com,GMD-RAJSHAHI,"জিএমডি, রাজশাহী","GMD, Rajshahi",Rajshahi,"Rajshahi 132/33 kV Grid Substation, GMD-Rajshahi.",GENERAL,ACTIVE,2026-2028,22
635,PGD-2026-0635,1182,DIP-2026-1182,3913,মোঃ সাইফুর রহমান নাহিদ,,উপ-সহকারী প্রকৌশলী,Sub-Assistant Engineer,srnahid1993@gmail.com,srnahid1993@gmail.com,GMD-DHK-NORTH,"জিএমডি, ঢাকা (উত্তর)","GMD, Dhaka (North)",Dhaka,কড্ডা ১৩২/৩৩ কেভি গ্রিড উপকেন্দ্র,GENERAL,ACTIVE,2026-2028,22
636,PGD-2026-0636,1336,DIP-2026-1336,3914,Md. Imran Ivna Samdani,Md. Imran Ivna Samdani,উপ-সহকারী প্রকৌশলী,Sub-Assistant Engineer,imran.uiu1@gmail.com,imran.uiu1@gmail.com,GMD-DHK-METRO,ঢাকা মহানগর,Dhaka Metropolitan,Dhaka,Nawabganj 132/33 KV Grid Sub- Station,GENERAL,ACTIVE,2026-2028,22
637,PGD-2026-0637,1204,DIP-2026-1204,3915,Md. Juel Rana,Md. Juel Rana,উপ-সহকারী প্রকৌশলী,Sub-Assistant Engineer,jewel.rana9543@gmail.com,jewel.rana9543@gmail.com,GMD-ISHWARDI,"জিএমডি, ঈশ্বরদী","GMD, Ishwardi",Rajshahi,Kushtia 132 kv grid substation,GENERAL,ACTIVE,2026-2028,22
638,PGD-2026-0638,1858,DIP-2026-1858,3916,মাশহুদা রহমান,,উপ-সহকারী প্রকৌশলী,Sub-Assistant Engineer,mashhudaduet@gmail.com,mashhudaduet@gmail,PROJECT-BRANCH,প্রকল্প শাখা,Project Branch,Headquarters / Projects,প্রকল্প-২,GENERAL,ACTIVE,2026-2028,22
639,PGD-2026-0639,1224,DIP-2026-1224,3917,Md. Sadekul Islam,Md. Sadekul Islam,উপ-সহকারী প্রকৌশলী,Sub-Assistant Engineer,engr.sadik11@gmail.com,engr.sadik11@gmail,GMD-DHK-NORTH,"জিএমডি, ঢাকা (উত্তর)","GMD, Dhaka (North)",Dhaka,ধামরাই ১৩২/৩৩ কেভি জিআইএস গ্রিড উপকেন্দ্র,GENERAL,ACTIVE,2026-2028,23
640,PGD-2026-0640,1306,DIP-2026-1306,3919,Rokaiya khanom,Rokaiya khanom,উপ-সহকারী প্রকৌশলী,Sub-Assistant Engineer,rukuislam2013@gmail.com,rukuislam2013@gmail,GMD-CTG-CENTRAL,"জিএমডি, চট্টগ্রাম (সেন্ট্রাল)","GMD, Chattogram (Central)",Chattogram,Rampur 230/132 GIS grid,GENERAL,ACTIVE,2026-2028,23
641,PGD-2026-0641,1238,DIP-2026-1238,3920,Etion Chakma,Etion Chakma,উপ-সহকারী প্রকৌশলী,Sub-Assistant Engineer,etionchakma2016@gmail.com,etionchakma2016@gmail.co m,GMD-CTG-NORTH,"জিএমডি, চট্টগ্রাম (উত্তর)","GMD, Chattogram (North)",Chattogram,Khagrachari 132/33 kV Grid SS,GENERAL,ACTIVE,2026-2028,23
642,PGD-2026-0642,1262,DIP-2026-1262,3921,Rita Paul,Rita Paul,উপ-সহকারী প্রকৌশলী,Sub-Assistant Engineer,ritapaul08@gmail.com,ritapaul08@gmail.com,GMD-DHK-METRO,ঢাকা মহানগর,Dhaka Metropolitan,Dhaka,"মিটারিং ডিভিশন, পাওয়ার গ্রিড, ঢাকা",GENERAL,ACTIVE,2026-2028,23
643,PGD-2026-0643,1239,DIP-2026-1239,3923,রুমেল চাকমা,,উপ-সহকারী প্রকৌশলী,Sub-Assistant Engineer,rumelchakma123@gmail.com,rumelchakma123@gmail.com,GMD-CTG-NORTH,"জিএমডি, চট্টগ্রাম (উত্তর)","GMD, Chattogram (North)",Chattogram,খাগড়াছড়ি ১৩২/৩৩কেভি গ্রিড উপকেন্দ্র,GENERAL,ACTIVE,2026-2028,23
644,PGD-2026-0644,1346,DIP-2026-1346,3924,Nishat Taslima,Nishat Taslima,উপ-সহকারী প্রকৌশলী,Sub-Assistant Engineer,taslemanishat95@gmail.com,taslemanishat95@gmail.com,GMD-DHK-METRO,ঢাকা মহানগর,Dhaka Metropolitan,Dhaka,Satmosjid132/33 KV GIS Substation,GENERAL,ACTIVE,2026-2028,23
645,PGD-2026-0645,1231,DIP-2026-1231,3925,Mohammad Hassan Ul Hoque,Mohammad Hassan Ul Hoque,উপ-সহকারী প্রকৌশলী,Sub-Assistant Engineer,mhassanulhoque@gmail.com,mhassanulhoque@gmail.com,GMD-CTG-NORTH,"জিএমডি, চট্টগ্রাম (উত্তর)","GMD, Chattogram (North)",Chattogram,"XEN Office, GMD, Chattogram (North)",GENERAL,ACTIVE,2026-2028,23
646,PGD-2026-0646,01177,DIP-2026-01177,3926,Al Mamun Ar Rashid,Al Mamun Ar Rashid,উপ-সহকারী প্রকৌশলী,Sub-Assistant Engineer,almamunlimon27@gmail.com,almamunlimon27@gmail.co m,GMD-BOGURA,"জিএমডি, বগুড়া","GMD, Bogura",Rajshahi,Bogura 400/230 kV GIS Grid substation,GENERAL,ACTIVE,2026-2028,23
647,PGD-2026-0647,1570,DIP-2026-1570,3927,আমেনা আক্তার,,উপ-সহকারী প্রকৌশলী,Sub-Assistant Engineer,amenaaktermumu47@gmail.com,amenaaktermumu47@gmail. com,GMD-JHENAIDAH,"জিএমডি, ঝিনাইদহ","GMD, Jhenaidah",Khulna,চুয়াডাঙ্গা ১৩২/৩৩কেভি গ্রিড উপকেন্দ্র,GENERAL,ACTIVE,2026-2028,23
648,PGD-2026-0648,1236,DIP-2026-1236,3928,নিতু নন্দী,,উপ-সহকারী প্রকৌশলী,Sub-Assistant Engineer,nandinetu@gmail.com,nandinetu@gmail.com,GMD-CTG-CENTRAL,"জিএমডি, চট্টগ্রাম (সেন্ট্রাল)","GMD, Chattogram (Central)",Chattogram,230/132/33KV Rampur Grid,GENERAL,ACTIVE,2026-2028,23
649,PGD-2026-0649,1209,DIP-2026-1209,3929,S M HAMIDUR RAHMAN ROMEL,S M HAMIDUR RAHMAN ROMEL,উপ-সহকারী প্রকৌশলী,Sub-Assistant Engineer,hamidurromel@gmail.com,hamidurromel@gmail.com,GMD-CTG-CENTRAL,"জিএমডি, চট্টগ্রাম (সেন্ট্রাল)","GMD, Chattogram (Central)",Chattogram,Agrabad 132/33 kV GIS Grid S/S,GENERAL,ACTIVE,2026-2028,23
650,PGD-2026-0650,1286,DIP-2026-1286,3931,রোমানা বেগম,,উপ-সহকারী প্রকৌশলী,Sub-Assistant Engineer,romanapgcb@gmail.com,romanapgcb@gmail.com,PROJECT-BRANCH,প্রকল্প শাখা,Project Branch,Headquarters / Projects,PGNS Project (G2G),GENERAL,ACTIVE,2026-2028,23
651,PGD-2026-0651,1174,DIP-2026-1174,3933,মোসা : খাদিজাতুল কোবরা।,,উপ-সহকারী প্রকৌশলী,Sub-Assistant Engineer,khadizatulkobra28279@gmail.com,khadizatulkobra28279@gmail .com,GMD-SRIMANGAL,"জিএমডি, শ্রীমঙ্গল","GMD, Srimangal",Sylhet,আশুগঞ্জ ১৩২/৩৩ কেভি গ্রিড উপকেন্দ্র।,GENERAL,ACTIVE,2026-2028,23
652,PGD-2026-0652,1232,DIP-2026-1232,3934,Md TAIYABUR rahman,Md TAIYABUR rahman,উপ-সহকারী প্রকৌশলী,Sub-Assistant Engineer,tusharduet45@gmail.com,tusharduet45@gmail.com,GMD-DHK-METRO,ঢাকা মহানগর,Dhaka Metropolitan,Dhaka,"Service,P&A",GENERAL,ACTIVE,2026-2028,23
653,PGD-2026-0653,1211,DIP-2026-1211,3936,Md Tanvir Rabbi,Md Tanvir Rabbi,উপ-সহকারী প্রকৌশলী,Sub-Assistant Engineer,tanvir.292@gmail.com,tanvir.292@gmail.com,GMD-DHK-NORTH,"জিএমডি, ঢাকা (উত্তর)","GMD, Dhaka (North)",Dhaka,Tongi 230/132/33 kV Grid Sub Station,GENERAL,ACTIVE,2026-2028,23
654,PGD-2026-0654,1205,DIP-2026-1205,3937,মোঃ হাফিজুর রহমান,,উপ-সহকারী প্রকৌশলী,Sub-Assistant Engineer,hafizduetme093015@gmail.com,hafizduetme093015@gmail.c om,GMD-RAJSHAHI,"জিএমডি, রাজশাহী","GMD, Rajshahi",Rajshahi,রাজশাহী ২৩০/১৩২/৩৩ কেভি গ্রিড উপকেন্দ্র,GENERAL,ACTIVE,2026-2028,23
655,PGD-2026-0655,1859,DIP-2026-1859,3938,মো: ফিরোজ আহমেদ,,উপ-সহকারী প্রকৌশলী,Sub-Assistant Engineer,ahmedmdfirozme@gmail.com,ahmedmdfirozme@gmail.co m,GMD-SIRAJGANJ,"জিএমডি, সিরাজগঞ্জ","GMD, Sirajganj",Rajshahi,শাহজাদপুর ১৩২/৩৩ কেভি গ্রিড উপকেন্দ্র,GENERAL,ACTIVE,2026-2028,23
656,PGD-2026-0656,1860,DIP-2026-1860,3939,PALASH KUMER DEBNATH,PALASH KUMER DEBNATH,উপ-সহকারী প্রকৌশলী,Sub-Assistant Engineer,palashd868@gmail.com,palashd868@gmail.com,GMD-DHK-NORTH,"জিএমডি, ঢাকা (উত্তর)","GMD, Dhaka (North)",Dhaka,New Tongi 132/33 kV Grid Sub- station,GENERAL,ACTIVE,2026-2028,23
657,PGD-2026-0657,1776,DIP-2026-1776,3973,মোঃ নাজমুল হোসেন,,উপ-সহকারী প্রকৌশলী,Sub-Assistant Engineer,najmul.powergrid@gmail.com,najmul.powergrid@gmail.co m,GMD-CTG-SOUTH,"জিএমডি, চট্টগ্রাম (দক্ষিণ)","GMD, Chattogram (South)",Chattogram,"জিএমডি, চট্টগ্রাম (দক্ষিণ) দপ্তর",GENERAL,ACTIVE,2026-2028,23
658,PGD-2026-0658,1282,DIP-2026-1282,3974,Md. Rashedul Haque,Md. Rashedul Haque,উপ-সহকারী প্রকৌশলী,Sub-Assistant Engineer,md.rhaq1@gmail.com,md.rhaq1@gmail.com,GMD-RAJSHAHI,"জিএমডি, রাজশাহী","GMD, Rajshahi",Rajshahi,"GMD, Rajshahi",GENERAL,ACTIVE,2026-2028,23
659,PGD-2026-0659,1861,DIP-2026-1861,3977,মোহাম্মদ মতিউর রহমান,,উপ-সহকারী প্রকৌশলী,Sub-Assistant Engineer,moushum75@gmail.com,Moushum75@gmail.com,GMD-DHK-METRO,ঢাকা মহানগর,Dhaka Metropolitan,Dhaka,"EMD, LDC",GENERAL,ACTIVE,2026-2028,23
660,PGD-2026-0660,1345,DIP-2026-1345,3979,মো: মোজাহিদুল ইসলাম,,উপ-সহকারী প্রকৌশলী,Sub-Assistant Engineer,mojahideee@gmail.com,mojahideee@gmail.com,GMD-DHK-METRO,ঢাকা মহানগর,Dhaka Metropolitan,Dhaka,Keraniganj 230/132/33 kV Grid S/S,GENERAL,ACTIVE,2026-2028,23
661,PGD-2026-0661,1420,DIP-2026-1420,3980,মোঃ আবুল হোসেন,,উপ-সহকারী প্রকৌশলী,Sub-Assistant Engineer,abulmoc@gmail.com,abulmoc@gmail.com,GMD-DHK-EAST,"জিএমডি, ঢাকা (পূর্ব)","GMD, Dhaka (East)",Dhaka,ভূলতা ৪০০/২৩০কেভি গ্রিড উপকেন্দ্র,GENERAL,ACTIVE,2026-2028,23
662,PGD-2026-0662,1767,DIP-2026-1767,3981,Md. Hasanuzzaman,Md. Hasanuzzaman,উপ-সহকারী প্রকৌশলী,Sub-Assistant Engineer,mhasaneee.engr@gmail.com,mhasaneee.engr@gmail.com,GMD-DHK-METRO,ঢাকা মহানগর,Dhaka Metropolitan,Dhaka,"RTS, HQ, Dhaka.",GENERAL,ACTIVE,2026-2028,23
663,PGD-2026-0663,1235,DIP-2026-1235,3984,মো: আবদুল মতিন কাউছার,,উপ-সহকারী প্রকৌশলী,Sub-Assistant Engineer,amkawsar88@gmail.com,amkawsar88@gmail.com,GMD-CUMILLA,"জিএমডি, কুমিল্লা","GMD, Cumilla",Cumilla,Ramgonj 132/33 kv Grid substation,GENERAL,ACTIVE,2026-2028,23
664,PGD-2026-0664,1213,DIP-2026-1213,3989,প্রসীদ কুমার দাশ,,উপ-সহকারী প্রকৌশলী,Sub-Assistant Engineer,prasid.piplu@gmail.com,prasid.piplu@gmail.com,GMD-CTG-CENTRAL,"জিএমডি, চট্টগ্রাম (সেন্ট্রাল)","GMD, Chattogram (Central)",Chattogram,খুলশী ২৩০/১৩২/৩৩/১১কেভি গ্রিড উপকেন্দ্র,GENERAL,ACTIVE,2026-2028,23
665,PGD-2026-0665,1350,DIP-2026-1350,3991,মতিয়ার রহমান,,উপ-সহকারী প্রকৌশলী,Sub-Assistant Engineer,motiarrahman76@gmail.com,motiarrahman76@gmail.com,GMD-DHK-NORTH,"জিএমডি, ঢাকা (উত্তর)","GMD, Dhaka (North)",Dhaka,ধামরাই গ্রিড উপকেন্দ্র আরিচা জিএমডি,GENERAL,ACTIVE,2026-2028,23
666,PGD-2026-0666,1863,DIP-2026-1863,4001,মোঃ ফিরোজ আল মামুন,,উপ-সহকারী প্রকৌশলী,Sub-Assistant Engineer,firozee101416@gmail.com,firozee101416@gmail.com,GMD-DINAJPUR,"জিএমডি, দিনাজপুর","GMD, Dinajpur",Rangpur,"পূর্বসাদিপুর ১৩২/৩৩ কেভি গ্রিড উপকেন্দ্র, জিএমডি-দিনাজপুর",GENERAL,ACTIVE,2026-2028,23
667,PGD-2026-0667,1864,DIP-2026-1864,4006,মোঃ সাখাওয়াত হোসেন,,উপ-সহকারী প্রকৌশলী,Sub-Assistant Engineer,engrsmsh@gmail.com,engrsmsh@gmail.com,GMD-DHK-METRO,ঢাকা মহানগর,Dhaka Metropolitan,Dhaka,"শ্রীনগর ১৩২/৩৩ কেভি গ্রিড সাব-স্টেশন,ঢাকা- দক্ষিণ।",GENERAL,ACTIVE,2026-2028,23
668,PGD-2026-0668,1428,DIP-2026-1428,4008,মোঃ শহিদুল ইসলাম,,উপ-সহকারী প্রকৌশলী,Sub-Assistant Engineer,shahidulpgcb19@gmail.com,shahidulpgcb19@gmail,GMD-CTG-NORTH,"জিএমডি, চট্টগ্রাম (উত্তর)","GMD, Chattogram (North)",Chattogram,বারৈয়ারহাট ১৩২/৩৩ কেভি গ্রিড উপকেন্দ্র।,GENERAL,ACTIVE,2026-2028,24
669,PGD-2026-0669,1252,DIP-2026-1252,4012,মোঃ ফয়সাল আহম্মেদ,,উপ-সহকারী প্রকৌশলী,Sub-Assistant Engineer,faysalahmad550@gmail.com,faysalahmad550@gmail.com,GMD-ISHWARDI,"জিএমডি, ঈশ্বরদী","GMD, Ishwardi",Rajshahi,কুষ্টিয়া ১৩২/৩৩ কেভি গ্রিড উপকেন্দ্র,GENERAL,ACTIVE,2026-2028,24
670,PGD-2026-0670,1293,DIP-2026-1293,4017,আব্দুল কাইয়ুম সিকদার,,উপ-সহকারী প্রকৌশলী,Sub-Assistant Engineer,qyumkapasia@gmail.com,qyumkapasia@gmail.com,GMD-DHK-NORTH,"জিএমডি, ঢাকা (উত্তর)","GMD, Dhaka (North)",Dhaka,রাজেন্দ্রপুর ১৩২/৩৩ কেভি জিআইএস গ্রিড উপকেন্দ্র,GENERAL,ACTIVE,2026-2028,24
671,PGD-2026-0671,1332,DIP-2026-1332,4019,মো: রাশেদুল ইসলাম।,,উপ-সহকারী প্রকৌশলী,Sub-Assistant Engineer,only1rashed@gmail.com,only1rashed@gmail.com,GMD-RANGPUR,"জিএমডি, রংপুর","GMD, Rangpur",Rangpur,"জলঢাকা, নীলফামারী।",GENERAL,ACTIVE,2026-2028,24
672,PGD-2026-0672,1294,DIP-2026-1294,4021,মো: সাদিকুল ইসলাম,,উপ-সহকারী প্রকৌশলী,Sub-Assistant Engineer,sadikulst@gmail.com,sadikulst@gmail.com,GMD-DHK-NORTH,"জিএমডি, ঢাকা (উত্তর)","GMD, Dhaka (North)",Dhaka,টাঙ্গাইল ১৩২/৩৩ কেভি গ্রীড উপকেন্দ্র,GENERAL,ACTIVE,2026-2028,24
673,PGD-2026-0673,1375,DIP-2026-1375,4023,আতিকুর রহমান সজিব,,উপ-সহকারী প্রকৌশলী,Sub-Assistant Engineer,ars.eee1992@gmail.com,ars.eee1992@gmail.com,GMD-CTG-CENTRAL,"জিএমডি, চট্টগ্রাম (সেন্ট্রাল)","GMD, Chattogram (Central)",Chattogram,রামপুর গ্রিড উপকেন্দ্র,GENERAL,ACTIVE,2026-2028,24
674,PGD-2026-0674,1467,DIP-2026-1467,4025,হুসাইন আহমেদ,,উপ-সহকারী প্রকৌশলী,Sub-Assistant Engineer,husainahmad1270@gmail.com,husainahmad1270@gmail.co m,GMD-JHENAIDAH,"জিএমডি, ঝিনাইদহ","GMD, Jhenaidah",Khulna,Kaliganj grid substation,GENERAL,ACTIVE,2026-2028,24
675,PGD-2026-0675,1264,DIP-2026-1264,4026,মো:কায়ছার মোল্যা,,উপ-সহকারী প্রকৌশলী,Sub-Assistant Engineer,kaisar01851@gmail.com,kaisar01851@gmail.com,GMD-FARIDPUR,"জিএমডি, ফরিদপুর","GMD, Faridpur",Dhaka,গোপালগঞ্জ ১৩২কেভি গ্রিড উপকেন্দ্র,GENERAL,ACTIVE,2026-2028,24
676,PGD-2026-0676,1247,DIP-2026-1247,4029,অলি উল্লাহ,,উপ-সহকারী প্রকৌশলী,Sub-Assistant Engineer,oli00440@gmail.com,oli00440@gmail.com,GMD-MYMENSINGH,"জিএমডি, ময়মনসিংহ","GMD, Mymensingh",Mymensingh,নেত্রকোনা ১৩২/৩৩ কেভি গ্রিড উপকেন্দ্র,GENERAL,ACTIVE,2026-2028,24
677,PGD-2026-0677,1866,DIP-2026-1866,4030,মোঃ জাহাঙ্গীর আলম,,উপ-সহকারী প্রকৌশলী,Sub-Assistant Engineer,jahangiralamnpa15@gmail.com,jahangiralamnpa15@gmail.co m,GMD-MYMENSINGH,"জিএমডি, ময়মনসিংহ","GMD, Mymensingh",Mymensingh,১৩২/৩৩ কেভি মুক্তাগাছা গ্রিড উপকেন্দ্র,GENERAL,ACTIVE,2026-2028,24
678,PGD-2026-0678,1255,DIP-2026-1255,4031,মোঃ শোহানুল ইসলাম,,উপ-সহকারী প্রকৌশলী,Sub-Assistant Engineer,shohan1971bd@gmail.com,shohan1971bd@gmail.com,GMD-ISHWARDI,"জিএমডি, ঈশ্বরদী","GMD, Ishwardi",Rajshahi,ভেড়ামারা ২৩০/১৩২ কেভি গ্রিড উপকেন্দ্র,GENERAL,ACTIVE,2026-2028,24
679,PGD-2026-0679,1297,DIP-2026-1297,4032,ইমরান হোসেন,,উপ-সহকারী প্রকৌশলী,Sub-Assistant Engineer,emranhossain143143@gmail.com,emranhossain143143@gmail. com,GMD-DHK-NORTH,"জিএমডি, ঢাকা (উত্তর)","GMD, Dhaka (North)",Dhaka,মির্জাপুর ১৩২/৩৩ কেভি জিআইএস গ্রিড উপকেন্দ্র,GENERAL,ACTIVE,2026-2028,24
680,PGD-2026-0680,1598,DIP-2026-1598,4038,মোঃ নাজমুল ইসলাম,,উপ-সহকারী প্রকৌশলী,Sub-Assistant Engineer,esmnazmulislam@gmail.com,esmnazmulislam@gmail.com,GMD-BARISHAL,"জিএমডি, বরিশাল","GMD, Barishal",Barishal,বরিশাল ১৩২/৩৩ কেভি গ্রিড উপকেন্দ্র,GENERAL,ACTIVE,2026-2028,24
681,PGD-2026-0681,1578,DIP-2026-1578,4040,মোঃ কামরুজ্জামান,,উপ-সহকারী প্রকৌশলী,Sub-Assistant Engineer,mdkamruzzaman1991k@gmail.com,mdkamruzzaman1991k@gma il.com,GMD-ISHWARDI,"জিএমডি, ঈশ্বরদী","GMD, Ishwardi",Rajshahi,ভেড়ামারা ২৩০/১৩২ কেভি গ্রিড উপকেন্দ্র,GENERAL,ACTIVE,2026-2028,24
682,PGD-2026-0682,1463,DIP-2026-1463,4042,মো: এনামুল হক,,উপ-সহকারী প্রকৌশলী,Sub-Assistant Engineer,anamul.pgcb11@gmail.com,anamul.pgcb11@gmail.com,GMD-ISHWARDI,"জিএমডি, ঈশ্বরদী","GMD, Ishwardi",Rajshahi,ভাঙ্গুড়া ১৩২/৩৩কেভি গ্রিড উপকেন্দ্র,GENERAL,ACTIVE,2026-2028,24
683,PGD-2026-0683,1254,DIP-2026-1254,4043,মো: ইসমাইল হোসেন,,উপ-সহকারী প্রকৌশলী,Sub-Assistant Engineer,ismaile8101995@gmail.com,ismaile8101995@gmail.com,GMD-JHENAIDAH,"জিএমডি, ঝিনাইদহ","GMD, Jhenaidah",Khulna,চুয়াডাঙ্গা ১৩২/৩৩ কেভি গ্রিড উপকেন্দ্র,GENERAL,ACTIVE,2026-2028,24
684,PGD-2026-0684,1304,DIP-2026-1304,4049,মোঃ মোস্তাক আহমেদ,,উপ-সহকারী প্রকৌশলী,Sub-Assistant Engineer,mostaqahmad5@gmail.com,mostaqahmad5@gmail.com,GMD-RAJSHAHI,"জিএমডি, রাজশাহী","GMD, Rajshahi",Rajshahi,আমনুরা ১৩২/৩৩ কেভি গ্রিড সাবস্টেশন,GENERAL,ACTIVE,2026-2028,24
685,PGD-2026-0685,1248,DIP-2026-1248,4051,মোঃ আশিকুজ্জামান,,উপ-সহকারী প্রকৌশলী,Sub-Assistant Engineer,mazbl.2011@gmail.com,mazbl.2011@gmail.com,PROJECT-BRANCH,প্রকল্প শাখা,Project Branch,Headquarters / Projects,সিলেট,GENERAL,ACTIVE,2026-2028,24
686,PGD-2026-0686,1512,DIP-2026-1512,4052,MD. SAJIB UDDIN,MD. SAJIB UDDIN,উপ-সহকারী প্রকৌশলী,Sub-Assistant Engineer,sajib.pgcb@gmail.com,sajib.pgcb@gmail.com,GMD-BOGURA,"জিএমডি, বগুড়া","GMD, Bogura",Rajshahi,Bogura West 400/230 KV GIS Grid Sub-Station.,GENERAL,ACTIVE,2026-2028,24
687,PGD-2026-0687,1328,DIP-2026-1328,4056,মো: আবু সাঈদ,,উপ-সহকারী প্রকৌশলী,Sub-Assistant Engineer,sayeed.wub@gmail.com,sayeed.wub@gmail.com,GMD-DINAJPUR,"জিএমডি, দিনাজপুর","GMD, Dinajpur",Rangpur,ঠাকুরগাঁও ১৩২/৩৩ কেভি গ্রিড উপকেন্দ্র,GENERAL,ACTIVE,2026-2028,24
688,PGD-2026-0688,1812,DIP-2026-1812,4057,মোঃ বুলবুল আহমদ,,উপ-সহকারী প্রকৌশলী,Sub-Assistant Engineer,bulbul.cnpi@gmail.com,bulbul. cnpi@gmail.com,GMD-RAJSHAHI,"জিএমডি, রাজশাহী","GMD, Rajshahi",Rajshahi,রহনপুর ৪০০/১৩২ কেভি জিআইএস গ্রিড উপকেন্দ্র,GENERAL,ACTIVE,2026-2028,24
689,PGD-2026-0689,1730,DIP-2026-1730,4058,মোঃ আবু তাহের,,উপ-সহকারী প্রকৌশলী,Sub-Assistant Engineer,abutaher9240@gmail.com,abutaher9240@gmail.com,GMD-RAJSHAHI,"জিএমডি, রাজশাহী","GMD, Rajshahi",Rajshahi,রাজশাহী ১৩২/৩৩ কেভি গ্রিড উপকেন্দ্র।,GENERAL,ACTIVE,2026-2028,24
690,PGD-2026-0690,1524,DIP-2026-1524,4059,মোঃ মোস্তাফিজার রহমান,,উপ-সহকারী প্রকৌশলী,Sub-Assistant Engineer,mostafizar.pgcb@gmail.com,mostafizar.pgcb@gmail.com,GMD-BOGURA,"জিএমডি, বগুড়া","GMD, Bogura",Rajshahi,মহাস্থানগড় ১৩২/৩৩ কেভি গ্রিড উপকেন্দ্র,GENERAL,ACTIVE,2026-2028,24
691,PGD-2026-0691,1300,DIP-2026-1300,4061,Md. Sajjad Hossain,Md. Sajjad Hossain,উপ-সহকারী প্রকৌশলী,Sub-Assistant Engineer,sajjadpgcb@gmail.com,sajjadpgcb@gmail.com,GMD-DHK-METRO,ঢাকা মহানগর,Dhaka Metropolitan,Dhaka,মানিকনগর ১৩২/৩৩ কেভি গ্রিড উপকেন্দ্র,GENERAL,ACTIVE,2026-2028,24
692,PGD-2026-0692,1473,DIP-2026-1473,4062,Md Habibur Rahman,Md Habibur Rahman,উপ-সহকারী প্রকৌশলী,Sub-Assistant Engineer,habibpgcb4062@gmal.com,habibpgcb4062@gmal.com,GMD-MYMENSINGH,"জিএমডি, ময়মনসিংহ","GMD, Mymensingh",Mymensingh,Jamalpur 132/33KV Substation,GENERAL,ACTIVE,2026-2028,24
693,PGD-2026-0693,1869,DIP-2026-1869,4063,রফিকুল ইসলাম,,উপ-সহকারী প্রকৌশলী,Sub-Assistant Engineer,rafikulislameeee@gmail.com,rafikulislameeee@gmail.com,GMD-BOGURA,"জিএমডি, বগুড়া","GMD, Bogura",Rajshahi,পলাশবাড়ী ২৩০/১৩২/৩৩ কেভি জিআইএস গ্রিড উপকেন্দ্র,GENERAL,ACTIVE,2026-2028,24
694,PGD-2026-0694,1372,DIP-2026-1372,4064,Mohammad Rashedul Islam,Mohammad Rashedul Islam,উপ-সহকারী প্রকৌশলী,Sub-Assistant Engineer,mdeeeduet@gmail.com,mdeeeduet@gmail.com,GMD-CTG-SOUTH,"জিএমডি, চট্টগ্রাম (দক্ষিণ)","GMD, Chattogram (South)",Chattogram,"ALDC Chattagram,Madunaghat 400 kv grid substation.",GENERAL,ACTIVE,2026-2028,24
695,PGD-2026-0695,1411,DIP-2026-1411,4066,Md. Nahid Hasan,Md. Nahid Hasan,উপ-সহকারী প্রকৌশলী,Sub-Assistant Engineer,nahidpgcb4066@gmail.com,nahidpgcb4066@gmail.com,GMD-RAJSHAHI,"জিএমডি, রাজশাহী","GMD, Rajshahi",Rajshahi,Rohanpur 400/132kV GIS Grid SS,GENERAL,ACTIVE,2026-2028,24
696,PGD-2026-0696,1301,DIP-2026-1301,4067,Md.Habibullah,Md.Habibullah,উপ-সহকারী প্রকৌশলী,Sub-Assistant Engineer,habibiut90@gmail.com,habibiut90@gmail,GMD-DHK-METRO,ঢাকা মহানগর,Dhaka Metropolitan,Dhaka,গুলশান ১৩২/৩৩ কেভি জিআইএস গ্রিড সাবস্টেশন,GENERAL,ACTIVE,2026-2028,24
697,PGD-2026-0697,1664,DIP-2026-1664,4068,জিয়াউর রহমান,,উপ-সহকারী প্রকৌশলী,Sub-Assistant Engineer,eeezia123@gmail.com,eeezia123@gmail.com,GMD-ISHWARDI,"জিএমডি, ঈশ্বরদী","GMD, Ishwardi",Rajshahi,বাংলাদেশ -ভারত বিদ্যৎ সঞ্চালন কেন্দ্র,GENERAL,ACTIVE,2026-2028,25
698,PGD-2026-0698,1309,DIP-2026-1309,4069,মো: মিজানুর রহমান,,উপ-সহকারী প্রকৌশলী,Sub-Assistant Engineer,emizan67@gmail.com,emizan67@gmail.com,GMD-ISHWARDI,"জিএমডি, ঈশ্বরদী","GMD, Ishwardi",Rajshahi,ভেড়ামারা ২৩০/১৩২কেভি গ্রিড উপকেন্দ্র,GENERAL,ACTIVE,2026-2028,25
699,PGD-2026-0699,1870,DIP-2026-1870,4070,Md. Rafiqul islam,Md. Rafiqul islam,উপ-সহকারী প্রকৌশলী,Sub-Assistant Engineer,engrrafiqpgcb@gmail.com,engrrafiqpgcb@gmail.com,GMD-DHK-METRO,ঢাকা মহানগর,Dhaka Metropolitan,Dhaka,"NOD, NLDC",GENERAL,ACTIVE,2026-2028,25
700,PGD-2026-0700,1259,DIP-2026-1259,4071,মোঃ মামুনুর রশীদ,,উপ-সহকারী প্রকৌশলী,Sub-Assistant Engineer,maamun.mr@gmail.com,maamun.mr@gmail.com,GMD-KHULNA,"জিএমডি, খুলনা","GMD, Khulna",Khulna,এএলডিসি খুলনা,GENERAL,ACTIVE,2026-2028,25
701,PGD-2026-0701,1405,DIP-2026-1405,4072,,,উপ-সহকারী প্রকৌশলী,Sub-Assistant Engineer,atmtamim06@gmail.com,atmtamim06@gmail.com,GMD-RANGPUR,"জিএমডি, রংপুর","GMD, Rangpur",Rangpur,Kurigram 132/33 kv grid sub station,GENERAL,ACTIVE,2026-2028,25
702,PGD-2026-0702,1871,DIP-2026-1871,4073,মো: মোরশেদ আলম,,উপ-সহকারী প্রকৌশলী,Sub-Assistant Engineer,morshedalam999@gmail.com,morshedalam999@gmail.com,GMD-RAJSHAHI,"জিএমডি, রাজশাহী","GMD, Rajshahi",Rajshahi,নিয়ামাতপুর ১৩২/৩৩ কেভি গ্রিড উপকেন্দ্র,GENERAL,ACTIVE,2026-2028,25
703,PGD-2026-0703,1826,DIP-2026-1826,4075,মিঠুন চন্দ্র বালা,,উপ-সহকারী প্রকৌশলী,Sub-Assistant Engineer,abhimanyumithuns23@gmail.com,abhimanyumithuns23@gmail. com,GMD-BARISHAL,"জিএমডি, বরিশাল","GMD, Barishal",Barishal,ভান্ডারিয়া ১৩২/৩৩ কেভি গ্রিড উপকেন্দ্র,GENERAL,ACTIVE,2026-2028,25
704,PGD-2026-0704,1872,DIP-2026-1872,4076,তানভীর আহমেদ সিদ্দিকী,,উপ-সহকারী প্রকৌশলী,Sub-Assistant Engineer,tanvirme09@gmail.com,tanvirme09@gmail.com,GMD-SIRAJGANJ,"জিএমডি, সিরাজগঞ্জ","GMD, Sirajganj",Rajshahi,সিরাজগঞ্জ ১৩২/৩৩ কেভি গ্রিড উপকেন্দ্র,GENERAL,ACTIVE,2026-2028,25
705,PGD-2026-0705,1517,DIP-2026-1517,4077,মোঃ আল মামুন,,উপ-সহকারী প্রকৌশলী,Sub-Assistant Engineer,almamunduet28@gmail.com,almamunduet28@gmail.com,GMD-BOGURA,"জিএমডি, বগুড়া","GMD, Bogura",Rajshahi,জয়পুরহাট 132/.33 কেভি গ্রিড উপকেন্দ্র,GENERAL,ACTIVE,2026-2028,25
706,PGD-2026-0706,1302,DIP-2026-1302,4078,MD. Mir Hasan,MD. Mir Hasan,উপ-সহকারী প্রকৌশলী,Sub-Assistant Engineer,mirhasan0175@gmail.com,mirhasan0175@gmail.com,GMD-RANGPUR,"জিএমডি, রংপুর","GMD, Rangpur",Rangpur,Lalmonirhat Grid Sub-station,GENERAL,ACTIVE,2026-2028,25
707,PGD-2026-0707,01303,DIP-2026-01303,4080,অলক দেবনাথ,,উপ-সহকারী প্রকৌশলী,Sub-Assistant Engineer,alokdebnathipe4@gmail.com,alokdebnathipe4@gmail.com,GMD-SRIMANGAL,"জিএমডি, শ্রীমঙ্গল","GMD, Srimangal",Sylhet,Sylhet south GIS 132/33 kv grid substation.,GENERAL,ACTIVE,2026-2028,25
708,PGD-2026-0708,1329,DIP-2026-1329,4084,মোঃ আবদুল্লা,,উপ-সহকারী প্রকৌশলী,Sub-Assistant Engineer,ibnhossain5@gmail.com,ibnhossain5@gmail.com,GMD-JHENAIDAH,"জিএমডি, ঝিনাইদহ","GMD, Jhenaidah",Khulna,ঝিনাইদহ ২৩০/১৩২ কে ভি গ্রিড উপ কেন্দ্র।,GENERAL,ACTIVE,2026-2028,25
709,PGD-2026-0709,1357,DIP-2026-1357,4085,মো: আনোয়ার হোসেন সুজন,,উপ-সহকারী প্রকৌশলী,Sub-Assistant Engineer,ahsujoncse@gmail.com,ahsujoncse@gmail.com,GMD-DHK-METRO,ঢাকা মহানগর,Dhaka Metropolitan,Dhaka,স্ক্যাডা এন্ড মেইনটেনেন্স বিভাগ,GENERAL,ACTIVE,2026-2028,25
710,PGD-2026-0710,1280,DIP-2026-1280,4088,মোঃ সোহেল রানা,,উপ-সহকারী প্রকৌশলী,Sub-Assistant Engineer,sohelrana.yy@gmail.com,sohelrana.yy@gmail.com,PROJECT-BRANCH,প্রকল্প শাখা,Project Branch,Headquarters / Projects,Energy Efficiency in Grid Based Power Supply Project (EEGBPSP),GENERAL,ACTIVE,2026-2028,25
711,PGD-2026-0711,1365,DIP-2026-1365,4089,অনুপম থান্দার,,উপ-সহকারী প্রকৌশলী,Sub-Assistant Engineer,anupom460@gmail.com,anupom460@gmail.com,GMD-KHULNA,"জিএমডি, খুলনা","GMD, Khulna",Khulna,গল্লামারি ১৩২/৩৩ কেভি জিআইএস গ্রিড উপকেন্দ্র,GENERAL,ACTIVE,2026-2028,25
712,PGD-2026-0712,1873,DIP-2026-1873,4091,MD.Anwar Sadat,MD.Anwar Sadat,উপ-সহকারী প্রকৌশলী,Sub-Assistant Engineer,anwarce100@gmail.com,anwarce100@gmail.com,PROJECT-BRANCH,প্রকল্প শাখা,Project Branch,Headquarters / Projects,400 kV GND project,GENERAL,ACTIVE,2026-2028,25
713,PGD-2026-0713,1790,DIP-2026-1790,4097,মো: দেলোয়ার হোসেন,,উপ-সহকারী প্রকৌশলী,Sub-Assistant Engineer,delowarct.dpi@gmail.com,delowarct.dpi@gmail.com,PROJECT-BRANCH,প্রকল্প শাখা,Project Branch,Headquarters / Projects,রিভার ক্রসিং ট্রান্সমিশন লাইন স্কিম দপ্তর,GENERAL,ACTIVE,2026-2028,25
714,PGD-2026-0714,1407,DIP-2026-1407,4098,আক্তার হোসেন,,উপ-সহকারী প্রকৌশলী,Sub-Assistant Engineer,hossain367325@gmail.com,hossain367325@gmail.com,GMD-SRIMANGAL,"জিএমডি, শ্রীমঙ্গল","GMD, Srimangal",Sylhet,সিলেট১৩২/৩৩ কেভি গ্রিড উপকেন্দ্র,GENERAL,ACTIVE,2026-2028,25
715,PGD-2026-0715,1874,DIP-2026-1874,4099,Md.Masud Rana,Md.Masud Rana,উপ-সহকারী প্রকৌশলী,Sub-Assistant Engineer,masudrana7964@gmail.com,masudrana7964@gmail.com,PROJECT-BRANCH,প্রকল্প শাখা,Project Branch,Headquarters / Projects,Bogura-Barapukuria-Kaliakoir 400 kv Transmission Line Project.,GENERAL,ACTIVE,2026-2028,25
716,PGD-2026-0716,1875,DIP-2026-1875,4100,মোঃ আব্দুল মান্নান,,উপ-সহকারী প্রকৌশলী,Sub-Assistant Engineer,mannanjoarder5064@gmail.com,mannanjoarder5064@gmail.c om,PROJECT-BRANCH,প্রকল্প শাখা,Project Branch,Headquarters / Projects,আরসিটিএল স্কিম,GENERAL,ACTIVE,2026-2028,25
717,PGD-2026-0717,1331,DIP-2026-1331,4101,Md Nuruzzaman,Md Nuruzzaman,উপ-সহকারী প্রকৌশলী,Sub-Assistant Engineer,nuruzzaman.ce@gmail.com,nuruzzaman.ce@gmail.com,GMD-ISHWARDI,"জিএমডি, ঈশ্বরদী","GMD, Ishwardi",Rajshahi,জিএমডি ইশ্বরদি,GENERAL,ACTIVE,2026-2028,25
718,PGD-2026-0718,1394,DIP-2026-1394,4193,ফরজ-ই-মুস্তাকিম,,উপ-সহকারী প্রকৌশলী,Sub-Assistant Engineer,piyal132039@gmail.com,piyal132039@gmail.com,GMD-CTG-SOUTH,"জিএমডি, চট্টগ্রাম (দক্ষিণ)","GMD, Chattogram (South)",Chattogram,"চন্দ্রঘোনা ১৩২/৩৩ কেভি গ্রিড সাবস্টেশন, লিচুবাগান, রাঙ্গুনিয়া, চট্টগ্রাম।",GENERAL,ACTIVE,2026-2028,25
719,PGD-2026-0719,1647,DIP-2026-1647,4196,Al-Mamun,Al-Mamun,উপ-সহকারী প্রকৌশলী,Sub-Assistant Engineer,jony92mamun@gmail.com,jony92mamun@gmail.com,GMD-DHK-NORTH,"জিএমডি, ঢাকা (উত্তর)","GMD, Dhaka (North)",Dhaka,Bhaluka Grid Substation.,GENERAL,ACTIVE,2026-2028,25
720,PGD-2026-0720,1408,DIP-2026-1408,4197,মো: নুরুন্নবী,,উপ-সহকারী প্রকৌশলী,Sub-Assistant Engineer,nurunnabipgcb@gmail.com,nurunnabipgcb@gmail.com,GMD-DINAJPUR,"জিএমডি, দিনাজপুর","GMD, Dinajpur",Rangpur,পূর্বসাদিপুর ২৩০/১৩২/৩৩ কেভি গ্রিড উপকেন্দ্র,GENERAL,ACTIVE,2026-2028,25
721,PGD-2026-0721,1412,DIP-2026-1412,4198,বেনজির আহমেদ,,উপ-সহকারী প্রকৌশলী,Sub-Assistant Engineer,benazieduet1994@gmail.com,benazieduet1994@gmail.com,GMD-DHK-EAST,"জিএমডি, ঢাকা (পূর্ব)","GMD, Dhaka (East)",Dhaka,মদনগঞ্জ ১৩২/৩৩ কেভি গ্রিড উপকেন্দ্র,GENERAL,ACTIVE,2026-2028,25
722,PGD-2026-0722,1379,DIP-2026-1379,4199,Md. Mehedi Hasan,Md. Mehedi Hasan,উপ-সহকারী প্রকৌশলী,Sub-Assistant Engineer,mehedi.powergrid@gmail.com,mehedi.powergrid@gmail.co m,GMD-RANGPUR,"জিএমডি, রংপুর","GMD, Rangpur",Rangpur,Lalmonirhat 132/33 kV Grid Sub- station,GENERAL,ACTIVE,2026-2028,25
723,PGD-2026-0723,1876,DIP-2026-1876,4201,মোঃ মাহাবুব আলম,,উপ-সহকারী প্রকৌশলী,Sub-Assistant Engineer,mahabubcivil58@gmail.com,mahabubcivil58@gmail.com,PROJECT-BRANCH,প্রকল্প শাখা,Project Branch,Headquarters / Projects,400kV GND Project,GENERAL,ACTIVE,2026-2028,25
724,PGD-2026-0724,1380,DIP-2026-1380,4202,Papon Chandra Das,Papon Chandra Das,উপ-সহকারী প্রকৌশলী,Sub-Assistant Engineer,papondas237@gmail.com,papondas237@gmail.com,GMD-SIRAJGANJ,"জিএমডি, সিরাজগঞ্জ","GMD, Sirajganj",Rajshahi,শাহজাদপুর ১৩২/৩৩ কেভি গ্রিড উপকেন্দ্র,GENERAL,ACTIVE,2026-2028,25
725,PGD-2026-0725,1457,DIP-2026-1457,4206,জয়দেব চন্দ্র দাস,,উপ-সহকারী প্রকৌশলী,Sub-Assistant Engineer,joydebd627@gmail.com,joydebd627@gmail.com,GMD-CUMILLA,"জিএমডি, কুমিল্লা","GMD, Cumilla",Cumilla,ফেনী ১৩২/৩৩কেভি গ্রিড উপকেন্দ্র,GENERAL,ACTIVE,2026-2028,25
726,PGD-2026-0726,1593,DIP-2026-1593,4207,Apurbo Biswas,Apurbo Biswas,উপ-সহকারী প্রকৌশলী,Sub-Assistant Engineer,apurbob0@gmail.com,apurbob0@gmail.com,GMD-KHULNA,"জিএমডি, খুলনা","GMD, Khulna",Khulna,Noapara 132/33kV Grid Sub- Station.,GENERAL,ACTIVE,2026-2028,26
727,PGD-2026-0727,1713,DIP-2026-1713,4208,মোঃ সাজু হোসেন,,উপ-সহকারী প্রকৌশলী,Sub-Assistant Engineer,sazukpi85@gmail.com,sazukpi85@gmail.com,PROJECT-BRANCH,প্রকল্প শাখা,Project Branch,Headquarters / Projects,River Crossing T/L Scheme,GENERAL,ACTIVE,2026-2028,26
728,PGD-2026-0728,1377,DIP-2026-1377,4210,অভিজিৎ চক্রবর্ত্তী,,উপ-সহকারী প্রকৌশলী,Sub-Assistant Engineer,avijit.powergrid.bd@gmail.com,avijit.powergrid.bd@gmail.co m,GMD-CTG-SOUTH,"জিএমডি, চট্টগ্রাম (দক্ষিণ)","GMD, Chattogram (South)",Chattogram,দোহাজারী ১৩২/৩৩ কেভি গ্রিড উপকেন্দ্র,GENERAL,ACTIVE,2026-2028,26
729,PGD-2026-0729,1877,DIP-2026-1877,4211,শামীম,,উপ-সহকারী প্রকৌশলী,Sub-Assistant Engineer,aoshamim90@gmail.com,aoshamim90@gmail.com,GMD-DHK-NORTH,"জিএমডি, ঢাকা (উত্তর)","GMD, Dhaka (North)",Dhaka,শ্রীপুর গ্রিড,GENERAL,ACTIVE,2026-2028,26
730,PGD-2026-0730,1734,DIP-2026-1734,4212,Md Tuhinur Rahman,Md Tuhinur Rahman,উপ-সহকারী প্রকৌশলী,Sub-Assistant Engineer,tuhinurduet85@gmail.com,tuhinurduet85@gmail.com,GMD-RAJSHAHI,"জিএমডি, রাজশাহী","GMD, Rajshahi",Rajshahi,Chapainawabganj 132/33 kv grid substation,GENERAL,ACTIVE,2026-2028,26
731,PGD-2026-0731,1878,DIP-2026-1878,4215,মামুনুর রশিদ,,উপ-সহকারী প্রকৌশলী,Sub-Assistant Engineer,mamun764336@gmail.com,mamun764336@gmail.com,GMD-DHK-NORTH,"জিএমডি, ঢাকা (উত্তর)","GMD, Dhaka (North)",Dhaka,"নির্বাহী প্রকৌশলীর দপ্তর, জিএমডি কালিয়াকৈর",GENERAL,ACTIVE,2026-2028,26
732,PGD-2026-0732,1396,DIP-2026-1396,4216,Md Milon Hossen,Md Milon Hossen,উপ-সহকারী প্রকৌশলী,Sub-Assistant Engineer,milon.eee45@gmail.com,milon.eee45@gmail.com,GMD-KHULNA,"জিএমডি, খুলনা","GMD, Khulna",Khulna,Benapole Grid S/S,GENERAL,ACTIVE,2026-2028,26
733,PGD-2026-0733,1422,DIP-2026-1422,4218,মোঃ তোফাজ্জল হোসাইন,,উপ-সহকারী প্রকৌশলী,Sub-Assistant Engineer,tofa28537@gmail.com,tofa28537@gmail.com,GMD-DHK-EAST,"জিএমডি, ঢাকা (পূর্ব)","GMD, Dhaka (East)",Dhaka,Bhulta 400/230kV Grid Substation,GENERAL,ACTIVE,2026-2028,26
734,PGD-2026-0734,1397,DIP-2026-1397,4220,বেল্লাল হাওলাদার,,উপ-সহকারী প্রকৌশলী,Sub-Assistant Engineer,mdbellalsohid@gmail.com,mdbellalsohid@gmail.com,GMD-KHULNA,"জিএমডি, খুলনা","GMD, Khulna",Khulna,মোংলা ১৩২/৩৩ কেভি গ্রিড উপকেন্দ্র।,GENERAL,ACTIVE,2026-2028,26
735,PGD-2026-0735,1542,DIP-2026-1542,4227,মোঃ শফিকুল ইসলাম নান্টু,,উপ-সহকারী প্রকৌশলী,Sub-Assistant Engineer,sinantu7@gmail.com,sinantu7@gmail.com,GMD-BARISHAL,"জিএমডি, বরিশাল","GMD, Barishal",Barishal,Barishal 132/33kV Grid Substation,GENERAL,ACTIVE,2026-2028,26
736,PGD-2026-0736,1543,DIP-2026-1543,4231,মোঃ আরিফ হোসাইন,,উপ-সহকারী প্রকৌশলী,Sub-Assistant Engineer,mdarif.eee.duet@gmail.com,mdarif.eee.duet@gmail.com,GMD-BARISHAL,"জিএমডি, বরিশাল","GMD, Barishal",Barishal,পটুয়াখালী ১৩২/৩৩ কেভি গ্রিড উপকেন্দ্র,GENERAL,ACTIVE,2026-2028,26
737,PGD-2026-0737,1879,DIP-2026-1879,4232,সুমন সাহা,,উপ-সহকারী প্রকৌশলী,Sub-Assistant Engineer,sumonsaha540@gmail.com,sumonsaha540@gmail.com,PROJECT-BRANCH,প্রকল্প শাখা,Project Branch,Headquarters / Projects,প্রকল্প-1,GENERAL,ACTIVE,2026-2028,26
738,PGD-2026-0738,1880,DIP-2026-1880,4233,MD. AL-AMIN,MD. AL-AMIN,উপ-সহকারী প্রকৌশলী,Sub-Assistant Engineer,alaminmahin1994@gmail.com,alaminmahin1994@gmail.co m,PROJECT-BRANCH,প্রকল্প শাখা,Project Branch,Headquarters / Projects,ESPNER Project,GENERAL,ACTIVE,2026-2028,26
739,PGD-2026-0739,1881,DIP-2026-1881,4236,সোহেল রানা,,উপ-সহকারী প্রকৌশলী,Sub-Assistant Engineer,shohelrana1728@gmail.com,shohelrana1728@gmail.com,GMD-RANGPUR,"জিএমডি, রংপুর","GMD, Rangpur",Rangpur,জলঢাকা ১৩২/৩৩ কেভি গ্রিড উপকেন্দ্র,GENERAL,ACTIVE,2026-2028,26
740,PGD-2026-0740,1882,DIP-2026-1882,4237,Md Toslim Uddin,Md Toslim Uddin,উপ-সহকারী প্রকৌশলী,Sub-Assistant Engineer,toslim3004@gmail.com,toslim3004@gmail.com,GMD-RANGPUR,"জিএমডি, রংপুর","GMD, Rangpur",Rangpur,Kurigram132/33 kV Grid Substation.,GENERAL,ACTIVE,2026-2028,26
741,PGD-2026-0741,1404,DIP-2026-1404,4238,মো: সাজ্জাদ হোসেন,,উপ-সহকারী প্রকৌশলী,Sub-Assistant Engineer,sazzadhossainbd123@gmail.com,sazzadhossainbd123@gmail.c,GMD-DINAJPUR,"জিএমডি, দিনাজপুর","GMD, Dinajpur",Rangpur,বড়পুকুরিয়া ২৩০/১৩২/৩৩ কেভি গ্রিড উপকেন্দ্র,GENERAL,ACTIVE,2026-2028,26
742,PGD-2026-0742,1520,DIP-2026-1520,4239,মোঃ রায়হান মিয়া,,উপ-সহকারী প্রকৌশলী,Sub-Assistant Engineer,rayhan.powergrid@gmail.com,rayhan.powergrid@gmail.co m,GMD-BOGURA,"জিএমডি, বগুড়া","GMD, Bogura",Rajshahi,শেরপুর(বগুড়া)১৩২/৩৩ কেভি গ্রিড উপকেন্দ্র,GENERAL,ACTIVE,2026-2028,26
743,PGD-2026-0743,1468,DIP-2026-1468,4240,শ্রী দিপঙ্কর সাহা,,উপ-সহকারী প্রকৌশলী,Sub-Assistant Engineer,dipongkorshaha@gmail.com,dipongkorshaha@gmail.com,GMD-ISHWARDI,"জিএমডি, ঈশ্বরদী","GMD, Ishwardi",Rajshahi,"রুপপুর ১৩২/১১ কেভি গ্রিড উপকেন্দ্র, জিএমডি- ঈশ্বরদী",GENERAL,ACTIVE,2026-2028,26
744,PGD-2026-0744,1427,DIP-2026-1427,4241,ATIQUR RAHMAN,ATIQUR RAHMAN,উপ-সহকারী প্রকৌশলী,Sub-Assistant Engineer,amzad2473@gmail.com,amzad2473@gmail.com,GMD-CTG-NORTH,"জিএমডি, চট্টগ্রাম (উত্তর)","GMD, Chattogram (North)",Chattogram,gph 230kv grid ss,GENERAL,ACTIVE,2026-2028,26
745,PGD-2026-0745,1413,DIP-2026-1413,4243,সৈয়দ নওশাদ কায়সার,,উপ-সহকারী প্রকৌশলী,Sub-Assistant Engineer,kaisarnowshad@gmail.com,kaisarnowshad@gmail.com,GMD-DHK-NORTH,"জিএমডি, ঢাকা (উত্তর)","GMD, Dhaka (North)",Dhaka,Ghatail 132/33 KV AIS Grid Sub- Station,GENERAL,ACTIVE,2026-2028,26
746,PGD-2026-0746,1644,DIP-2026-1644,4245,Shahinur Islam,Shahinur Islam,উপ-সহকারী প্রকৌশলী,Sub-Assistant Engineer,sishinul59@gmail.com,sishinul59@gmail.com,GMD-DHK-NORTH,"জিএমডি, ঢাকা (উত্তর)","GMD, Dhaka (North)",Dhaka,Dhamrai 132/33 kv GIS Grid Sub- station,GENERAL,ACTIVE,2026-2028,26
747,PGD-2026-0747,1883,DIP-2026-1883,4246,Subal Goswami,Subal Goswami,উপ-সহকারী প্রকৌশলী,Sub-Assistant Engineer,sn.goswami93@gmail.com,sn.goswami93@gmail.com,GMD-CTG-CENTRAL,"জিএমডি, চট্টগ্রাম (সেন্ট্রাল)","GMD, Chattogram (Central)",Chattogram,Kalurghat 132 kV Grid Substation,GENERAL,ACTIVE,2026-2028,26
748,PGD-2026-0748,1674,DIP-2026-1674,4247,Md. Saiful Islam,Md. Saiful Islam,উপ-সহকারী প্রকৌশলী,Sub-Assistant Engineer,saiful340652@gmail.com,saiful340652@gmail.com,GMD-CUMILLA,"জিএমডি, কুমিল্লা","GMD, Cumilla",Cumilla,230/132/33KV Cumilla North Grid Sub-Station,GENERAL,ACTIVE,2026-2028,26
749,PGD-2026-0749,1459,DIP-2026-1459,4248,Fayem Rana,Fayem Rana,উপ-সহকারী প্রকৌশলী,Sub-Assistant Engineer,fayemrana169867@gmail.com,fayemrana169867@gmail.co m,GMD-DHK-NORTH,"জিএমডি, ঢাকা (উত্তর)","GMD, Dhaka (North)",Dhaka,Kabirpur 132/33 KV Grid Substation,GENERAL,ACTIVE,2026-2028,26
750,PGD-2026-0750,1416,DIP-2026-1416,4249,N M Al Sajib,N M Al Sajib,উপ-সহকারী প্রকৌশলী,Sub-Assistant Engineer,sajib95h@gmail.com,sajib95h@gmail.com,GMD-RANGPUR,"জিএমডি, রংপুর","GMD, Rangpur",Rangpur,Taraganj 132/33kv Grid SS,GENERAL,ACTIVE,2026-2028,26
751,PGD-2026-0751,1660,DIP-2026-1660,4251,S M Mustafizur Rahman,S M Mustafizur Rahman,উপ-সহকারী প্রকৌশলী,Sub-Assistant Engineer,smmustafizurrahman00@gmail.com,smmustafizurrahman00@gm ail,GMD-SIRAJGANJ,"জিএমডি, সিরাজগঞ্জ","GMD, Sirajganj",Rajshahi,Baghabari 230/132 Grid SS,GENERAL,ACTIVE,2026-2028,26
752,PGD-2026-0752,1414,DIP-2026-1414,4252,Masud Rana,Masud Rana,উপ-সহকারী প্রকৌশলী,Sub-Assistant Engineer,masud.duet96@gmail.com,masud.duet96@gmail.com,GMD-DHK-EAST,"জিএমডি, ঢাকা (পূর্ব)","GMD, Dhaka (East)",Dhaka,Madanganj 132/33 kv ss,GENERAL,ACTIVE,2026-2028,26
753,PGD-2026-0753,1884,DIP-2026-1884,4253,Mithu Ahmed,Mithu Ahmed,উপ-সহকারী প্রকৌশলী,Sub-Assistant Engineer,mithu.ahmed.107@gmail.com,mithu.ahmed.107@gmail.co m,GMD-BOGURA,"জিএমডি, বগুড়া","GMD, Bogura",Rajshahi,Naogaon 132/33 kv grid substation.,GENERAL,ACTIVE,2026-2028,26
754,PGD-2026-0754,1553,DIP-2026-1553,4254,মোহাম্মদ মোয়াজ্জেম হোসেন আল-আমিন,,উপ-সহকারী প্রকৌশলী,Sub-Assistant Engineer,mozzemhossain70@gmail.com,mozzemhossain70@gmail.co m,GMD-FARIDPUR,"জিএমডি, ফরিদপুর","GMD, Faridpur",Dhaka,মাদারীপুর ১৩২/৩৩ কেভি গ্রিড উপকেন্দ্র,GENERAL,ACTIVE,2026-2028,26
755,PGD-2026-0755,1738,DIP-2026-1738,4255,মোছা: গোলেনুর আক্তার,,উপ-সহকারী প্রকৌশলী,Sub-Assistant Engineer,golenurakter888@gmail.com,golenurakter888@gmail.com,GMD-RANGPUR,"জিএমডি, রংপুর","GMD, Rangpur",Rangpur,মিঠাপুকুর ১৩২/৩৩ কেভি গ্রিড উপকেন্দ্র,GENERAL,ACTIVE,2026-2028,27
756,PGD-2026-0756,1885,DIP-2026-1885,4256,Jubaer Hossen,Jubaer Hossen,উপ-সহকারী প্রকৌশলী,Sub-Assistant Engineer,dpijubaer@gmail.com,dpijubaer@gmail.com,GMD-RANGPUR,"জিএমডি, রংপুর","GMD, Rangpur",Rangpur,জলঢাকা ১৩২/৩৩ কেভি গ্রিড উপকেন্দ্র,GENERAL,ACTIVE,2026-2028,27
757,PGD-2026-0757,1456,DIP-2026-1456,4257,MD.Mahedi Hasan Saikat,MD.Mahedi Hasan Saikat,উপ-সহকারী প্রকৌশলী,Sub-Assistant Engineer,mahedisaikat@gmail.com,mahedisaikat@gmail.com,GMD-CTG-SOUTH,"জিএমডি, চট্টগ্রাম (দক্ষিণ)","GMD, Chattogram (South)",Chattogram,Madunaghat 230/132/33 kv grid substation,GENERAL,ACTIVE,2026-2028,27
758,PGD-2026-0758,1399,DIP-2026-1399,4258,মোঃ ইয়াছিন লস্কার,,উপ-সহকারী প্রকৌশলী,Sub-Assistant Engineer,yasinrko8989@gmail.com,yasinrko8989@gmail.com,GMD-KHULNA,"জিএমডি, খুলনা","GMD, Khulna",Khulna,"গোয়ালপাড়া ১৩২/৩৩ কেভি গ্রিড সাবস্টেশন, জিএমডি, খুলনা (উত্তর)",GENERAL,ACTIVE,2026-2028,27
759,PGD-2026-0759,1384,DIP-2026-1384,4259,মোঃ সুজন হোসাইন,,উপ-সহকারী প্রকৌশলী,Sub-Assistant Engineer,sujanhossain.eee@gmail.com,sujanhossain.eee@gmail.com,GMD-DHK-NORTH,"জিএমডি, ঢাকা (উত্তর)","GMD, Dhaka (North)",Dhaka,রাজেন্দ্রপুর ১৩২/৩৩ কেভি জিআইএস উপকেন্দ্র,GENERAL,ACTIVE,2026-2028,27
760,PGD-2026-0760,1886,DIP-2026-1886,4260,Azimul Islam,Azimul Islam,উপ-সহকারী প্রকৌশলী,Sub-Assistant Engineer,azimul.pgcb@gmail.com,azimul.pgcb@gmail.com,GMD-ISHWARDI,"জিএমডি, ঈশ্বরদী","GMD, Ishwardi",Rajshahi,ঈশ্বরদী ২৩০/১৩২ কেভি গ্রিড উপকেন্দ্র,GENERAL,ACTIVE,2026-2028,27
761,PGD-2026-0761,1402,DIP-2026-1402,4261,Anisur Rahman,Anisur Rahman,উপ-সহকারী প্রকৌশলী,Sub-Assistant Engineer,anisurrahman9906@gmail.com,anisurrahman9906@gmail.co m,GMD-KHULNA,"জিএমডি, খুলনা","GMD, Khulna",Khulna,Satkhira grid substation,GENERAL,ACTIVE,2026-2028,27
762,PGD-2026-0762,1676,DIP-2026-1676,4263,Jihad Hossain,Jihad Hossain,উপ-সহকারী প্রকৌশলী,Sub-Assistant Engineer,jihad.eee97@gmail.com,jihad. eee97@gmail.com,GMD-CUMILLA,"জিএমডি, কুমিল্লা","GMD, Cumilla",Cumilla,230/132/33kv Cumilla north grid substation,GENERAL,ACTIVE,2026-2028,27
763,PGD-2026-0763,1395,DIP-2026-1395,4265,Md.Nurul alam,Md.Nurul alam,উপ-সহকারী প্রকৌশলী,Sub-Assistant Engineer,n.alameee@gmail.com,n.alameee@gmail.com,GMD-CTG-CENTRAL,"জিএমডি, চট্টগ্রাম (সেন্ট্রাল)","GMD, Chattogram (Central)",Chattogram,কালুরঘাট গ্রিড উপকেন্দ্র,GENERAL,ACTIVE,2026-2028,27
764,PGD-2026-0764,1530,DIP-2026-1530,4266,অলয় চাকমা,,উপ-সহকারী প্রকৌশলী,Sub-Assistant Engineer,aloychakma1@gmail.com,aloychakma1@gmail.com,GMD-CTG-NORTH,"জিএমডি, চট্টগ্রাম (উত্তর)","GMD, Chattogram (North)",Chattogram,খাগড়াছড়ি ১৩২/৩৩ কেভি গ্রিড উপকেন্দ্র,GENERAL,ACTIVE,2026-2028,27
765,PGD-2026-0765,1545,DIP-2026-1545,4267,মোঃ বায়জিদ খান,,উপ-সহকারী প্রকৌশলী,Sub-Assistant Engineer,bayzidpgcbgmd@gmail.com,bayzidpgcbgmd@gmail.com,GMD-BARISHAL,"জিএমডি, বরিশাল","GMD, Barishal",Barishal,বরিশাল(উত্তর) ২৩০/১৩২/৩৩ কেভি গ্রিড উপকেন্দ্র,GENERAL,ACTIVE,2026-2028,27
766,PGD-2026-0766,1652,DIP-2026-1652,4268,MD MAHFOJUR RAHMAN,MD MAHFOJUR RAHMAN,উপ-সহকারী প্রকৌশলী,Sub-Assistant Engineer,mdmahfoj07@gmail.com,mdmahfoj07@gmail.com,GMD-DHK-METRO,ঢাকা মহানগর,Dhaka Metropolitan,Dhaka,Savar 132/33kV Grid Substation.,GENERAL,ACTIVE,2026-2028,27
767,PGD-2026-0767,1887,DIP-2026-1887,4269,মোঃ সেলিম,,উপ-সহকারী প্রকৌশলী,Sub-Assistant Engineer,salimduet963@gmail.com,salimduet963@gmail.com,GMD-CTG-SOUTH,"জিএমডি, চট্টগ্রাম (দক্ষিণ)","GMD, Chattogram (South)",Chattogram,শাহমিরপুর ১৩২/৩৩ কেভি গ্রিড উপকেন্দ্র,GENERAL,ACTIVE,2026-2028,27
768,PGD-2026-0768,1718,DIP-2026-1718,4270,মো: আলমগীর হোসেন,,উপ-সহকারী প্রকৌশলী,Sub-Assistant Engineer,mdalamgeerhossain@gmail.com,mdalamgeerhossain@gmail.c om,GMD-DHK-NORTH,"জিএমডি, ঢাকা (উত্তর)","GMD, Dhaka (North)",Dhaka,কবিরপুর ১৩২/৩৩ কেভি গ্রিড উপকেন্দ্র,GENERAL,ACTIVE,2026-2028,27
769,PGD-2026-0769,1888,DIP-2026-1888,4271,মো : মামুন রেজা,,উপ-সহকারী প্রকৌশলী,Sub-Assistant Engineer,mamunreja.ppi@gmaii.com,mamunreja.ppi@gmaiI.com,GMD-SIRAJGANJ,"জিএমডি, সিরাজগঞ্জ","GMD, Sirajganj",Rajshahi,বাঘাবাড়ী ২৩০/১৩২ কেভি গ্রিড উপকেন্দ্রে।,GENERAL,ACTIVE,2026-2028,27
770,PGD-2026-0770,1415,DIP-2026-1415,4272,সাহেদুল ইসলাম,,উপ-সহকারী প্রকৌশলী,Sub-Assistant Engineer,shahedrejvi@gmail.com,shahedrejvi@gmail.com,GMD-DHK-EAST,"জিএমডি, ঢাকা (পূর্ব)","GMD, Dhaka (East)",Dhaka,মদনগঞ্জ ১৩২/৩৩ কেভি গ্রিড উপকেন্দ্র,GENERAL,ACTIVE,2026-2028,27
771,PGD-2026-0771,1386,DIP-2026-1386,4273,আলমগীর আজম,,উপ-সহকারী প্রকৌশলী,Sub-Assistant Engineer,alamgirazam.pgcb@gmail.com,alamgirazam.pgcb@gmail.co m,GMD-MYMENSINGH,"জিএমডি, ময়মনসিংহ","GMD, Mymensingh",Mymensingh,"শেরপুর ১৩২/৩৩ কেভি গ্রিড উপকেন্দ্র, জিমডি ময়মনসিংহ",GENERAL,ACTIVE,2026-2028,27
772,PGD-2026-0772,1387,DIP-2026-1387,4274,মোঃ মোজাম্মেল হক,,উপ-সহকারী প্রকৌশলী,Sub-Assistant Engineer,mdmozzammelh@gmail.com,mdmozzammelh@gmail.com,GMD-RAJSHAHI,"জিএমডি, রাজশাহী","GMD, Rajshahi",Rajshahi,পত্নীতলা ১৩২/৩৩ কেভি গ্রিড উপকেন্দ্র,GENERAL,ACTIVE,2026-2028,27
773,PGD-2026-0773,1515,DIP-2026-1515,4275,Md. Abdur Rahim,Md. Abdur Rahim,উপ-সহকারী প্রকৌশলী,Sub-Assistant Engineer,mm.abdurrahim@gmail.com,mm.abdurrahim@gmail.com,GMD-SIRAJGANJ,"জিএমডি, সিরাজগঞ্জ","GMD, Sirajganj",Rajshahi,Sirajganj 132/33 KV grid sub station,GENERAL,ACTIVE,2026-2028,27
774,PGD-2026-0774,1398,DIP-2026-1398,4276,Rumon Ali,Rumon Ali,উপ-সহকারী প্রকৌশলী,Sub-Assistant Engineer,rumonali24@gmail.com,rumonali24@gmail.com,GMD-ISHWARDI,"জিএমডি, ঈশ্বরদী","GMD, Ishwardi",Rajshahi,Bheramara 230/132 KV Grid Sub- Station,GENERAL,ACTIVE,2026-2028,27
775,PGD-2026-0775,1700,DIP-2026-1700,4277,মোঃ রাশেদুল ইসলাম,,উপ-সহকারী প্রকৌশলী,Sub-Assistant Engineer,rislam139@gmail.com,rislam139@gmail.com,GMD-CTG-SOUTH,"জিএমডি, চট্টগ্রাম (দক্ষিণ)","GMD, Chattogram (South)",Chattogram,১৩২/৩৩ শাহমিরপুর কেভি গ্রিড উপকেন্দ্র,GENERAL,ACTIVE,2026-2028,27
776,PGD-2026-0776,1670,DIP-2026-1670,4279,মো:জসিম উদ্দিন,,উপ-সহকারী প্রকৌশলী,Sub-Assistant Engineer,uddinmdjasim037@gmail.com,uddinmdjasim037@gmail.co m,GMD-CUMILLA,"জিএমডি, কুমিল্লা","GMD, Cumilla",Cumilla,Cumilla(S)132/33kv GSS,GENERAL,ACTIVE,2026-2028,27
777,PGD-2026-0777,1889,DIP-2026-1889,4280,Md. Razon Islam,Md. Razon Islam,উপ-সহকারী প্রকৌশলী,Sub-Assistant Engineer,razonislam.eee@gmail.com,razonislam.eee@gmail.com,GMD-DHK-NORTH,"জিএমডি, ঢাকা (উত্তর)","GMD, Dhaka (North)",Dhaka,Sreepur 230/132/33 kV Grid S/S,GENERAL,ACTIVE,2026-2028,27
778,PGD-2026-0778,1388,DIP-2026-1388,4282,মো:মান্নান মিয়া,,উপ-সহকারী প্রকৌশলী,Sub-Assistant Engineer,mahmedshagor1@gmail.com,mahmedshagor1@gmail.com,GMD-SRIMANGAL,"জিএমডি, শ্রীমঙ্গল","GMD, Srimangal",Sylhet,ব্রাহ্মনবাড়িয়া গ্রিড উপকেন্দ্র,GENERAL,ACTIVE,2026-2028,27
779,PGD-2026-0779,1611,DIP-2026-1611,4283,মোহাম্মদ শহীদ উল্লাহ খাঁন,,উপ-সহকারী প্রকৌশলী,Sub-Assistant Engineer,shahid.ullahbd68@gmail.com,shahid.ullahbd68@gmail,GMD-CTG-CENTRAL,"জিএমডি, চট্টগ্রাম (সেন্ট্রাল)","GMD, Chattogram (Central)",Chattogram,বাকলিয়া ১৩২/৩৩ কেভি গ্রিড উপকেন্দ্র,GENERAL,ACTIVE,2026-2028,27
780,PGD-2026-0780,1565,DIP-2026-1565,4284,মো: সাদিকুর রহমান,,উপ-সহকারী প্রকৌশলী,Sub-Assistant Engineer,sadiqur1994@gmail.com,sadiqur1994@gmail.com,GMD-DHK-METRO,ঢাকা মহানগর,Dhaka Metropolitan,Dhaka,"NOD,LDC",GENERAL,ACTIVE,2026-2028,27
781,PGD-2026-0781,1378,DIP-2026-1378,4285,মনজুর হোসেন খান,,উপ-সহকারী প্রকৌশলী,Sub-Assistant Engineer,manjur.pgcb@gmail.com,manjur.pgcb@gmail.com,GMD-CTG-SOUTH,"জিএমডি, চট্টগ্রাম (দক্ষিণ)","GMD, Chattogram (South)",Chattogram,মদুনাঘাট ২৩০/১৩২ কেভি গ্রিড উপকেন্দ্র,GENERAL,ACTIVE,2026-2028,27
782,PGD-2026-0782,1383,DIP-2026-1383,4286,লাভলু মিয়া,,উপ-সহকারী প্রকৌশলী,Sub-Assistant Engineer,lablumiaeee2018@gmail.com,lablumiaeee2018@gmail.com,GMD-DHK-NORTH,"জিএমডি, ঢাকা (উত্তর)","GMD, Dhaka (North)",Dhaka,Tangail 132/33 kv grid Substation,GENERAL,ACTIVE,2026-2028,27
783,PGD-2026-0783,1474,DIP-2026-1474,4287,মোঃ রাফুল হাসান,,উপ-সহকারী প্রকৌশলী,Sub-Assistant Engineer,rafulhasan634@gmail.com,rafulhasan634@gmail.com,GMD-MYMENSINGH,"জিএমডি, ময়মনসিংহ","GMD, Mymensingh",Mymensingh,মুক্তাগাছা ১৩২/৩৩ কেভি গ্রিড উপকেন্দ্র,GENERAL,ACTIVE,2026-2028,27
784,PGD-2026-0784,1389,DIP-2026-1389,4288,Md. Jahangir Alom,Md. Jahangir Alom,উপ-সহকারী প্রকৌশলী,Sub-Assistant Engineer,jahangir.pgcb912@gmail.com,jahangir.pgcb912@gmail.com,GMD-SIRAJGANJ,"জিএমডি, সিরাজগঞ্জ","GMD, Sirajganj",Rajshahi,বাঘাবাড়ী ২৩০ কেভি গ্রিড উপকেন্দ্র,GENERAL,ACTIVE,2026-2028,28
785,PGD-2026-0785,1890,DIP-2026-1890,4289,Shamim Sheikh,Shamim Sheikh,উপ-সহকারী প্রকৌশলী,Sub-Assistant Engineer,shamim7172@outlook.com,shamim7172@outlook.com,GMD-RAJSHAHI,"জিএমডি, রাজশাহী","GMD, Rajshahi",Rajshahi,Rajshahi 132/33 KV Grid S/S,GENERAL,ACTIVE,2026-2028,28
786,PGD-2026-0786,1403,DIP-2026-1403,4290,দিপক দেবনাথ,,উপ-সহকারী প্রকৌশলী,Sub-Assistant Engineer,dipakdebnath585@gmail.com,dipakdebnath585@gmail.com,GMD-DHK-EAST,"জিএমডি, ঢাকা (পূর্ব)","GMD, Dhaka (East)",Dhaka,নরসিংদী ১৩২/৩৩ কেভি গ্রিড উপকেন্দ্র,GENERAL,ACTIVE,2026-2028,28
787,PGD-2026-0787,1423,DIP-2026-1423,4291,মোঃ ইফতেখার আলম,,উপ-সহকারী প্রকৌশলী,Sub-Assistant Engineer,eftakheralam920@gmail.com,eftakheralam920@gmail.com,GMD-MYMENSINGH,"জিএমডি, ময়মনসিংহ","GMD, Mymensingh",Mymensingh,মুক্তাগাছা ১৩২/৩৩ কেভি গ্রিড উপকেন্দ্র,GENERAL,ACTIVE,2026-2028,28
788,PGD-2026-0788,1607,DIP-2026-1607,4292,জয় প্রকাশ ঘোষ,,উপ-সহকারী প্রকৌশলী,Sub-Assistant Engineer,jpghosh74@gmail.com,jpghosh74@gmail.com,GMD-CTG-CENTRAL,"জিএমডি, চট্টগ্রাম (সেন্ট্রাল)","GMD, Chattogram (Central)",Chattogram,রামপুর ২৩০/১৩২/৩৩কেভি গ্রিড উপকেন্দ্র,GENERAL,ACTIVE,2026-2028,28
789,PGD-2026-0789,1525,DIP-2026-1525,4293,Md. Rabiul Islam,Md. Rabiul Islam,উপ-সহকারী প্রকৌশলী,Sub-Assistant Engineer,mdrabi1718@gmail.com,mdrabi1718@gmail.com,GMD-BOGURA,"জিএমডি, বগুড়া","GMD, Bogura",Rajshahi,Bogura 400/230kV GIS Grid Sub- Station,GENERAL,ACTIVE,2026-2028,28
790,PGD-2026-0790,1326,DIP-2026-1326,4294,Jaber Mohammad Iqbal,Jaber Mohammad Iqbal,উপ-সহকারী প্রকৌশলী,Sub-Assistant Engineer,jaberiqbal21@gmail.com,jaberiqbal21@gmail.com,GMD-CTG-SOUTH,"জিএমডি, চট্টগ্রাম (দক্ষিণ)","GMD, Chattogram (South)",Chattogram,Madunaghat 400KV GIS Grid sub station,GENERAL,ACTIVE,2026-2028,28
791,PGD-2026-0791,1891,DIP-2026-1891,4295,ফাহমিদা আক্তার রিমা,,উপ-সহকারী প্রকৌশলী,Sub-Assistant Engineer,mrimapgcb@gmail.com,mrimapgcb@gmail.com,GMD-ISHWARDI,"জিএমডি, ঈশ্বরদী","GMD, Ishwardi",Rajshahi,রূপপুর ১৩২/১১ কেভি গ্রিড উপকেন্দ্র,GENERAL,ACTIVE,2026-2028,28
792,PGD-2026-0792,1509,DIP-2026-1509,4296,Md. Mostafizur Rahman,Md. Mostafizur Rahman,উপ-সহকারী প্রকৌশলী,Sub-Assistant Engineer,mailtomostafizur@gmail.com,mailtomostafizur@gmail.com,GMD-DINAJPUR,"জিএমডি, দিনাজপুর","GMD, Dinajpur",Rangpur,Panchagarh 132/33 kV Grid SS,GENERAL,ACTIVE,2026-2028,28
793,PGD-2026-0793,1892,DIP-2026-1892,4297,আবদুল কাইয়ুম,,উপ-সহকারী প্রকৌশলী,Sub-Assistant Engineer,rasellfn@gmail.com,rasellfn@gmail.com,GMD-CTG-NORTH,"জিএমডি, চট্টগ্রাম (উত্তর)","GMD, Chattogram (North)",Chattogram,Baroiarhat 132/33 KV Grid Substation,GENERAL,ACTIVE,2026-2028,28
794,PGD-2026-0794,1665,DIP-2026-1665,4298,মোঃ রাকিবুল ইসলাম,,উপ-সহকারী প্রকৌশলী,Sub-Assistant Engineer,rakibul0910@gmail.com,rakibul0910@gmail.com,GMD-ISHWARDI,"জিএমডি, ঈশ্বরদী","GMD, Ishwardi",Rajshahi,বাংলাদেশ ভারত বিদু্যৎ সঞ্চালন কেন্দ্র (HVDC Station),GENERAL,ACTIVE,2026-2028,28
795,PGD-2026-0795,1460,DIP-2026-1460,4300,ASADUZZAMAN,ASADUZZAMAN,উপ-সহকারী প্রকৌশলী,Sub-Assistant Engineer,zzsun81@gmail.com,zzsun81@gmail.com,GMD-RANGPUR,"জিএমডি, রংপুর","GMD, Rangpur",Rangpur,Mithapukur 132/33kV Grid Sub- station.,GENERAL,ACTIVE,2026-2028,28
796,PGD-2026-0796,1893,DIP-2026-1893,4301,মো: আরিফ সরকার,,উপ-সহকারী প্রকৌশলী,Sub-Assistant Engineer,arifsarkar223@gmail.com,arifsarkar223@gmail.com,GMD-DINAJPUR,"জিএমডি, দিনাজপুর","GMD, Dinajpur",Rangpur,বড়পুকুরিয়া ২৩০/১৩২/৩৩ কেভি গ্রিড উপকেন্দ্র,GENERAL,ACTIVE,2026-2028,28
797,PGD-2026-0797,1391,DIP-2026-1391,4302,মোহাম্মদ মনিরুজ্জামান ভুইয়া সাগর,,উপ-সহকারী প্রকৌশলী,Sub-Assistant Engineer,monir.pgcb.2019@gmail.com,monir.pgcb.2019@gmail.com,GMD-DHK-EAST,"জিএমডি, ঢাকা (পূর্ব)","GMD, Dhaka (East)",Dhaka,Bajitpur 132/33 KV SS,GENERAL,ACTIVE,2026-2028,28
798,PGD-2026-0798,1748,DIP-2026-1748,4303,মোঃ মকিদুল ইসলাম,,উপ-সহকারী প্রকৌশলী,Sub-Assistant Engineer,mokidulduet@gmail.com,mokidulduet@gmail.com,GMD-KHULNA,"জিএমডি, খুলনা","GMD, Khulna",Khulna,Narail 132/33 KV Grid sub-station,GENERAL,ACTIVE,2026-2028,28
799,PGD-2026-0799,1831,DIP-2026-1831,4304,মো: মোহাইমিনুল ইসলাম,,উপ-সহকারী প্রকৌশলী,Sub-Assistant Engineer,mdmohaibd@gmail.com,mdmohaibd@gmail.com,GMD-ISHWARDI,"জিএমডি, ঈশ্বরদী","GMD, Ishwardi",Rajshahi,ঈশ্বরদী ২৩০/১৩২/৩৩ কেভি গ্রিড উপকেন্দ্র,GENERAL,ACTIVE,2026-2028,28
800,PGD-2026-0800,1392,DIP-2026-1392,4305,সেকান্দর আলী,,উপ-সহকারী প্রকৌশলী,Sub-Assistant Engineer,shekanderali62@gmail.com,shekanderali62@gmail,GMD-MYMENSINGH,"জিএমডি, ময়মনসিংহ","GMD, Mymensingh",Mymensingh,ময়মনসিংহ ১৩২/৩৩ কেভি গ্রিড উপকেন্দ্র।,GENERAL,ACTIVE,2026-2028,28
801,PGD-2026-0801,1401,DIP-2026-1401,4309,মোঃ মাসাউদ হাসান,,উপ-সহকারী প্রকৌশলী,Sub-Assistant Engineer,msr.sujon2041@gmail.com,msr.sujon2041@gmail.com,GMD-KHULNA,"জিএমডি, খুলনা","GMD, Khulna",Khulna,বেনাপোল ১৩২/৩৩ কেভি গ্রিড উপকেন্দ্র,GENERAL,ACTIVE,2026-2028,28
802,PGD-2026-0802,1393,DIP-2026-1393,4310,মো: শাহাদৎ হোসেন শান্ত,,উপ-সহকারী প্রকৌশলী,Sub-Assistant Engineer,shantoduet323@gmail.com,shantoduet323@gmail.com,GMD-DHK-NORTH,"জিএমডি, ঢাকা (উত্তর)","GMD, Dhaka (North)",Dhaka,Ghatail132/33 KV AIS Grid Sub- Station,GENERAL,ACTIVE,2026-2028,28
803,PGD-2026-0803,1296,DIP-2026-1296,4311,জাহাঙ্গীর আলম,,উপ-সহকারী প্রকৌশলী,Sub-Assistant Engineer,jahangirkakon51@gmail.com,jahangirkakon51@gmail.com,GMD-DHK-NORTH,"জিএমডি, ঢাকা (উত্তর)","GMD, Dhaka (North)",Dhaka,নরসিংদী ১৩২/৩৩কেভি গ্রিড উপকেন্দ্র,GENERAL,ACTIVE,2026-2028,28
804,PGD-2026-0804,1588,DIP-2026-1588,4312,মো: মুহাইমিনুল ইসলাম,,উপ-সহকারী প্রকৌশলী,Sub-Assistant Engineer,muhiminulislam0@gmail.com,muhiminulislam0@gmail.com,GMD-ISHWARDI,"জিএমডি, ঈশ্বরদী","GMD, Ishwardi",Rajshahi,ভেড়ামারা(জিকে)১৩২/৩৩কেভি গ্রিড উপকেন্দ্র,GENERAL,ACTIVE,2026-2028,28
805,PGD-2026-0805,1894,DIP-2026-1894,4313,আবু সায়েম খান,,উপ-সহকারী প্রকৌশলী,Sub-Assistant Engineer,sayamce25@gmail.com,sayamce25@gmail.com,GMD-DHK-METRO,ঢাকা মহানগর,Dhaka Metropolitan,Dhaka,হাসনাবাদ ২৩০/১৩২ কেভি গ্রিড উপকেন্দ্র,GENERAL,ACTIVE,2026-2028,28
806,PGD-2026-0806,1518,DIP-2026-1518,4314,মোঃ আশরাফুল হক,,উপ-সহকারী প্রকৌশলী,Sub-Assistant Engineer,bsincse@gmail.com,bsincse@gmail.com,GMD-BOGURA,"জিএমডি, বগুড়া","GMD, Bogura",Rajshahi,শেরপুর(বগুড়া) ১৩২/৩৩ কেভি গ্রিড উপকেন্দ্র,GENERAL,ACTIVE,2026-2028,28
807,PGD-2026-0807,1431,DIP-2026-1431,4346,মোয়াজ্জেম হোসেন,,উপ-সহকারী প্রকৌশলী,Sub-Assistant Engineer,eee.ovi969@gmail.com,eee.ovi969@gmail.com,GMD-CTG-NORTH,"জিএমডি, চট্টগ্রাম (উত্তর)","GMD, Chattogram (North)",Chattogram,একেএসপিএল ১৩২/৩৩ কেভি গ্রিড উপকেন্দ্র,GENERAL,ACTIVE,2026-2028,28
808,PGD-2026-0808,1895,DIP-2026-1895,4348,জুয়েল রানা,,উপ-সহকারী প্রকৌশলী,Sub-Assistant Engineer,juelrana495979@gmail.com,juelrana495979@gmail.com,PROJECT-BRANCH,প্রকল্প শাখা,Project Branch,Headquarters / Projects,গ্রিড ভিত্তিক বিদু্যৎ সরবরাহে দক্ষতা উন্নয়ন প্রকল্প,GENERAL,ACTIVE,2026-2028,28
809,PGD-2026-0809,1896,DIP-2026-1896,4350,মোঃ শরিফুল ইসলাম,,উপ-সহকারী প্রকৌশলী,Sub-Assistant Engineer,sharif848030@gmail.com,sharif848030@gmail.com,GMD-RANGPUR,"জিএমডি, রংপুর","GMD, Rangpur",Rangpur,"জলঢাকা ১৩২/৩৩ কেভি গ্রিড উপকেন্দ্র,জিএমডি রংপুর",GENERAL,ACTIVE,2026-2028,28
810,PGD-2026-0810,1587,DIP-2026-1587,4398,Tapash kumer karmker,Tapash kumer karmker,উপ-সহকারী প্রকৌশলী,Sub-Assistant Engineer,tapash.cd.bd@gmail.com,tapash.cd.bd@gmail.com,GMD-JHENAIDAH,"জিএমডি, ঝিনাইদহ","GMD, Jhenaidah",Khulna,Chuadanga,GENERAL,ACTIVE,2026-2028,28
811,PGD-2026-0811,1347,DIP-2026-1347,4400,মো: আশরাফুল ইসলাম,,উপ-সহকারী প্রকৌশলী,Sub-Assistant Engineer,jpiash93@gmail.com,jpiash93@gmail.com,GMD-JHENAIDAH,"জিএমডি, ঝিনাইদহ","GMD, Jhenaidah",Khulna,যশোর ১৩২/৩৩ কেভি গ্রিড উপকেন্দ্র,GENERAL,ACTIVE,2026-2028,28
812,PGD-2026-0812,1897,DIP-2026-1897,4402,মোঃ আব্দুল্যাহ আল কাফি,,উপ-সহকারী প্রকৌশলী,Sub-Assistant Engineer,kafifokir1@gmail.com,kafifokir1@gmail.com,GMD-DHK-NORTH,"জিএমডি, ঢাকা (উত্তর)","GMD, Dhaka (North)",Dhaka,কবিরপুর ১৩২/৩৩ কেভি গ্রিড উপকেন্দ্র,GENERAL,ACTIVE,2026-2028,28
813,PGD-2026-0813,1679,DIP-2026-1679,4403,Nayan Kanti Das,Nayan Kanti Das,উপ-সহকারী প্রকৌশলী,Sub-Assistant Engineer,nayandas375@gmail.com,nayandas375@gmail.com,GMD-CTG-SOUTH,"জিএমডি, চট্টগ্রাম (দক্ষিণ)","GMD, Chattogram (South)",Chattogram,Madunaghat 230/132/33 kV SS,GENERAL,ACTIVE,2026-2028,29
814,PGD-2026-0814,1898,DIP-2026-1898,4406,Md.Rafiqul Islam,Md.Rafiqul Islam,উপ-সহকারী প্রকৌশলী,Sub-Assistant Engineer,rafiq141078@gmail.com,rafiq141078@gmail.com,GMD-DHK-METRO,ঢাকা মহানগর,Dhaka Metropolitan,Dhaka,"Civil Works, Head office",GENERAL,ACTIVE,2026-2028,29
815,PGD-2026-0815,1562,DIP-2026-1562,4407,মো:ইমরান হোসেন,,উপ-সহকারী প্রকৌশলী,Sub-Assistant Engineer,emran.hossin178@gmail.com,emran.hossin178@gmail.com,GMD-KHULNA,"জিএমডি, খুলনা","GMD, Khulna",Khulna,গোয়ালপাড়া গ্রিড সাবস্টেশন,GENERAL,ACTIVE,2026-2028,29
816,PGD-2026-0816,1899,DIP-2026-1899,4408,Md. Alomgir Hossain,Md. Alomgir Hossain,উপ-সহকারী প্রকৌশলী,Sub-Assistant Engineer,alomgir184@gmail.com,alomgir184@gmail.com,PROJECT-BRANCH,প্রকল্প শাখা,Project Branch,Headquarters / Projects,DWZTGE Project,GENERAL,ACTIVE,2026-2028,29
817,PGD-2026-0817,1563,DIP-2026-1563,4409,হোসনে মোবারক সুমন,,উপ-সহকারী প্রকৌশলী,Sub-Assistant Engineer,eeesumon143@gmail.com,eeesumon143@gmail.com,GMD-FARIDPUR,"জিএমডি, ফরিদপুর","GMD, Faridpur",Dhaka,রাজবাড়ী ১৩২/৩৩ কেভি উপকেন্দ্র,GENERAL,ACTIVE,2026-2028,29
818,PGD-2026-0818,1434,DIP-2026-1434,4410,Md. Main Uddin,Md. Main Uddin,উপ-সহকারী প্রকৌশলী,Sub-Assistant Engineer,main.pgcb@gmail.com,main.pgcb@gmail.com,GMD-CUMILLA,"জিএমডি, কুমিল্লা","GMD, Cumilla",Cumilla,Kasba 132/33kV GIS Grid Sub Station,GENERAL,ACTIVE,2026-2028,29
819,PGD-2026-0819,1622,DIP-2026-1622,4413,মোঃ আক্তারুজ্জামান,,উপ-সহকারী প্রকৌশলী,Sub-Assistant Engineer,aktaruzzaman587@gmail.com,aktaruzzaman587@gmail.co m,GMD-CTG-SOUTH,"জিএমডি, চট্টগ্রাম (দক্ষিণ)","GMD, Chattogram (South)",Chattogram,শিকলবাহা ২৩০/১৩২ কেভি গ্রিড উপকেন্দ্র,GENERAL,ACTIVE,2026-2028,29
820,PGD-2026-0820,1576,DIP-2026-1576,4414,মো: রিয়াজুল ইসলাম,,উপ-সহকারী প্রকৌশলী,Sub-Assistant Engineer,islamriazul291@gmail.com,islamriazul291@gmail.com,GMD-ISHWARDI,"জিএমডি, ঈশ্বরদী","GMD, Ishwardi",Rajshahi,ভেড়ামারা ২৩০কেভি গ্রিড উপকেন্দ্র,GENERAL,ACTIVE,2026-2028,29
821,PGD-2026-0821,1900,DIP-2026-1900,4415,নেয়ামুল বশির,,উপ-সহকারী প্রকৌশলী,Sub-Assistant Engineer,neamulbashir73@gmail.com,neamulbashir73@gmail.com,PROJECT-BRANCH,প্রকল্প শাখা,Project Branch,Headquarters / Projects,ইএসপিএনইআর প্রকল্প,GENERAL,ACTIVE,2026-2028,29
822,PGD-2026-0822,1705,DIP-2026-1705,4416,মোঃ রাজিব,,উপ-সহকারী প্রকৌশলী,Sub-Assistant Engineer,mrajib24bd@gmail.com,mrajib24bd@gmail.com,PROJECT-BRANCH,প্রকল্প শাখা,Project Branch,Headquarters / Projects,ঢাকা,GENERAL,ACTIVE,2026-2028,29
823,PGD-2026-0823,1809,DIP-2026-1809,4417,রিপন মিয়া,,উপ-সহকারী প্রকৌশলী,Sub-Assistant Engineer,rm305216@gmail.com,rm305216@gmail.com,GMD-DHK-NORTH,"জিএমডি, ঢাকা (উত্তর)","GMD, Dhaka (North)",Dhaka,Ghatail 132/33 KV AIS Grid Substation,GENERAL,ACTIVE,2026-2028,29
824,PGD-2026-0824,1499,DIP-2026-1499,4418,MD. BIPLOB HOSSAIN,MD. BIPLOB HOSSAIN,উপ-সহকারী প্রকৌশলী,Sub-Assistant Engineer,mdbiplobhossain177@gmail.com,mdbiplobhossain177@gmail.c om,GMD-DHK-METRO,ঢাকা মহানগর,Dhaka Metropolitan,Dhaka,Aminbazar 400/230/132 kv Grid Sub-Station,GENERAL,ACTIVE,2026-2028,29
825,PGD-2026-0825,1720,DIP-2026-1720,4419,Mohammad Towhid Uddin,Mohammad Towhid Uddin,উপ-সহকারী প্রকৌশলী,Sub-Assistant Engineer,towhiduddin24@gmail.com,towhiduddin24@gmail.com,GMD-CTG-SOUTH,"জিএমডি, চট্টগ্রাম (দক্ষিণ)","GMD, Chattogram (South)",Chattogram,Cox’s Bazar 132/33kV Grid Substation,GENERAL,ACTIVE,2026-2028,29
826,PGD-2026-0826,1901,DIP-2026-1901,4420,মোঃ রায়হান,,উপ-সহকারী প্রকৌশলী,Sub-Assistant Engineer,rayhan413924@gmail.com,rayhan413924@gmail.com,GMD-BARISHAL,"জিএমডি, বরিশাল","GMD, Barishal",Barishal,বরগুনা ১৩২/৩৩ কেভি গ্রিড উপকেন্দ্র।,GENERAL,ACTIVE,2026-2028,29
827,PGD-2026-0827,1599,DIP-2026-1599,4422,Md. Hasnaine,Md. Hasnaine,উপ-সহকারী প্রকৌশলী,Sub-Assistant Engineer,mohammadhasnaine1@gmail.com,mohammadhasnaine1@gmail .com,GMD-CTG-CENTRAL,"জিএমডি, চট্টগ্রাম (সেন্ট্রাল)","GMD, Chattogram (Central)",Chattogram,Khulsi 132/33kV substation,GENERAL,ACTIVE,2026-2028,29
828,PGD-2026-0828,1902,DIP-2026-1902,4423,মোঃ সাইফুল ইসলাম,,উপ-সহকারী প্রকৌশলী,Sub-Assistant Engineer,saiful102400@gmail.com,saiful102400@gmail.com,GMD-BARISHAL,"জিএমডি, বরিশাল","GMD, Barishal",Barishal,বরগুনা ১৩২/৩৩ কেভি গ্রিড উপকেন্দ্র,GENERAL,ACTIVE,2026-2028,29
829,PGD-2026-0829,1575,DIP-2026-1575,4425,মোঃ মিলন হোসেন,,উপ-সহকারী প্রকৌশলী,Sub-Assistant Engineer,milon.hossain.pgcb@gmail.com,milon.hossain.pgcb@gmail.co m,GMD-JHENAIDAH,"জিএমডি, ঝিনাইদহ","GMD, Jhenaidah",Khulna,মাগুরা ১৩২/৩৩কেভি গ্রিড সাবস্টেশন,GENERAL,ACTIVE,2026-2028,29
830,PGD-2026-0830,1560,DIP-2026-1560,4426,Mahtub Mahmud,Mahtub Mahmud,উপ-সহকারী প্রকৌশলী,Sub-Assistant Engineer,mahtub123@gmail.com,mahtub123@gmail.com,GMD-FARIDPUR,"জিএমডি, ফরিদপুর","GMD, Faridpur",Dhaka,Rajbari 132/33kV Grid Sub-Station.,GENERAL,ACTIVE,2026-2028,29
831,PGD-2026-0831,1621,DIP-2026-1621,4427,MD. Shahab Uddin,MD. Shahab Uddin,উপ-সহকারী প্রকৌশলী,Sub-Assistant Engineer,shahab.na95@gmail.com,shahab.na95@gmail.com,GMD-RAJSHAHI,"জিএমডি, রাজশাহী","GMD, Rajshahi",Rajshahi,Natore 132/33 kV grid Sub-Station,GENERAL,ACTIVE,2026-2028,29
832,PGD-2026-0832,1798,DIP-2026-1798,4428,Md. Jubayer Hossain,Md. Jubayer Hossain,উপ-সহকারী প্রকৌশলী,Sub-Assistant Engineer,mdjh91@gmail.com,mdjh91@gmail,GMD-BOGURA,"জিএমডি, বগুড়া","GMD, Bogura",Rajshahi,Sherpur (bogura) 132/33 Kv grid sub-station.,GENERAL,ACTIVE,2026-2028,29
833,PGD-2026-0833,1722,DIP-2026-1722,4429,মোঃ আল আমিন,,উপ-সহকারী প্রকৌশলী,Sub-Assistant Engineer,alamineee02@gmail.com,alamineee02@gmail.com,GMD-BARISHAL,"জিএমডি, বরিশাল","GMD, Barishal",Barishal,132/33 কেভি পটুয়াখালী গ্রিড উপকেন্দ্র,GENERAL,ACTIVE,2026-2028,29
834,PGD-2026-0834,1903,DIP-2026-1903,4430,শেখ আশিক রহমান,,উপ-সহকারী প্রকৌশলী,Sub-Assistant Engineer,skashikrahman69@gmail.com,skashikrahman69@gmail.com,GMD-JHENAIDAH,"জিএমডি, ঝিনাইদহ","GMD, Jhenaidah",Khulna,কালীগঞ্জ ১৩২/৩৩ কেভি গ্রিড উপকেন্দ্র,GENERAL,ACTIVE,2026-2028,29
835,PGD-2026-0835,1707,DIP-2026-1707,4432,মোঃ ইয়ামিন আলী,,উপ-সহকারী প্রকৌশলী,Sub-Assistant Engineer,sarkereamin@gmail.com,sarkereamin@gmail.com,GMD-KHULNA,"জিএমডি, খুলনা","GMD, Khulna",Khulna,জিএমডি-খুলনা (দক্ষিণ),GENERAL,ACTIVE,2026-2028,29
836,PGD-2026-0836,1715,DIP-2026-1715,4433,মোঃ উজ্জল সিকদার,,উপ-সহকারী প্রকৌশলী,Sub-Assistant Engineer,mduzzalsikder70@gmail.com,mduzzalsikder70@gmail.com,GMD-DHK-NORTH,"জিএমডি, ঢাকা (উত্তর)","GMD, Dhaka (North)",Dhaka,Ghatail 132/33 KV AIS Grid Sub- Station,GENERAL,ACTIVE,2026-2028,29
837,PGD-2026-0837,1821,DIP-2026-1821,4434,ইসতিয়াক জাহান,,উপ-সহকারী প্রকৌশলী,Sub-Assistant Engineer,estiakzahan@gmail.com,estiakzahan@gmail.com,PROJECT-BRANCH,প্রকল্প শাখা,Project Branch,Headquarters / Projects,গ্রীড ভিত্তিক বিদু্যৎ সরবরাহে দক্ষতা উন্নয়ন প্রকল্প,GENERAL,ACTIVE,2026-2028,29
838,PGD-2026-0838,1904,DIP-2026-1904,4437,মোঃ মেহেদো হাসান তমাল,,উপ-সহকারী প্রকৌশলী,Sub-Assistant Engineer,hasan.tomal354@gmail.com,hasan.tomal354@gmail.com,GMD-RAJSHAHI,"জিএমডি, রাজশাহী","GMD, Rajshahi",Rajshahi,আমনুরা ১৩২/৩৩ কেভি গ্রিড উপকেন্দ্র,GENERAL,ACTIVE,2026-2028,29
839,PGD-2026-0839,1905,DIP-2026-1905,4439,শাফায়াত হোসেন কাওছার,,উপ-সহকারী প্রকৌশলী,Sub-Assistant Engineer,shafayathossen@gmail.com,shafayathossen@gmail.com,GMD-DHK-METRO,ঢাকা মহানগর,Dhaka Metropolitan,Dhaka,নবাবগঞ্জ ১৩২ কেভি গ্রিড উপকেন্দ্র,GENERAL,ACTIVE,2026-2028,29
840,PGD-2026-0840,1780,DIP-2026-1780,4440,মোঃ আবু মুসা,,উপ-সহকারী প্রকৌশলী,Sub-Assistant Engineer,abumusa3332@gmail.com,abumusa3332@gmail,PROJECT-BRANCH,প্রকল্প শাখা,Project Branch,Headquarters / Projects,খুলনা,GENERAL,ACTIVE,2026-2028,29
841,PGD-2026-0841,1709,DIP-2026-1709,4442,মোঃ রাকিব হাসান,,উপ-সহকারী প্রকৌশলী,Sub-Assistant Engineer,eng.rakib01@gmail.com,eng.rakib01@gmail.com,PROJECT-BRANCH,প্রকল্প শাখা,Project Branch,Headquarters / Projects,"প্রধান কার্যালয়, ঢাকা।",GENERAL,ACTIVE,2026-2028,29
842,PGD-2026-0842,1436,DIP-2026-1436,4444,আজিজুল হক সোহান,,উপ-সহকারী প্রকৌশলী,Sub-Assistant Engineer,azizulhoqueshohan@gmail.com,azizulhoqueshohan@gmail.co m,GMD-MYMENSINGH,"জিএমডি, ময়মনসিংহ","GMD, Mymensingh",Mymensingh,"কিশোরগঞ্জ ১৩২/৩৩ গ্রিড উপকেন্দ্র, কিশোরগঞ্জ।",GENERAL,ACTIVE,2026-2028,30
843,PGD-2026-0843,1432,DIP-2026-1432,4448,আবদুল্লাহ আল মামুন,,উপ-সহকারী প্রকৌশলী,Sub-Assistant Engineer,sagorkhanduet@gmail.com,sagorkhanduet@gmail.com,GMD-CTG-NORTH,"জিএমডি, চট্টগ্রাম (উত্তর)","GMD, Chattogram (North)",Chattogram,Baraiyarhat 132/33 kv Grid S/S,GENERAL,ACTIVE,2026-2028,30
844,PGD-2026-0844,1641,DIP-2026-1641,4449,শাহাদত হোসেন রিয়াদ,,উপ-সহকারী প্রকৌশলী,Sub-Assistant Engineer,shadathosenriad@gmail.com,shadathosenriad@gmail.com,GMD-CTG-SOUTH,"জিএমডি, চট্টগ্রাম (দক্ষিণ)","GMD, Chattogram (South)",Chattogram,মাতার বাড়ি ১৩২/৩৩কেভি গ্রিড উপকেন্দ্র,GENERAL,ACTIVE,2026-2028,30
845,PGD-2026-0845,1721,DIP-2026-1721,4451,নয়ন মজুমদার,,উপ-সহকারী প্রকৌশলী,Sub-Assistant Engineer,noyanmazumder1993@gmail.com,noyanmazumder1993@gmail .com,GMD-CTG-SOUTH,"জিএমডি, চট্টগ্রাম (দক্ষিণ)","GMD, Chattogram (South)",Chattogram,শাহমিরপুর ১৩২/৩৩ কেভি গ্রিড উপকেন্দ্র,GENERAL,ACTIVE,2026-2028,30
846,PGD-2026-0846,1564,DIP-2026-1564,4452,মো: আবু বকর সিদ্দিক,,উপ-সহকারী প্রকৌশলী,Sub-Assistant Engineer,abubakarbd1999@gmail.com,abubakarbd1999@gmail.com,GMD-JHENAIDAH,"জিএমডি, ঝিনাইদহ","GMD, Jhenaidah",Khulna,Chuadanga 132/33 kV Grid Sub- Station.,GENERAL,ACTIVE,2026-2028,30
847,PGD-2026-0847,1433,DIP-2026-1433,4453,আবদুল হালিম,,উপ-সহকারী প্রকৌশলী,Sub-Assistant Engineer,abdulhalim868939@gmail.com,abdulhalim868939@gmail.co m,GMD-CTG-NORTH,"জিএমডি, চট্টগ্রাম (উত্তর)","GMD, Chattogram (North)",Chattogram,বারআউলিয়া ১৩২/৩৩ কেভি গ্রিড উপকেন্দ্র,GENERAL,ACTIVE,2026-2028,30
848,PGD-2026-0848,1617,DIP-2026-1617,4454,Md. Manowar Hossain,Md. Manowar Hossain,উপ-সহকারী প্রকৌশলী,Sub-Assistant Engineer,md.manowar.duet@gmail.com,md.manowar.duet@gmail.co m,GMD-DHK-METRO,ঢাকা মহানগর,Dhaka Metropolitan,Dhaka,NLDC Control Room,GENERAL,ACTIVE,2026-2028,30
849,PGD-2026-0849,1554,DIP-2026-1554,4455,Ahammad Ali,Ahammad Ali,উপ-সহকারী প্রকৌশলী,Sub-Assistant Engineer,ahammadali084222@gmail.com,ahammadali084222@gmail.c om,GMD-KHULNA,"জিএমডি, খুলনা","GMD, Khulna",Khulna,Narail 132/33kV Grid Sub-Station,GENERAL,ACTIVE,2026-2028,30
850,PGD-2026-0850,1683,DIP-2026-1683,4456,মোঃ আল-আমিন,,উপ-সহকারী প্রকৌশলী,Sub-Assistant Engineer,alaminakram43@gmail.com,alaminakram43@gmail.com,GMD-DHK-METRO,ঢাকা মহানগর,Dhaka Metropolitan,Dhaka,সাভার ১৩২/৩৩ কেভি গ্রিড উপকেন্দ্র,GENERAL,ACTIVE,2026-2028,30
851,PGD-2026-0851,1906,DIP-2026-1906,4457,সাদ্দাম হোসেন,,উপ-সহকারী প্রকৌশলী,Sub-Assistant Engineer,saddam105641@gmail.com,saddam105641@gmail.com,PROJECT-BRANCH,প্রকল্প শাখা,Project Branch,Headquarters / Projects,ঢাকা,GENERAL,ACTIVE,2026-2028,30
852,PGD-2026-0852,1688,DIP-2026-1688,4458,Noor Mohammad,Noor Mohammad,উপ-সহকারী প্রকৌশলী,Sub-Assistant Engineer,sohel.noor49@gmail.com,sohel.noor49@gmail.com,GMD-CUMILLA,"জিএমডি, কুমিল্লা","GMD, Cumilla",Cumilla,কচুয়া ২৩০/১৩২/৩৩ কেভি জিআইএস গ্রিড সাবস্টেশন,GENERAL,ACTIVE,2026-2028,30
853,PGD-2026-0853,1539,DIP-2026-1539,4459,মিজানুর রহমান খান,,উপ-সহকারী প্রকৌশলী,Sub-Assistant Engineer,hmmizan.2925@gmail.com,hmmizan.2925@gmail.com,GMD-DHK-NORTH,"জিএমডি, ঢাকা (উত্তর)","GMD, Dhaka (North)",Dhaka,ভালুকা ১৩২/৩৩ কেভি গ্রীড উপকেন্দ্র,GENERAL,ACTIVE,2026-2028,30
854,PGD-2026-0854,1907,DIP-2026-1907,4461,MD. Sagor Hossain,MD. Sagor Hossain,উপ-সহকারী প্রকৌশলী,Sub-Assistant Engineer,sagor648537@gmail.com,sagor648537@gmail.com,GMD-DHK-EAST,"জিএমডি, ঢাকা (পূর্ব)","GMD, Dhaka (East)",Dhaka,Bajitpur 132/33 kV grid substation,GENERAL,ACTIVE,2026-2028,30
855,PGD-2026-0855,1908,DIP-2026-1908,4462,গোবিন্দ চন্দ্র পাল,,উপ-সহকারী প্রকৌশলী,Sub-Assistant Engineer,gobindapaul412@gmail.com,gobindapaul412@gmail.com,PROJECT-BRANCH,প্রকল্প শাখা,Project Branch,Headquarters / Projects,ইএসপিএনইআর প্রজেক্ট,GENERAL,ACTIVE,2026-2028,30
856,PGD-2026-0856,1606,DIP-2026-1606,4463,MD MIRAZ UDDIN,MD MIRAZ UDDIN,উপ-সহকারী প্রকৌশলী,Sub-Assistant Engineer,engrmiraz007@gmail.com,engrmiraz007@gmail.com,GMD-DHK-METRO,ঢাকা মহানগর,Dhaka Metropolitan,Dhaka,Shyampur 230/132kV Grid SS,GENERAL,ACTIVE,2026-2028,30
857,PGD-2026-0857,1909,DIP-2026-1909,4464,মো: রাকিবুল ইসলাম,,উপ-সহকারী প্রকৌশলী,Sub-Assistant Engineer,rislam.engr@gmail.com,rislam.engr@gmail.com,PROJECT-BRANCH,প্রকল্প শাখা,Project Branch,Headquarters / Projects,PGNS (G to G),GENERAL,ACTIVE,2026-2028,30
858,PGD-2026-0858,1437,DIP-2026-1437,4465,মোঃ মজিবুর রহমান,,উপ-সহকারী প্রকৌশলী,Sub-Assistant Engineer,mrhridoy774@gmail.com,mrhridoy774@gmail.com,GMD-DHK-EAST,"জিএমডি, ঢাকা (পূর্ব)","GMD, Dhaka (East)",Dhaka,বাজিতপুর ১৩২/৩৩ কেভি এআইএস গ্রিড উপকেন্দ্র,GENERAL,ACTIVE,2026-2028,30
859,PGD-2026-0859,1547,DIP-2026-1547,4466,মোঃ শাহিন,,উপ-সহকারী প্রকৌশলী,Sub-Assistant Engineer,mdshahinsikderbpi@gmail.com,mdshahinsikderbpi@gmail.co m,GMD-BARISHAL,"জিএমডি, বরিশাল","GMD, Barishal",Barishal,বরিশাল (উত্তর) ২৩০/১৩২/৩৩ কেভি গ্রিড উপকেন্দ্র।,GENERAL,ACTIVE,2026-2028,30
860,PGD-2026-0860,1910,DIP-2026-1910,4468,Md. Zihad Hasan,Md. Zihad Hasan,উপ-সহকারী প্রকৌশলী,Sub-Assistant Engineer,zihadhasanp96@gmail.com,zihadhasanp96@gmail.com,PROJECT-BRANCH,প্রকল্প শাখা,Project Branch,Headquarters / Projects,PGNS(G2G) Project.,GENERAL,ACTIVE,2026-2028,30
861,PGD-2026-0861,1782,DIP-2026-1782,4469,Jasim Uddin,Jasim Uddin,উপ-সহকারী প্রকৌশলী,Sub-Assistant Engineer,jasimbd66@gmail.com,jasimbd66@gmail.com,PROJECT-BRANCH,প্রকল্প শাখা,Project Branch,Headquarters / Projects,SCKTIDP,GENERAL,ACTIVE,2026-2028,30
862,PGD-2026-0862,1911,DIP-2026-1911,4470,মো:প্রিন্স হাসান,,উপ-সহকারী প্রকৌশলী,Sub-Assistant Engineer,princehasaneee@gmail.com,princehasaneee@gmail.com,GMD-BOGURA,"জিএমডি, বগুড়া","GMD, Bogura",Rajshahi,Bogura 400/230 KV GIS SUBSTATION,GENERAL,ACTIVE,2026-2028,30
863,PGD-2026-0863,1912,DIP-2026-1912,4471,মোঃ ফিরোজ,,উপ-সহকারী প্রকৌশলী,Sub-Assistant Engineer,firujeee2018@gmail.com,firujeee2018@gmail,GMD-BARISHAL,"জিএমডি, বরিশাল","GMD, Barishal",Barishal,amtali 400 kv switching station,GENERAL,ACTIVE,2026-2028,30
864,PGD-2026-0864,1689,DIP-2026-1689,4472,Swrup Chandra Das,Swrup Chandra Das,উপ-সহকারী প্রকৌশলী,Sub-Assistant Engineer,scdswrup@gmail.com,scdswrup@gmail.com,GMD-CTG-NORTH,"জিএমডি, চট্টগ্রাম (উত্তর)","GMD, Chattogram (North)",Chattogram,বারৈয়ারহাট ১৩২/৩৩ কেভি গ্রিড উপকেন্দ্র।,GENERAL,ACTIVE,2026-2028,30
865,PGD-2026-0865,1913,DIP-2026-1913,4473,মোঃ ফজলে রাববী,,উপ-সহকারী প্রকৌশলী,Sub-Assistant Engineer,rabbitalukder3@gmail.com,rabbitalukder3@gmail.com,GMD-SIRAJGANJ,"জিএমডি, সিরাজগঞ্জ","GMD, Sirajganj",Rajshahi,সাথিয়া ১৩২/৩৩ কেভি গ্রিড উপকেন্দ্র,GENERAL,ACTIVE,2026-2028,30
866,PGD-2026-0866,1783,DIP-2026-1783,4474,Md Akbar Hossain,Md Akbar Hossain,উপ-সহকারী প্রকৌশলী,Sub-Assistant Engineer,akbar.pgcb2020@gmail.com,akbar.pgcb2020@gmail.com,GMD-DHK-METRO,ঢাকা মহানগর,Dhaka Metropolitan,Dhaka,কর্পোরেট অফিস ভবন ব্যবস্থাপনা অনুশাখা,GENERAL,ACTIVE,2026-2028,30
867,PGD-2026-0867,1914,DIP-2026-1914,4476,মোঃ নুর উদ্দিন,,উপ-সহকারী প্রকৌশলী,Sub-Assistant Engineer,nuruddin2544@gmail.com,nuruddin2544@gmail.com,PROJECT-BRANCH,প্রকল্প শাখা,Project Branch,Headquarters / Projects,DWZTGEP,GENERAL,ACTIVE,2026-2028,30
868,PGD-2026-0868,1915,DIP-2026-1915,4477,শহিদুল ইসলাম শ্রাবন,,উপ-সহকারী প্রকৌশলী,Sub-Assistant Engineer,sohidulislamsrabon@gmail.com,sohidulislamsrabon@gmail.co m,PROJECT-BRANCH,প্রকল্প শাখা,Project Branch,Headquarters / Projects,ঢাকা এবং পশ্চিমাঞ্চলীয় গ্রিড সঞ্চালন ব্যবস্থা সম্প্রসারণ প্রকল্প,GENERAL,ACTIVE,2026-2028,30
869,PGD-2026-0869,1438,DIP-2026-1438,4478,HARUN UR RASHID TUHIN,HARUN UR RASHID TUHIN,উপ-সহকারী প্রকৌশলী,Sub-Assistant Engineer,tuhinkhan970@gmail.com,tuhinkhan970@gmail.com,GMD-CUMILLA,"জিএমডি, কুমিল্লা","GMD, Cumilla",Cumilla,Feni 132/33 KV Grid Sub Station,GENERAL,ACTIVE,2026-2028,30
870,PGD-2026-0870,1556,DIP-2026-1556,4479,আতিকুর রহমান নাঈম,,উপ-সহকারী প্রকৌশলী,Sub-Assistant Engineer,atiknaiem110@gmail.com,atiknaiem110@gmail.com,GMD-FARIDPUR,"জিএমডি, ফরিদপুর","GMD, Faridpur",Dhaka,শরীয়তপুর ১৩২/৩৩ কেভি গ্রিড উপকেন্দ্র,GENERAL,ACTIVE,2026-2028,30
871,PGD-2026-0871,1535,DIP-2026-1535,4480,Saifur Rahman,Saifur Rahman,উপ-সহকারী প্রকৌশলী,Sub-Assistant Engineer,saifupgcb12@gmail.com,saifupgcb12@gmail.com,GMD-CTG-NORTH,"জিএমডি, চট্টগ্রাম (উত্তর)","GMD, Chattogram (North)",Chattogram,Mirsorai 230/33Kv grid SS,GENERAL,ACTIVE,2026-2028,31
872,PGD-2026-0872,1452,DIP-2026-1452,4483,Md. Salauddin Suman,Md. Salauddin Suman,উপ-সহকারী প্রকৌশলী,Sub-Assistant Engineer,suman.bdbsl@gmail.com,suman.bdbsl@gmail.com,GMD-FARIDPUR,"জিএমডি, ফরিদপুর","GMD, Faridpur",Dhaka,Gopalganj 400/230/132 Kv Grid sub-station,GENERAL,ACTIVE,2026-2028,31
873,PGD-2026-0873,1916,DIP-2026-1916,4484,মোঃ হাসান মল্লিক,,উপ-সহকারী প্রকৌশলী,Sub-Assistant Engineer,mdhasanmollik75@gmail.com,mdhasanmollik75@gmail.co m,GMD-BARISHAL,"জিএমডি, বরিশাল","GMD, Barishal",Barishal,বাকেরগঞ্জ ১৩২/৩৩ কেভি গ্রিড উপকেন্দ্র,GENERAL,ACTIVE,2026-2028,31
874,PGD-2026-0874,1754,DIP-2026-1754,4485,Md. Mokhlesur Rahman,Md. Mokhlesur Rahman,উপ-সহকারী প্রকৌশলী,Sub-Assistant Engineer,sae1.g2g@pgcb.gov.bd,sae1.g2g@pgcb.gov.bd,PROJECT-BRANCH,প্রকল্প শাখা,Project Branch,Headquarters / Projects,PGNS G2G Project,GENERAL,ACTIVE,2026-2028,31
875,PGD-2026-0875,1917,DIP-2026-1917,4487,Md. Manikul Islam,Md. Manikul Islam,উপ-সহকারী প্রকৌশলী,Sub-Assistant Engineer,manikulislam1221@gmail.com,manikulislam1221@gmail.co m,GMD-RANGPUR,"জিএমডি, রংপুর","GMD, Rangpur",Rangpur,Saidpur 132/33 kv grid s/s,GENERAL,ACTIVE,2026-2028,31
876,PGD-2026-0876,1634,DIP-2026-1634,4488,মোঃ নুরুল ইসলাম বিপ্লব,,উপ-সহকারী প্রকৌশলী,Sub-Assistant Engineer,nurulbiplobpf@gmail.com,nurulbiplobpf@gmail.com,GMD-CTG-NORTH,"জিএমডি, চট্টগ্রাম (উত্তর)","GMD, Chattogram (North)",Chattogram,হাটহাজারী ২৩০/১৩২/৩৩ কেভি গ্রিড সাব স্টেশন,GENERAL,ACTIVE,2026-2028,31
877,PGD-2026-0877,1918,DIP-2026-1918,4491,মো: ইমরান আলী,,উপ-সহকারী প্রকৌশলী,Sub-Assistant Engineer,imranali8583@gmail.com,imranali8583@gmail.com,GMD-DINAJPUR,"জিএমডি, দিনাজপুর","GMD, Dinajpur",Rangpur,পঞ্চগড় ১৩২/৩৩ কেভি গ্রিড উপকেন্দ্র,GENERAL,ACTIVE,2026-2028,31
878,PGD-2026-0878,1919,DIP-2026-1919,4493,মোঃ হেদায়েতুল ইসলাম,,উপ-সহকারী প্রকৌশলী,Sub-Assistant Engineer,hedayetuldpi@gmail.com,hedayetuldpi@gmail.com,PROJECT-BRANCH,প্রকল্প শাখা,Project Branch,Headquarters / Projects,৪০০কেভি জিএনডি প্রজেক্ট,GENERAL,ACTIVE,2026-2028,31
879,PGD-2026-0879,1778,DIP-2026-1778,4494,MD.Shahidul Islam,MD.Shahidul Islam,উপ-সহকারী প্রকৌশলী,Sub-Assistant Engineer,sishahid190990@gmail.com,Sishahid190990@gmail.com,GMD-CTG-NORTH,"জিএমডি, চট্টগ্রাম (উত্তর)","GMD, Chattogram (North)",Chattogram,Korerhat 400/230/132 KV GIS Grid Sub station,GENERAL,ACTIVE,2026-2028,31
880,PGD-2026-0880,1920,DIP-2026-1920,4495,মুজাহিদ বিল্লাহ,,উপ-সহকারী প্রকৌশলী,Sub-Assistant Engineer,mbillah.pgcb@gmail.com,mbillah.pgcb@gmail.com,GMD-MYMENSINGH,"জিএমডি, ময়মনসিংহ","GMD, Mymensingh",Mymensingh,নেত্রকোণা গ্রিড উপকেন্দ্র,GENERAL,ACTIVE,2026-2028,31
881,PGD-2026-0881,1440,DIP-2026-1440,4496,মোঃ রবিন মিয়া,,উপ-সহকারী প্রকৌশলী,Sub-Assistant Engineer,engr.mdrobin786@gmail.com,engr.mdrobin786@gmail.com,GMD-DHK-EAST,"জিএমডি, ঢাকা (পূর্ব)","GMD, Dhaka (East)",Dhaka,বাজিতপুর ১৩২/৩৩ কেভি এআইএস গ্রিড উপকেন্দ্র,GENERAL,ACTIVE,2026-2028,31
882,PGD-2026-0882,1441,DIP-2026-1441,4499,মোঃ শরীফুল আলম খান,,উপ-সহকারী প্রকৌশলী,Sub-Assistant Engineer,s.s.khan479@gmail.com,s.s.khan479@gmail.com,GMD-SRIMANGAL,"জিএমডি, শ্রীমঙ্গল","GMD, Srimangal",Sylhet,বিবিয়ানা ৪০০/২৩০ কেভি গ্রিড উপকেন্দ্র,GENERAL,ACTIVE,2026-2028,31
883,PGD-2026-0883,1746,DIP-2026-1746,4501,এস এম আনাচ রহমান,,উপ-সহকারী প্রকৌশলী,Sub-Assistant Engineer,anus.eee2018@gmail.com,anus.eee2018@gmail.com,PROJECT-BRANCH,প্রকল্প শাখা,Project Branch,Headquarters / Projects,জিটুজি প্রকল্প,GENERAL,ACTIVE,2026-2028,31
884,PGD-2026-0884,1529,DIP-2026-1529,4502,পিয়াস চাকমা,,উপ-সহকারী প্রকৌশলী,Sub-Assistant Engineer,pias.dhonio@gmail.com,pias.dhonio@gmail.com,GMD-CTG-NORTH,"জিএমডি, চট্টগ্রাম (উত্তর)","GMD, Chattogram (North)",Chattogram,খাগড়াছড়ি ১৩২/৩৩ কেভি গ্রিড উপকেন্দ্র,GENERAL,ACTIVE,2026-2028,31
885,PGD-2026-0885,1442,DIP-2026-1442,4503,Kazi Md. Anisul Islam,Kazi Md. Anisul Islam,উপ-সহকারী প্রকৌশলী,Sub-Assistant Engineer,kazi88anis@gmail.com,kazi88anis@gmail.com,GMD-CTG-NORTH,"জিএমডি, চট্টগ্রাম (উত্তর)","GMD, Chattogram (North)",Chattogram,সীতাকুণ্ড ১৩২/৩৩ কেভি গ্রিড উপকেন্দ্র,GENERAL,ACTIVE,2026-2028,31
886,PGD-2026-0886,1627,DIP-2026-1627,4504,"এস,এম আলী",,উপ-সহকারী প্রকৌশলী,Sub-Assistant Engineer,aliaahsan93@gmail.com,aliaahsan93@gmail.com,GMD-FARIDPUR,"জিএমডি, ফরিদপুর","GMD, Faridpur",Dhaka,শরীয়তপুর ১৩২/৩৩কেভি গ্রিড উপকেদ্র,GENERAL,ACTIVE,2026-2028,31
887,PGD-2026-0887,1369,DIP-2026-1369,4505,নূর মোহাম্মদ,,উপ-সহকারী প্রকৌশলী,Sub-Assistant Engineer,nurjoy347.nj@gmail.com,nurjoy347.nj@gmail.com,GMD-BOGURA,"জিএমডি, বগুড়া","GMD, Bogura",Rajshahi,Sherpur(Bogura)132/33kV Grid Sub-Station,GENERAL,ACTIVE,2026-2028,31
888,PGD-2026-0888,1921,DIP-2026-1921,4507,Clinton Rana Ghosh,Clinton Rana Ghosh,উপ-সহকারী প্রকৌশলী,Sub-Assistant Engineer,clintonrana2@gmail.com,Clintonrana2@gmail.com,GMD-CTG-NORTH,"জিএমডি, চট্টগ্রাম (উত্তর)","GMD, Chattogram (North)",Chattogram,Khagrachhari 132/33kv grid substation,GENERAL,ACTIVE,2026-2028,31
889,PGD-2026-0889,1922,DIP-2026-1922,4508,মো: শ্যামুয়েল ইসলাম,,উপ-সহকারী প্রকৌশলী,Sub-Assistant Engineer,shamual58@gmail.com,shamual58@gmail.com,GMD-RANGPUR,"জিএমডি, রংপুর","GMD, Rangpur",Rangpur,কুড়িগ্রাম ১৩২/৩৩ কেভি গ্রিড উপকেন্দ্র,GENERAL,ACTIVE,2026-2028,31
890,PGD-2026-0890,1498,DIP-2026-1498,4511,শরিফুল ইসলাম,,উপ-সহকারী প্রকৌশলী,Sub-Assistant Engineer,mdshorifulislam384@gmail.com,mdshorifulislam384@gmail.c om,GMD-SIRAJGANJ,"জিএমডি, সিরাজগঞ্জ","GMD, Sirajganj",Rajshahi,উল্লাপাড়া ১৩২/৩৩ কেভি গ্রিড উপকেন্দ্র।,GENERAL,ACTIVE,2026-2028,31
891,PGD-2026-0891,1523,DIP-2026-1523,4517,মোহাঃ বুলবুল আহমেদ,,উপ-সহকারী প্রকৌশলী,Sub-Assistant Engineer,mdbulbul353@gmail.com,mdbulbul353@gmail.com,GMD-BOGURA,"জিএমডি, বগুড়া","GMD, Bogura",Rajshahi,শেরপুর(বগুড়া) ১৩২/৩৩ কেভি গ্রিড উপকেন্দ্র,GENERAL,ACTIVE,2026-2028,31
892,PGD-2026-0892,1927,DIP-2026-1927,4520,মোঃ আবিদ হোসেন সৈকত,,উপ-সহকারী প্রকৌশলী,Sub-Assistant Engineer,abidhousin94@gmail.com,abidhousin94@gmail.com,GMD-DHK-NORTH,"জিএমডি, ঢাকা (উত্তর)","GMD, Dhaka (North)",Dhaka,Rajendrapur 132/33kV GIS Grid Sub-Station,GENERAL,ACTIVE,2026-2028,31
893,PGD-2026-0893,1777,DIP-2026-1777,4521,মোঃ আরশিল আজিম সরকার,,উপ-সহকারী প্রকৌশলী,Sub-Assistant Engineer,arcilazim@gmail.com,arcilazim@gmail,GMD-BOGURA,"জিএমডি, বগুড়া","GMD, Bogura",Rajshahi,মহাস্থানগড় ১৩২/৩৩ কেভি গ্রিড সাবস্টেশন,GENERAL,ACTIVE,2026-2028,31
894,PGD-2026-0894,1928,DIP-2026-1928,4522,শফিকুল ইসলাম,,উপ-সহকারী প্রকৌশলী,Sub-Assistant Engineer,shafiqulislameee2018@gmail.com,shafiqulislameee2018@gmail. com,GMD-RANGPUR,"জিএমডি, রংপুর","GMD, Rangpur",Rangpur,কুড়িগ্রাম ১৩২/৩৩ কেভি গ্রিড উপকেন্দ্র,GENERAL,ACTIVE,2026-2028,31
895,PGD-2026-0895,1540,DIP-2026-1540,4525,মোঃ হাসান মিয়া,,উপ-সহকারী প্রকৌশলী,Sub-Assistant Engineer,razahasan127@gmail.com,razahasan127@gmail.com,GMD-DHK-NORTH,"জিএমডি, ঢাকা (উত্তর)","GMD, Dhaka (North)",Dhaka,টঙ্গী ২৩০/১৩২/৩৩ কেভি গ্রিড উপকেন্দ্র,GENERAL,ACTIVE,2026-2028,31
896,PGD-2026-0896,1739,DIP-2026-1739,4527,আমেনা আক্তার,,উপ-সহকারী প্রকৌশলী,Sub-Assistant Engineer,amena.akter.pgcb2021@gmail.com,amena.akter.pgcb2021@gmai l.com,GMD-RANGPUR,"জিএমডি, রংপুর","GMD, Rangpur",Rangpur,মিঠাপুকুর ১৩২/৩৩ কেভি গ্রিড উপকেন্দ্র।,GENERAL,ACTIVE,2026-2028,31
897,PGD-2026-0897,1690,DIP-2026-1690,4528,মো: রায়হান,,উপ-সহকারী প্রকৌশলী,Sub-Assistant Engineer,rayhan6062@gmail.com,rayhan6062@gmail.com,GMD-CUMILLA,"জিএমডি, কুমিল্লা","GMD, Cumilla",Cumilla,কচুয়া ২৩০/১৩২/৩৩ কেভি জিয়াইএস গ্রিড উপকেন্দ্র।,GENERAL,ACTIVE,2026-2028,31
898,PGD-2026-0898,1469,DIP-2026-1469,4530,মো: রাব্বি হোসেন,,উপ-সহকারী প্রকৌশলী,Sub-Assistant Engineer,golamrabbi88r@gmail.com,golamrabbi88r@gmail.com,GMD-ISHWARDI,"জিএমডি, ঈশ্বরদী","GMD, Ishwardi",Rajshahi,রুপপুর ১৩২/১১কেভি গ্রিড উপকেন্দ্র,GENERAL,ACTIVE,2026-2028,31
899,PGD-2026-0899,1449,DIP-2026-1449,4531,তছলিমা আক্তার পলি,,উপ-সহকারী প্রকৌশলী,Sub-Assistant Engineer,taslimasohan@gmail.com,taslimasohan@gmail.com,GMD-SRIMANGAL,"জিএমডি, শ্রীমঙ্গল","GMD, Srimangal",Sylhet,"জিএমডি, সিলেট",GENERAL,ACTIVE,2026-2028,31
900,PGD-2026-0900,1450,DIP-2026-1450,4536,মো: বোরহান উদ্দিন,,উপ-সহকারী প্রকৌশলী,Sub-Assistant Engineer,mdborhantorun@gmail.com,mdborhantorun@gmail.com,GMD-JHENAIDAH,"জিএমডি, ঝিনাইদহ","GMD, Jhenaidah",Khulna,ঝিনাইদহ ১৩২/৩৩কেভি গ্রিড উপকেন্দ্রে।,GENERAL,ACTIVE,2026-2028,32
901,PGD-2026-0901,1462,DIP-2026-1462,4539,মোঃ আহসান হাবীব,,উপ-সহকারী প্রকৌশলী,Sub-Assistant Engineer,ahsanhabib718231@gmail.com,ahsanhabib718231@gmail.co m,GMD-ISHWARDI,"জিএমডি, ঈশ্বরদী","GMD, Ishwardi",Rajshahi,ভাঙ্গুড়া ১৩২/৩৩ কেভি গ্রিড সাব স্টেশন,GENERAL,ACTIVE,2026-2028,32
902,PGD-2026-0902,1756,DIP-2026-1756,4971,মোঃ হারুন অর রশিদ,,উপ-সহকারী প্রকৌশলী,Sub-Assistant Engineer,shohag152061@gmail.com,shohag152061@gmail.com,PROJECT-BRANCH,প্রকল্প শাখা,Project Branch,Headquarters / Projects,বগুড়া,GENERAL,ACTIVE,2026-2028,32
903,PGD-2026-0903,1932,DIP-2026-1932,4972,মো: মাহবুব আলম,,উপ-সহকারী প্রকৌশলী,Sub-Assistant Engineer,shahedmapi306@gmail.com,shahedmapi306@gmail.com,GMD-DHK-NORTH,"জিএমডি, ঢাকা (উত্তর)","GMD, Dhaka (North)",Dhaka,নিউ টঙ্গী ১৩২/৩৩কেভি গ্রিড উপকেন্দ্র।,GENERAL,ACTIVE,2026-2028,32
904,PGD-2026-0904,1757,DIP-2026-1757,4974,মারুফা ইয়াসমিন,,উপ-সহকারী প্রকৌশলী,Sub-Assistant Engineer,marufa.mpi2019@gmail.com,marufa.mpi2019@gmail.com,GMD-MYMENSINGH,"জিএমডি, ময়মনসিংহ","GMD, Mymensingh",Mymensingh,মুক্তাগাছা১৩২/৩৩ কেভি গ্রিড উপকেন্দ্র,GENERAL,ACTIVE,2026-2028,32
905,PGD-2026-0905,1933,DIP-2026-1933,4981,মো: শামীম হোসেন,,উপ-সহকারী প্রকৌশলী,Sub-Assistant Engineer,mdshameem04981@gmail.com,mdshameem04981@gmail.co m,PROJECT-BRANCH,প্রকল্প শাখা,Project Branch,Headquarters / Projects,ESPNER project,GENERAL,ACTIVE,2026-2028,32
906,PGD-2026-0906,1770,DIP-2026-1770,4986,মো: ফরহাদ হোসেন,,উপ-সহকারী প্রকৌশলী,Sub-Assistant Engineer,forhad9452@gmail.com,forhad9452@gmail.com,PROJECT-BRANCH,প্রকল্প শাখা,Project Branch,Headquarters / Projects,G2G project,GENERAL,ACTIVE,2026-2028,32
907,PGD-2026-0907,1579,DIP-2026-1579,4988,মোঃ হাসিবুর রহমান,,উপ-সহকারী প্রকৌশলী,Sub-Assistant Engineer,hrdipu81922411@gmail.com,hrdipu81922411@gmail.com,GMD-JHENAIDAH,"জিএমডি, ঝিনাইদহ","GMD, Jhenaidah",Khulna,ঝিনাইদহ ১৩২/৩৩ কেভি গ্রিড উপকেন্দ্র,GENERAL,ACTIVE,2026-2028,32
908,PGD-2026-0908,1940,DIP-2026-1940,4991,মোঃ সোহান বাবু,,উপ-সহকারী প্রকৌশলী,Sub-Assistant Engineer,sohan.pgcb@gmail.com,sohan.pgcb@gmail.com,PROJECT-BRANCH,প্রকল্প শাখা,Project Branch,Headquarters / Projects,প্রকল্প-২,GENERAL,ACTIVE,2026-2028,32
909,PGD-2026-0909,1585,DIP-2026-1585,4995,মো. সোহানুর রহমান,,উপ-সহকারী প্রকৌশলী,Sub-Assistant Engineer,sohanur49@gmail.com,sohanur49@gmail.com,GMD-JHENAIDAH,"জিএমডি, ঝিনাইদহ","GMD, Jhenaidah",Khulna,Jhenaidah 230/132kv Grid Substation,GENERAL,ACTIVE,2026-2028,32
910,PGD-2026-0910,1944,DIP-2026-1944,4999,মাসুদ রানা,,উপ-সহকারী প্রকৌশলী,Sub-Assistant Engineer,rana301882@gmail.com,rana301882@gmail.com,PROJECT-BRANCH,প্রকল্প শাখা,Project Branch,Headquarters / Projects,G2G project,GENERAL,ACTIVE,2026-2028,32
911,PGD-2026-0911,1637,DIP-2026-1637,5004,মাসুদ রানা,,উপ-সহকারী প্রকৌশলী,Sub-Assistant Engineer,rana.dxp@gmail.com,rana.dxp@gmail.com,GMD-CTG-CENTRAL,"জিএমডি, চট্টগ্রাম (সেন্ট্রাল)","GMD, Chattogram (Central)",Chattogram,আনন্দবাজার ১৩২/৩৩ কেভি জিআইএস গ্রিড উপকেন্দ্র,GENERAL,ACTIVE,2026-2028,32
912,PGD-2026-0912,1946,DIP-2026-1946,5009,স্বপন চন্দ্র রায়,,উপ-সহকারী প্রকৌশলী,Sub-Assistant Engineer,shapanroy79@gmail.com,shapanroy79@gmail.com,GMD-RANGPUR,"জিএমডি, রংপুর","GMD, Rangpur",Rangpur,জলঢাকা ১৩২/৩৩ কেভি গ্রিড উপকেন্দ্র।,GENERAL,ACTIVE,2026-2028,32
913,PGD-2026-0913,1667,DIP-2026-1667,5011,লাভলু হোসেন,,উপ-সহকারী প্রকৌশলী,Sub-Assistant Engineer,loveluhossen97@gmail.com,loveluhossen97@gmail,GMD-ISHWARDI,"জিএমডি, ঈশ্বরদী","GMD, Ishwardi",Rajshahi,বিআইপিটিসি,GENERAL,ACTIVE,2026-2028,32
914,PGD-2026-0914,1947,DIP-2026-1947,5012,কৌশিক মণ্ডল,,উপ-সহকারী প্রকৌশলী,Sub-Assistant Engineer,koushikduet80@gmail.com,koushikduet80@gmail.com,GMD-KHULNA,"জিএমডি, খুলনা","GMD, Khulna",Khulna,"১৩২/৩৩ কেভি মোংলা গ্রিড উপকেন্দ্র, মোংলা, বাগেরহাট।",GENERAL,ACTIVE,2026-2028,32
915,PGD-2026-0915,1948,DIP-2026-1948,5013,মো: মারুফ হোসেন,,উপ-সহকারী প্রকৌশলী,Sub-Assistant Engineer,marufhossain733764@gmail.com,marufhossain733764@gmail. com,PROJECT-BRANCH,প্রকল্প শাখা,Project Branch,Headquarters / Projects,পূর্বাঞ্চলীয় গ্রীড নেটওয়ার্কের পরিবর্ধন এবং ক্ষমতাবর্ধন প্রকল্প,GENERAL,ACTIVE,2026-2028,32
916,PGD-2026-0916,1521,DIP-2026-1521,5014,মোঃ আমিনুল ইসলাম,,উপ-সহকারী প্রকৌশলী,Sub-Assistant Engineer,aminulbd555@gmail.com,aminulbd555@gmail.com,GMD-BOGURA,"জিএমডি, বগুড়া","GMD, Bogura",Rajshahi,মহাস্থানগড় ১৩২/৩৩ কেভি গ্রিড উপকেন্দ্র,GENERAL,ACTIVE,2026-2028,32
917,PGD-2026-0917,1470,DIP-2026-1470,5017,মোঃ আবু তালেব,,উপ-সহকারী প্রকৌশলী,Sub-Assistant Engineer,gridbhangura@gmail.com,gridbhangura@gmail.com,GMD-ISHWARDI,"জিএমডি, ঈশ্বরদী","GMD, Ishwardi",Rajshahi,hangura 132/33 KV Grid Sub-Station,GENERAL,ACTIVE,2026-2028,32
918,PGD-2026-0918,1488,DIP-2026-1488,5018,Sonjib Debnath,Sonjib Debnath,উপ-সহকারী প্রকৌশলী,Sub-Assistant Engineer,sonjib77@gmail.com,sonjib77@gmail.com,GMD-SRIMANGAL,"জিএমডি, শ্রীমঙ্গল","GMD, Srimangal",Sylhet,Fenchuganj 230/132/33 KV grid substation,GENERAL,ACTIVE,2026-2028,32
919,PGD-2026-0919,1455,DIP-2026-1455,5021,খালেদ মাহমুদ,,উপ-সহকারী প্রকৌশলী,Sub-Assistant Engineer,khaledmahmud.pgcb@gmail.com,khaledmahmud.pgcb@gmail. com,GMD-CTG-SOUTH,"জিএমডি, চট্টগ্রাম (দক্ষিণ)","GMD, Chattogram (South)",Chattogram,মদুনাঘাট ২৩০/১৩২/৩৩ কেভি গ্রিড উপকেন্দ্র।,GENERAL,ACTIVE,2026-2028,32
920,PGD-2026-0920,1951,DIP-2026-1951,5022,আহসান হাবীব,,উপ-সহকারী প্রকৌশলী,Sub-Assistant Engineer,ahsan01719@gmail.com,ahsan01719@gmail.com,GMD-RAJSHAHI,"জিএমডি, রাজশাহী","GMD, Rajshahi",Rajshahi,আমনুরা ১৩২/৩৩ কেভি গ্রিড,GENERAL,ACTIVE,2026-2028,32
921,PGD-2026-0921,1955,DIP-2026-1955,5030,মোঃ কামরুল ইসলাম,,উপ-সহকারী প্রকৌশলী,Sub-Assistant Engineer,kamrul.eee.007@gmail.com,kamrul.eee.007@gmail.com,GMD-DHK-METRO,ঢাকা মহানগর,Dhaka Metropolitan,Dhaka,"এনওডি, এলডিসি,ঢাকা",GENERAL,ACTIVE,2026-2028,32
922,PGD-2026-0922,1741,DIP-2026-1741,5037,শরীফ আহমেদ,,উপ-সহকারী প্রকৌশলী,Sub-Assistant Engineer,sharif862017@gmail.com,sharif862017@gmail.com,GMD-DHK-NORTH,"জিএমডি, ঢাকা (উত্তর)","GMD, Dhaka (North)",Dhaka,কবিরপুর ১৩২/৩৩ কেভি গ্রিড উপকেন্দ্র,GENERAL,ACTIVE,2026-2028,32
923,PGD-2026-0923,1958,DIP-2026-1958,5041,মোঃ আব্দুস সালাম সরদার,,উপ-সহকারী প্রকৌশলী,Sub-Assistant Engineer,abdussalam6484@gmail.com,abdussalam6484@gmail.com,GMD-JHENAIDAH,"জিএমডি, ঝিনাইদহ","GMD, Jhenaidah",Khulna,মাগুরা ১৩২/৩৩ কেভি গ্রিড উপকেন্দ্র।,GENERAL,ACTIVE,2026-2028,32
924,PGD-2026-0924,1453,DIP-2026-1453,5044,রেজাউল করিম,,উপ-সহকারী প্রকৌশলী,Sub-Assistant Engineer,mmddemon4@gmail.com,mmddemon4@gmail.com,GMD-CTG-SOUTH,"জিএমডি, চট্টগ্রাম (দক্ষিণ)","GMD, Chattogram (South)",Chattogram,চন্দ্রঘোনা ১৩২/৩৩ কেভি গ্রিড উপকেন্দ্র,GENERAL,ACTIVE,2026-2028,32
925,PGD-2026-0925,1960,DIP-2026-1960,5048,এজাজ আহমেদ,,উপ-সহকারী প্রকৌশলী,Sub-Assistant Engineer,azazpgcb22@gmail.com,azazpgcb22@gmail.com,GMD-DHK-EAST,"জিএমডি, ঢাকা (পূর্ব)","GMD, Dhaka (East)",Dhaka,"মেঘনাঘাট ৪০০/২৩০ কেভি গ্রীড উপকেন্দ্র, গ্রিড সার্কেল, ঢাকা দক্ষিণ",GENERAL,ACTIVE,2026-2028,32
926,PGD-2026-0926,1771,DIP-2026-1771,5050,মোঃ মিজান হোসেন,,উপ-সহকারী প্রকৌশলী,Sub-Assistant Engineer,md.mizan.pgcb@gmail.com,md.mizan.pgcb@gmail.com,PROJECT-BRANCH,প্রকল্প শাখা,Project Branch,Headquarters / Projects,পিজিএনএস (জিটুজি) প্রকল্প।,GENERAL,ACTIVE,2026-2028,32
927,PGD-2026-0927,1675,DIP-2026-1675,5052,মোঃ উজ্জ্বল হোসেন,,উপ-সহকারী প্রকৌশলী,Sub-Assistant Engineer,mdujjalhossain444@gmail.com,mdujjalhossain444@gmail.co m,GMD-DHK-NORTH,"জিএমডি, ঢাকা (উত্তর)","GMD, Dhaka (North)",Dhaka,মির্জাপুর ১৩২/৩৩ কেভি জিআইএস গ্রিড উপকেন্দ্র,GENERAL,ACTIVE,2026-2028,32
928,PGD-2026-0928,1477,DIP-2026-1477,5054,মোঃ মাসুম হোসেন,,উপ-সহকারী প্রকৌশলী,Sub-Assistant Engineer,hossain12378@gmail.com,hossain12378@gmail.com,GMD-DHK-NORTH,"জিএমডি, ঢাকা (উত্তর)","GMD, Dhaka (North)",Dhaka,টঙ্গী 230 কেভি সুপার গ্রিড,GENERAL,ACTIVE,2026-2028,32
929,PGD-2026-0929,1962,DIP-2026-1962,5055,মো: আব্দুস সালাম,,উপ-সহকারী প্রকৌশলী,Sub-Assistant Engineer,abdussalampowergrid@gmail.com,abdussalampowergrid@gmail .com,PROJECT-BRANCH,প্রকল্প শাখা,Project Branch,Headquarters / Projects,পিজিএনএস (জিটুজি) প্রকল্প,GENERAL,ACTIVE,2026-2028,33
930,PGD-2026-0930,1760,DIP-2026-1760,5057,মোঃ আব্দুর রহিম,,উপ-সহকারী প্রকৌশলী,Sub-Assistant Engineer,mrabdur138@gmail.com,mrabdur138@gmail.com,GMD-RAJSHAHI,"জিএমডি, রাজশাহী","GMD, Rajshahi",Rajshahi,রহনপুর (চৌডালা) ১৩২/৩৩ কেভি গ্রিড উপকেন্দ্র,GENERAL,ACTIVE,2026-2028,33
931,PGD-2026-0931,1963,DIP-2026-1963,5058,দূর্জয় চন্দ্র রায়,,উপ-সহকারী প্রকৌশলী,Sub-Assistant Engineer,roy.durjoy1996@gmail.com,roy.durjoy1996@gmail,GMD-DINAJPUR,"জিএমডি, দিনাজপুর","GMD, Dinajpur",Rangpur,"পূর্বসাদিপুর ২৩০/১৩২/৩৩ কেভি গ্রিড উপকেন্দ্র,দিনাজপুর",GENERAL,ACTIVE,2026-2028,33
932,PGD-2026-0932,1761,DIP-2026-1761,5059,মো: জাহিদ হাসান,,উপ-সহকারী প্রকৌশলী,Sub-Assistant Engineer,jahidhasaneee71@gmail.com,jahidhasaneee71@gmail.com,GMD-DINAJPUR,"জিএমডি, দিনাজপুর","GMD, Dinajpur",Rangpur,"ঠাকুরগাঁও ১৩২/৩৩ কেভি গ্রিড উপকেন্দ্র, ঠাকুরগাঁও।",GENERAL,ACTIVE,2026-2028,33
933,PGD-2026-0933,1964,DIP-2026-1964,5060,মোঃ রকি হোসেন,,উপ-সহকারী প্রকৌশলী,Sub-Assistant Engineer,mdrokyhossain2244@gmail.com,mdrokyhossain2244@gmail.c om,PROJECT-BRANCH,প্রকল্প শাখা,Project Branch,Headquarters / Projects,বড়পুকুরিয়া-বগুরা-কালিয়াকৈর ৪০০ কেভি লাইন প্রকল্প।,GENERAL,ACTIVE,2026-2028,33
934,PGD-2026-0934,1479,DIP-2026-1479,5061,মিজানুর রহমান,,উপ-সহকারী প্রকৌশলী,Sub-Assistant Engineer,mijanur1917@gmail.com,mijanur1917@gmail.com,GMD-SRIMANGAL,"জিএমডি, শ্রীমঙ্গল","GMD, Srimangal",Sylhet,শ্রীমঙ্গল ১৩২/৩৩ কেভি গ্রিড উপকেন্দ্র,GENERAL,ACTIVE,2026-2028,33
935,PGD-2026-0935,1968,DIP-2026-1968,5066,মোঃ রুস্তম আলী,,উপ-সহকারী প্রকৌশলী,Sub-Assistant Engineer,mdrostamali32@gmail.com,mdrostamali32@gmail.com,PROJECT-BRANCH,প্রকল্প শাখা,Project Branch,Headquarters / Projects,PGNS(G2G) project,GENERAL,ACTIVE,2026-2028,33
936,PGD-2026-0936,1970,DIP-2026-1970,5072,মোঃ কামরুজ্জামান,,উপ-সহকারী প্রকৌশলী,Sub-Assistant Engineer,mdkamruzzamank69@gmail.com,mdkamruzzamank69@gmail. com,GMD-RAJSHAHI,"জিএমডি, রাজশাহী","GMD, Rajshahi",Rajshahi,Potnitola 132/33kv grid sub station,GENERAL,ACTIVE,2026-2028,33
937,PGD-2026-0937,1810,DIP-2026-1810,5073,Md.Abdul kaium,Md.Abdul kaium,উপ-সহকারী প্রকৌশলী,Sub-Assistant Engineer,kaium940080@gmail.com,Kaium940080@gmail,PROJECT-BRANCH,প্রকল্প শাখা,Project Branch,Headquarters / Projects,Dhaka,GENERAL,ACTIVE,2026-2028,33
938,PGD-2026-0938,1528,DIP-2026-1528,5076,সেজাদুল ইসলাম,,উপ-সহকারী প্রকৌশলী,Sub-Assistant Engineer,shejadulislam02@gmail.com,shejadulislam02@gmail.com,GMD-CUMILLA,"জিএমডি, কুমিল্লা","GMD, Cumilla",Cumilla,ফেনী ২৩০/১৩২কেভি জিআইএস গ্রিড উপকেন্দ্র,GENERAL,ACTIVE,2026-2028,33
939,PGD-2026-0939,1724,DIP-2026-1724,5077,মোঃ সোহেল রানা,,উপ-সহকারী প্রকৌশলী,Sub-Assistant Engineer,sohelpgcb22@gmail.com,sohelpgcb22@gmail.com,GMD-BOGURA,"জিএমডি, বগুড়া","GMD, Bogura",Rajshahi,শেরপুর (বগুড়া)১৩২/৩৩ কেভি গ্রিড উপকেন্দ্র,GENERAL,ACTIVE,2026-2028,33
940,PGD-2026-0940,1743,DIP-2026-1743,5079,মোঃ জাহিদ হাসান,,উপ-সহকারী প্রকৌশলী,Sub-Assistant Engineer,zahidhasan25274@gmail.com,zahidhasan25274@gmail.com,GMD-SIRAJGANJ,"জিএমডি, সিরাজগঞ্জ","GMD, Sirajganj",Rajshahi,শাহজাদপুর ১৩২/৩৩ কেভি গ্রিড উপকেন্দ্র,GENERAL,ACTIVE,2026-2028,33
941,PGD-2026-0941,1669,DIP-2026-1669,5082,আল আমিন,,উপ-সহকারী প্রকৌশলী,Sub-Assistant Engineer,mdalaminpgcb@gmail.com,mdalaminpgcb@gmail.com,GMD-BARISHAL,"জিএমডি, বরিশাল","GMD, Barishal",Barishal,পায়রা ৪০০/১৩২/৩৩ কেভি গ্রিড উপকেন্দ্র,GENERAL,ACTIVE,2026-2028,33
942,PGD-2026-0942,1972,DIP-2026-1972,5085,মোঃ জাকির হোসেন,,উপ-সহকারী প্রকৌশলী,Sub-Assistant Engineer,jakirhosain840@gmail.com,jakirhosain840@gmail.com,GMD-ISHWARDI,"জিএমডি, ঈশ্বরদী","GMD, Ishwardi",Rajshahi,Ishwardi 230/132/33 kv Grid S/S,GENERAL,ACTIVE,2026-2028,33
943,PGD-2026-0943,1658,DIP-2026-1658,5087,তাপস চন্দ্র রায়,,উপ-সহকারী প্রকৌশলী,Sub-Assistant Engineer,tapos1928@gmail.com,tapos1928@gmail.com,GMD-DHK-METRO,ঢাকা মহানগর,Dhaka Metropolitan,Dhaka,শ্যামপুর ২৩০/১৩২ কেভি গ্রিড উপকেন্দ্র,GENERAL,ACTIVE,2026-2028,33
944,PGD-2026-0944,1765,DIP-2026-1765,5088,হিরন্নাহার,,উপ-সহকারী প্রকৌশলী,Sub-Assistant Engineer,heronnaherhera@gmail.com,heronnaherhera@gmail.com,GMD-DHK-METRO,ঢাকা মহানগর,Dhaka Metropolitan,Dhaka,মানিকনগর ২৩০/১৩২ কেভি গ্রিড,GENERAL,ACTIVE,2026-2028,33
945,PGD-2026-0945,1975,DIP-2026-1975,5094,এনামুল হক,,উপ-সহকারী প্রকৌশলী,Sub-Assistant Engineer,capt.anamulhaque2222@gmail.com,capt.anamulhaque2222@gm ail.com,GMD-ISHWARDI,"জিএমডি, ঈশ্বরদী","GMD, Ishwardi",Rajshahi,230/132/33 কেভি ঈশ্বরদী গ্রীড সাব স্টেশন,GENERAL,ACTIVE,2026-2028,33
946,PGD-2026-0946,1976,DIP-2026-1976,5096,কে এম সোহরাব,,উপ-সহকারী প্রকৌশলী,Sub-Assistant Engineer,soharab.km@gmail.com,soharab.km@gmail.com,GMD-RAJSHAHI,"জিএমডি, রাজশাহী","GMD, Rajshahi",Rajshahi,রহনপুর ১৩২/৩৩ কেভি গ্রিড উপকেন্দ্র,GENERAL,ACTIVE,2026-2028,33
947,PGD-2026-0947,1481,DIP-2026-1481,5097,ইমামুল হাসান,,উপ-সহকারী প্রকৌশলী,Sub-Assistant Engineer,ehsifat764673@gmail.com,ehsifat764673@gmail.com,GMD-CTG-NORTH,"জিএমডি, চট্টগ্রাম (উত্তর)","GMD, Chattogram (North)",Chattogram,"ALDC Chittagong, LDC Dhaka.",GENERAL,ACTIVE,2026-2028,33
948,PGD-2026-0948,1490,DIP-2026-1490,5098,মোঃ আলম মিয়া,,উপ-সহকারী প্রকৌশলী,Sub-Assistant Engineer,mdalammiah200@gmail.com,mdalammiah200@gmail.com,GMD-DHK-NORTH,"জিএমডি, ঢাকা (উত্তর)","GMD, Dhaka (North)",Dhaka,পূবাইল ১৩২/৩৩ কেভি গ্রিড উপকেন্দ্র,GENERAL,ACTIVE,2026-2028,33
949,PGD-2026-0949,1608,DIP-2026-1608,5101,সাগর হালদার,,উপ-সহকারী প্রকৌশলী,Sub-Assistant Engineer,sagorhalder001@gmail.com,sagorhalder001@gmail.com,GMD-DHK-METRO,ঢাকা মহানগর,Dhaka Metropolitan,Dhaka,সাভার ১৩২/৩৩কেভি গ্রিড উপকেন্দ্র,GENERAL,ACTIVE,2026-2028,33
950,PGD-2026-0950,1977,DIP-2026-1977,5102,মো: অবাইদুল হক,,উপ-সহকারী প্রকৌশলী,Sub-Assistant Engineer,obaidul.pgcb@gmail.com,Obaidul.pgcb@gmail,GMD-RAJSHAHI,"জিএমডি, রাজশাহী","GMD, Rajshahi",Rajshahi,আমনুরা ১৩২/৩৩ কেভি গ্রিড উপকেন্দ্র,GENERAL,ACTIVE,2026-2028,33
951,PGD-2026-0951,1978,DIP-2026-1978,5103,সাদী মোহাম্মদ,,উপ-সহকারী প্রকৌশলী,Sub-Assistant Engineer,sadimohammad15@gmail.com,sadimohammad15@gmail.co m,GMD-JHENAIDAH,"জিএমডি, ঝিনাইদহ","GMD, Jhenaidah",Khulna,মাগুরা ১৩২/৩৩কেভি গ্রিড উপকেন্দ্র,GENERAL,ACTIVE,2026-2028,33
952,PGD-2026-0952,1692,DIP-2026-1692,5107,মোঃ সজিব হাসান সাগর,,উপ-সহকারী প্রকৌশলী,Sub-Assistant Engineer,sajib10hasan@gmail.com,sajib10hasan@gmail.com,GMD-DHK-NORTH,"জিএমডি, ঢাকা (উত্তর)","GMD, Dhaka (North)",Dhaka,শ্রীপুর ২৩০/১৩২/৩৩ কেভি AIS গ্রিড সাবস্টেশন,GENERAL,ACTIVE,2026-2028,33
953,PGD-2026-0953,1680,DIP-2026-1680,5108,মো:আলহাজ উদ্দিন,,উপ-সহকারী প্রকৌশলী,Sub-Assistant Engineer,mdalhajuddinet@gmail.com,mdalhajuddinet@gmail,GMD-ISHWARDI,"জিএমডি, ঈশ্বরদী","GMD, Ishwardi",Rajshahi,ভাঙ্গুড়া১৩২/৩৩ কেভি গ্রিড উপকেন্দ্র,GENERAL,ACTIVE,2026-2028,33
954,PGD-2026-0954,1491,DIP-2026-1491,5110,মো: সাগর হোসেন,,উপ-সহকারী প্রকৌশলী,Sub-Assistant Engineer,mdsagorhossain095@gmail.com,mdsagorhossain095@gmail.c om,GMD-DHK-EAST,"জিএমডি, ঢাকা (পূর্ব)","GMD, Dhaka (East)",Dhaka,"ভুলতা ১৩২/৩৩ কেভি গ্রিড উপকেন্দ্র, জিএমডি নরসিংদী",GENERAL,ACTIVE,2026-2028,33
955,PGD-2026-0955,1483,DIP-2026-1483,5114,সোহেল রানা,,উপ-সহকারী প্রকৌশলী,Sub-Assistant Engineer,sohel764697et@gmail.com,sohel764697et@gmail.com,GMD-MYMENSINGH,"জিএমডি, ময়মনসিংহ","GMD, Mymensingh",Mymensingh,কিশোরগঞ্জ ১৩২/৩৩ কেভি গ্রিড উপকেন্দ্র,GENERAL,ACTIVE,2026-2028,33
956,PGD-2026-0956,1764,DIP-2026-1764,5116,মেঃ তৌফিকুর রহমান,,উপ-সহকারী প্রকৌশলী,Sub-Assistant Engineer,toufiqurtr@gmail.com,toufiqurtr@gmail.com,GMD-SIRAJGANJ,"জিএমডি, সিরাজগঞ্জ","GMD, Sirajganj",Rajshahi,সিরাজগঞ্জ ২৩০ কেভি সুইচিং স্টেশন,GENERAL,ACTIVE,2026-2028,33
957,PGD-2026-0957,1555,DIP-2026-1555,5117,রইচ মোল্লা,,উপ-সহকারী প্রকৌশলী,Sub-Assistant Engineer,roichm96@gmail.com,roichm96@gmail.com,GMD-ISHWARDI,"জিএমডি, ঈশ্বরদী","GMD, Ishwardi",Rajshahi,কুষ্টিয়া ১৩২/৩৩ কেভি গ্রিড উপকেন্দ্র।,GENERAL,ACTIVE,2026-2028,33
958,PGD-2026-0958,1750,DIP-2026-1750,5118,মো: মাহফুজুল হক,,উপ-সহকারী প্রকৌশলী,Sub-Assistant Engineer,md.mahfuz.bd71@gmail.com,md.mahfuz.bd71@gmail.com,GMD-DHK-METRO,ঢাকা মহানগর,Dhaka Metropolitan,Dhaka,শ্রীনগর ১৩২/৩৩ কেভি গ্রিড উপকেন্দ্র,GENERAL,ACTIVE,2026-2028,34
959,PGD-2026-0959,1471,DIP-2026-1471,5121,মো: রাশিদুল ইসলাম,,উপ-সহকারী প্রকৌশলী,Sub-Assistant Engineer,rashidul.bd123@gmail.com,rashidul.bd123@gmail.com,GMD-ISHWARDI,"জিএমডি, ঈশ্বরদী","GMD, Ishwardi",Rajshahi,কুষ্টিয়া ১৩২/৩৩ কেভি গ্রিড,GENERAL,ACTIVE,2026-2028,34
960,PGD-2026-0960,1723,DIP-2026-1723,5124,মোঃ সাদিম ইসলাম সিজার,,উপ-সহকারী প্রকৌশলী,Sub-Assistant Engineer,sadimsijar@gmail.com,sadimsijar@gmail.com,GMD-RAJSHAHI,"জিএমডি, রাজশাহী","GMD, Rajshahi",Rajshahi,রহনপুর ১৩২/৩৩ কেভি গ্রিড উপকেন্দ্র,GENERAL,ACTIVE,2026-2028,34
961,PGD-2026-0961,1628,DIP-2026-1628,5126,মোহাম্মদ মেহেদী হাসান সম্রাট,,উপ-সহকারী প্রকৌশলী,Sub-Assistant Engineer,mhsomrat012@gmail.com,mhsomrat012@gmail.com,GMD-CTG-CENTRAL,"জিএমডি, চট্টগ্রাম (সেন্ট্রাল)","GMD, Chattogram (Central)",Chattogram,শাহমিরপুর ১৩২/৩৩কেভি গ্রিড উপকেন্দ্র।,GENERAL,ACTIVE,2026-2028,34
962,PGD-2026-0962,1728,DIP-2026-1728,5127,মোছা: জবা খাতুন,,উপ-সহকারী প্রকৌশলী,Sub-Assistant Engineer,jaba.eee2018@gmail.com,jaba.eee2018@gmail.com,GMD-DHK-METRO,ঢাকা মহানগর,Dhaka Metropolitan,Dhaka,গুলশান ১৩২/৩৩ কেভি জি আইএস উপকেন্দ্র,GENERAL,ACTIVE,2026-2028,34
963,PGD-2026-0963,1615,DIP-2026-1615,5128,মাসুদ রানা,,উপ-সহকারী প্রকৌশলী,Sub-Assistant Engineer,masudranaet.fpi@gmail.com,masudranaet.fpi@gmail.com,GMD-DHK-NORTH,"জিএমডি, ঢাকা (উত্তর)","GMD, Dhaka (North)",Dhaka,ধামরাই ১৩২/৩৩ কেভি গ্রিড উপকেন্দ্র।,GENERAL,ACTIVE,2026-2028,34
964,PGD-2026-0964,1533,DIP-2026-1533,5129,শিমুল হোসেন,,উপ-সহকারী প্রকৌশলী,Sub-Assistant Engineer,shemuleee36@gmail.com,Shemuleee36@gmail.com,GMD-ISHWARDI,"জিএমডি, ঈশ্বরদী","GMD, Ishwardi",Rajshahi,রুপপুর ১৩২/১১ কেভি গ্রিড উপকেন্দ্র,GENERAL,ACTIVE,2026-2028,34
965,PGD-2026-0965,1984,DIP-2026-1984,5137,মোঃ শাহ আজাদ মামুন,,উপ-সহকারী প্রকৌশলী,Sub-Assistant Engineer,shaazadmamun07@gmail.com,shaazadmamun07@gmail,GMD-RANGPUR,"জিএমডি, রংপুর","GMD, Rangpur",Rangpur,সৈয়দপুর ১৩২/৩৩ কেভি গ্রিড উপকেন্দ্র,GENERAL,ACTIVE,2026-2028,34
966,PGD-2026-0966,1625,DIP-2026-1625,5141,মোহাম্মদ আরেফিন রহমান,,উপ-সহকারী প্রকৌশলী,Sub-Assistant Engineer,arafin.rahman73@gmail.com,arafin.rahman73@gmail.com,GMD-CTG-SOUTH,"জিএমডি, চট্টগ্রাম (দক্ষিণ)","GMD, Chattogram (South)",Chattogram,মদুনাঘাট ৪০০/২৩০ কেভি জিআইএস গ্রিড উপকেন্দ্র,GENERAL,ACTIVE,2026-2028,34
967,PGD-2026-0967,1486,DIP-2026-1486,5142,মোঃ তরিকুল ইসলাম,,উপ-সহকারী প্রকৌশলী,Sub-Assistant Engineer,toriqul.et@gmail.com,toriqul.et@gmail.com,GMD-SRIMANGAL,"জিএমডি, শ্রীমঙ্গল","GMD, Srimangal",Sylhet,বিবিয়ানা ৪০০/২৩০ কেভি গ্রিড উপকেন্দ্র,GENERAL,ACTIVE,2026-2028,34
968,PGD-2026-0968,1458,DIP-2026-1458,5145,সুমন সরকার,,উপ-সহকারী প্রকৌশলী,Sub-Assistant Engineer,sumonmpiet@gmail.com,sumonmpiet@gmail.com,GMD-DHK-EAST,"জিএমডি, ঢাকা (পূর্ব)","GMD, Dhaka (East)",Dhaka,"মেঘনাঘাট ২৩০ কেভি গ্রিড উপকেন্দ্র, মেঘনাঘাট",GENERAL,ACTIVE,2026-2028,34
969,PGD-2026-0969,1531,DIP-2026-1531,5148,মো: শাহজাহান,,উপ-সহকারী প্রকৌশলী,Sub-Assistant Engineer,1997mdshajahanfpi@gmail.com,1997mdshajahanfpi@gmail.c om,GMD-CTG-NORTH,"জিএমডি, চট্টগ্রাম (উত্তর)","GMD, Chattogram (North)",Chattogram,জিপিএইচ ২৩০ কেভি গ্রিড উপকেন্দ্র,GENERAL,ACTIVE,2026-2028,34
970,PGD-2026-0970,1682,DIP-2026-1682,5149,মোঃ মনিরুজ্জামান,,উপ-সহকারী প্রকৌশলী,Sub-Assistant Engineer,monirujjaman.eee32@gmail.com,monirujjaman.eee32@gmail. com,GMD-MYMENSINGH,"জিএমডি, ময়মনসিংহ","GMD, Mymensingh",Mymensingh,"শেরপুর গ্রিড উপকেন্দ্র, শেরপুর।",GENERAL,ACTIVE,2026-2028,34
971,PGD-2026-0971,1986,DIP-2026-1986,5151,মোঃ বোরহানুল ইসলাম,,উপ-সহকারী প্রকৌশলী,Sub-Assistant Engineer,rashed67.mbi@gmail.com,rashed67.mbi@gmail.com,GMD-BOGURA,"জিএমডি, বগুড়া","GMD, Bogura",Rajshahi,জয়পুরহাট ১৩২/৩৩ কেভি গ্রিড উপকেন্দ্র,GENERAL,ACTIVE,2026-2028,34
972,PGD-2026-0972,1987,DIP-2026-1987,5153,মোঃ রাসেল চৌধুরী,,উপ-সহকারী প্রকৌশলী,Sub-Assistant Engineer,raselraj72735@gmail.com,raselraj72735@gmail.com,GMD-DHK-METRO,ঢাকা মহানগর,Dhaka Metropolitan,Dhaka,হাসনাবাদ ১৩২/৩৩কেভি গ্রিড উপকেন্দ্র,GENERAL,ACTIVE,2026-2028,34
973,PGD-2026-0973,1827,DIP-2026-1827,5154,মোঃ রুহুল আমিন,,উপ-সহকারী প্রকৌশলী,Sub-Assistant Engineer,mruhul4@gmail.com,MRuhul4@gmail.com,GMD-JHENAIDAH,"জিএমডি, ঝিনাইদহ","GMD, Jhenaidah",Khulna,যশোর ১৩২/৩৩কেভি গ্রিড উপকেন্দ্র,GENERAL,ACTIVE,2026-2028,34
974,PGD-2026-0974,1988,DIP-2026-1988,5155,হুমায়ূন আহমেদ,,উপ-সহকারী প্রকৌশলী,Sub-Assistant Engineer,humayunahmed0000@gmail.com,humayunahmed0000@gmail. com,GMD-FARIDPUR,"জিএমডি, ফরিদপুর","GMD, Faridpur",Dhaka,Gopalgonj 132/33kV S/S,GENERAL,ACTIVE,2026-2028,34
975,PGD-2026-0975,1548,DIP-2026-1548,5157,মোঃ তাইজুল ইসলাম,,উপ-সহকারী প্রকৌশলী,Sub-Assistant Engineer,taijulbsl@gmail.com,taijulbsl@gmail.com,GMD-BARISHAL,"জিএমডি, বরিশাল","GMD, Barishal",Barishal,"ভান্ডারিয়া ১৩২/৩৩ কেভি গ্রিড, জিএমডি, বরিশাল।",GENERAL,ACTIVE,2026-2028,34
976,PGD-2026-0976,1537,DIP-2026-1537,5158,রাহিমা আক্তার,,উপ-সহকারী প্রকৌশলী,Sub-Assistant Engineer,rahimaislam5544@gmail.com,rahimaislam@5544,GMD-DHK-NORTH,"জিএমডি, ঢাকা (উত্তর)","GMD, Dhaka (North)",Dhaka,Bhaluka 132/33KV Grid Substation,GENERAL,ACTIVE,2026-2028,34
977,PGD-2026-0977,1991,DIP-2026-1991,5184,মোঃ মনিরুজ্জামান,,উপ-সহকারী প্রকৌশলী,Sub-Assistant Engineer,mmmonirnk@gmail.com,mmmonirnk@gmail.com,GMD-RAJSHAHI,"জিএমডি, রাজশাহী","GMD, Rajshahi",Rajshahi,নাটোর ১৩২/৩৩ কেভি গ্রিড উপকেন্দ্র,GENERAL,ACTIVE,2026-2028,34
978,PGD-2026-0978,1219,DIP-2026-1219,5185,মোঃ জোবায়ের বক্স সাগর,,উপ-সহকারী প্রকৌশলী,Sub-Assistant Engineer,mdjubairsagar@gmail.com,mdjubairsagar@gmail.com,GMD-CTG-CENTRAL,"জিএমডি, চট্টগ্রাম (সেন্ট্রাল)","GMD, Chattogram (Central)",Chattogram,কালুরঘাট ১৩২/৩৩ কেভি উপকেন্দ্র,GENERAL,ACTIVE,2026-2028,34
979,PGD-2026-0979,1697,DIP-2026-1697,5191,মো: আ: আলীম,,উপ-সহকারী প্রকৌশলী,Sub-Assistant Engineer,alim4bd@gmail.com,alim4bd@gmail.com,GMD-KHULNA,"জিএমডি, খুলনা","GMD, Khulna",Khulna,১৩২/৩৩ কেভি বেনাপোল গ্রিড উপকেন্দ্র,GENERAL,ACTIVE,2026-2028,34
980,PGD-2026-0980,1487,DIP-2026-1487,5193,মোঃ নাঈম ইসলাম,,উপ-সহকারী প্রকৌশলী,Sub-Assistant Engineer,nayeemur23@gmail.com,nayeemur23@gmail.com,GMD-SRIMANGAL,"জিএমডি, শ্রীমঙ্গল","GMD, Srimangal",Sylhet,"ফেঞ্চুগঞ্জ ২৩০/১৩২/৩৩ কেভি গ্রিড উপকেন্দ্র, জিএমডি-সিলেট",GENERAL,ACTIVE,2026-2028,34
981,PGD-2026-0981,1792,DIP-2026-1792,5195,আব্বাস আলী,,উপ-সহকারী প্রকৌশলী,Sub-Assistant Engineer,abbashydrology321@gmail.com,abbashydrology321@gmail,PROJECT-BRANCH,প্রকল্প শাখা,Project Branch,Headquarters / Projects,ভোলা,GENERAL,ACTIVE,2026-2028,34
982,PGD-2026-0982,1993,DIP-2026-1993,5204,মোছা: তাবাচ্ছুম খাতুন,,উপ-সহকারী প্রকৌশলী,Sub-Assistant Engineer,tabassuming969@gmail.com,tabassuming969@gmail.com,GMD-ISHWARDI,"জিএমডি, ঈশ্বরদী","GMD, Ishwardi",Rajshahi,পাবনা ১৩২/৩৩ কেভি গ্রিড উপকেন্দ্র,GENERAL,ACTIVE,2026-2028,34
983,PGD-2026-0983,1997,DIP-2026-1997,5581,মোঃ সাইদুল ইসলাম,,উপ-সহকারী প্রকৌশলী,Sub-Assistant Engineer,saydulislamnibir@gmail.com,saydulislamnibir@gmail.com,GMD-DHK-EAST,"জিএমডি, ঢাকা (পূর্ব)","GMD, Dhaka (East)",Dhaka,"সোনারগাঁও ১৩২/৩৩ কেভি গ্রিড উপকেন্দ্র, নারায়ণগঞ্জ",GENERAL,ACTIVE,2026-2028,34
984,PGD-2026-0984,2000,DIP-2026-2000,5585,মোঃ সফিকুল ইসলাম,,উপ-সহকারী প্রকৌশলী,Sub-Assistant Engineer,sofiqulislam801089@gmail.com,Sofiqulislam801089@gmail.c om,GMD-RAJSHAHI,"জিএমডি, রাজশাহী","GMD, Rajshahi",Rajshahi,Rajshahi 230/132/33 kv grid substation,GENERAL,ACTIVE,2026-2028,34
985,PGD-2026-0985,2002,DIP-2026-2002,5587,মোঃ তৈয়বুর রহমান,,উপ-সহকারী প্রকৌশলী,Sub-Assistant Engineer,rtoyobur@gmail.com,rtoyobur@gmail.com,GMD-RAJSHAHI,"জিএমডি, রাজশাহী","GMD, Rajshahi",Rajshahi,রহনপুর ৪০০/১৩২ কেভি জিআইএস উপকেন্দ্র,GENERAL,ACTIVE,2026-2028,34
986,PGD-2026-0986,2005,DIP-2026-2005,5590,মো. ইমাম হাসান,,উপ-সহকারী প্রকৌশলী,Sub-Assistant Engineer,ihraihan23@gmail.com,ihraihan23@gmail.com,GMD-KHULNA,"জিএমডি, খুলনা","GMD, Khulna",Khulna,নড়াইল ১৩২/৩৩ কেভি গ্রিড উপকেন্দ্র,GENERAL,ACTIVE,2026-2028,34
987,PGD-2026-0987,2006,DIP-2026-2006,5592,আহমেদ আলী,,উপ-সহকারী প্রকৌশলী,Sub-Assistant Engineer,mrali251199@gmail.com,mrali251199@gmail.com,GMD-SRIMANGAL,"জিএমডি, শ্রীমঙ্গল","GMD, Srimangal",Sylhet,সিলেট দক্ষিণ ১৩২/৩৩কেভি জিআইএস গ্রীড উপকেন্দ্র,GENERAL,ACTIVE,2026-2028,35
988,PGD-2026-0988,2007,DIP-2026-2007,5593,মোঃ সাব্বির হোসাইন,,উপ-সহকারী প্রকৌশলী,Sub-Assistant Engineer,sabbirhossaineee1995@gmail.com,sabbirhossaineee1995@gmail .com,GMD-RAJSHAHI,"জিএমডি, রাজশাহী","GMD, Rajshahi",Rajshahi,পত্নীতলা ১৩২/৩৩ কেভি গ্রিড উপকেন্দ্র,GENERAL,ACTIVE,2026-2028,35
989,PGD-2026-0989,2011,DIP-2026-2011,5598,রমজান হোসেন,,উপ-সহকারী প্রকৌশলী,Sub-Assistant Engineer,ramjanhosen111@gmail.com,ramjanhosen111@gmail.com,GMD-CTG-CENTRAL,"জিএমডি, চট্টগ্রাম (সেন্ট্রাল)","GMD, Chattogram (Central)",Chattogram,কালুরঘাট ১৩২/৩৩ কেভি গ্রীড উপকেন্দ্র,GENERAL,ACTIVE,2026-2028,35
990,PGD-2026-0990,2014,DIP-2026-2014,5602,মোঃ আশরাফুল আলম ভূঁইয়া,,উপ-সহকারী প্রকৌশলী,Sub-Assistant Engineer,azmibhuiyan@gmail.com,azmibhuiyan@gmail.com,GMD-CTG-SOUTH,"জিএমডি, চট্টগ্রাম (দক্ষিণ)","GMD, Chattogram (South)",Chattogram,দোহাজারী ১৩২/৩৩ কেভি সাবস্টেশন।,GENERAL,ACTIVE,2026-2028,35
991,PGD-2026-0991,2016,DIP-2026-2016,5605,তামজিদ হাসান বিপু,,উপ-সহকারী প্রকৌশলী,Sub-Assistant Engineer,tamzid.bipu.me@gmail.com,tamzid.bipu.me@gmail.com,GMD-CTG-NORTH,"জিএমডি, চট্টগ্রাম (উত্তর)","GMD, Chattogram (North)",Chattogram,Mirsarai 230/33KvV Grid Substation,GENERAL,ACTIVE,2026-2028,35
992,PGD-2026-0992,2017,DIP-2026-2017,5606,সিরাজুল ইসলাম,,উপ-সহকারী প্রকৌশলী,Sub-Assistant Engineer,sirazul167538@gmail.com,sirazul167538@gmail.com,GMD-DHK-METRO,ঢাকা মহানগর,Dhaka Metropolitan,Dhaka,"নবাবগঞ্জ ১৩২/৩৩ কেভি গ্রিড উপকেন্দ্র, জিএমডি (ঢাকা - দক্ষিণ)",GENERAL,ACTIVE,2026-2028,35
993,PGD-2026-0993,2019,DIP-2026-2019,5609,হাফিজুল ইসলাম,,উপ-সহকারী প্রকৌশলী,Sub-Assistant Engineer,mdhafiz341539@gmail.com,mdhafiz341539@gmail.com,GMD-KHULNA,"জিএমডি, খুলনা","GMD, Khulna",Khulna,মোংলা ১৩২/৩৩ কেভি গ্রিড উপকেন্দ্র গ্রাম,GENERAL,ACTIVE,2026-2028,35
994,PGD-2026-0994,2020,DIP-2026-2020,5610,Md. Suruj Ahmed,Md. Suruj Ahmed,উপ-সহকারী প্রকৌশলী,Sub-Assistant Engineer,surujasm@gmail.com,surujasm@gmail.com,GMD-DHK-METRO,ঢাকা মহানগর,Dhaka Metropolitan,Dhaka,"P&S ( Store), Head office",GENERAL,ACTIVE,2026-2028,35
995,PGD-2026-0995,2021,DIP-2026-2021,5611,মোঃ হুমায়ুন মোল্লা,,উপ-সহকারী প্রকৌশলী,Sub-Assistant Engineer,mdhumaunmolla2017@gmail.com,mdhumaunmolla2017@gmail .com,GMD-DHK-METRO,ঢাকা মহানগর,Dhaka Metropolitan,Dhaka,মুন্সিগঞ্জ ১৩২/৩৩ কেভি গ্রিড উপকেন্দ্র,GENERAL,ACTIVE,2026-2028,35
996,PGD-2026-0996,2022,DIP-2026-2022,5613,Md. Shahiduzzaman,Md. Shahiduzzaman,উপ-সহকারী প্রকৌশলী,Sub-Assistant Engineer,eeeshahiduzzaman@gmail.com,eeeshahiduzzaman@gmail.co m,GMD-DHK-METRO,ঢাকা মহানগর,Dhaka Metropolitan,Dhaka,সাভার ১৩২/৩৩ কেভি গ্রিড উপকেন্দ্র,GENERAL,ACTIVE,2026-2028,35
997,PGD-2026-0997,2023,DIP-2026-2023,5614,মোঃ এমরান হাওলাদার,,উপ-সহকারী প্রকৌশলী,Sub-Assistant Engineer,mdemranhowlader.99@gmail.com,mdemranhowlader.99@gmail .com,GMD-BARISHAL,"জিএমডি, বরিশাল","GMD, Barishal",Barishal,বরগুনা ১৩২/৩৩ কেভি গ্রিড উপকেন্দ্র,GENERAL,ACTIVE,2026-2028,35
998,PGD-2026-0998,2024,DIP-2026-2024,5615,খায়রুল হাসান মৃধা,,উপ-সহকারী প্রকৌশলী,Sub-Assistant Engineer,khairulhasanmridha@gmail.com,khairulhasanmridha@gmail.c om,GMD-DHK-EAST,"জিএমডি, ঢাকা (পূর্ব)","GMD, Dhaka (East)",Dhaka,ঘোড়াশাল ২৩০/৩৩ কেভি গ্রিড উপকেন্দ্র,GENERAL,ACTIVE,2026-2028,35
999,PGD-2026-0999,2025,DIP-2026-2025,5616,Kailash Kumar Sarkar,Kailash Kumar Sarkar,উপ-সহকারী প্রকৌশলী,Sub-Assistant Engineer,kailashsarkar28@gmail.com,kailashsarkar28@gmail.com,GMD-JHENAIDAH,"জিএমডি, ঝিনাইদহ","GMD, Jhenaidah",Khulna,Jhenaidah 230/132 kV Grid Substation,GENERAL,ACTIVE,2026-2028,35
1000,PGD-2026-1000,2026,DIP-2026-2026,5617,SYED SAMSUL HAQ MISHOR,SYED SAMSUL HAQ MISHOR,উপ-সহকারী প্রকৌশলী,Sub-Assistant Engineer,syedmishor@gmail.com,syedmishor@gmail.com,GMD-CTG-SOUTH,"জিএমডি, চট্টগ্রাম (দক্ষিণ)","GMD, Chattogram (South)",Chattogram,Matarbari 132/33 KV S/S,GENERAL,ACTIVE,2026-2028,35
1001,PGD-2026-1001,2027,DIP-2026-2027,5618,অনিক পাল,,উপ-সহকারী প্রকৌশলী,Sub-Assistant Engineer,anikpaul345647@gmail.com,anikpaul345647@gmail.com,GMD-FARIDPUR,"জিএমডি, ফরিদপুর","GMD, Faridpur",Dhaka,মাদারীপুর ১৩২/৩৩ কেভি গ্রিড উপকেন্দ্র,GENERAL,ACTIVE,2026-2028,35
1002,PGD-2026-1002,2028,DIP-2026-2028,5619,Razu Ahmed,Razu Ahmed,উপ-সহকারী প্রকৌশলী,Sub-Assistant Engineer,razu.connect@gmail.com,razu.connect@gmail.com,GMD-DHK-METRO,ঢাকা মহানগর,Dhaka Metropolitan,Dhaka,Keraniganj 30/132/33kV Grid Sub- Station,GENERAL,ACTIVE,2026-2028,35
1003,PGD-2026-1003,2030,DIP-2026-2030,5621,Amirul Islam,Amirul Islam,উপ-সহকারী প্রকৌশলী,Sub-Assistant Engineer,engramirulislam59@gmail.com,engramirulislam59@gmail.co m,GMD-CTG-NORTH,"জিএমডি, চট্টগ্রাম (উত্তর)","GMD, Chattogram (North)",Chattogram,বার আউলিয়া ১৩২/৩৩/১১ কেভি গ্রিড উপকেন্দ্র,GENERAL,ACTIVE,2026-2028,35
1004,PGD-2026-1004,2031,DIP-2026-2031,5622,তারেকুজ্জামান অনিক,,উপ-সহকারী প্রকৌশলী,Sub-Assistant Engineer,tarekujjamananik@gmail.com,tarekujjamananik@gmail.com,GMD-SRIMANGAL,"জিএমডি, শ্রীমঙ্গল","GMD, Srimangal",Sylhet,শাহজিবাজার ১৩২/৩৩ গ্রিড উপকেন্দ্র,GENERAL,ACTIVE,2026-2028,35
1005,PGD-2026-1005,2032,DIP-2026-2032,5623,মোঃ জিয়াউল ইসলাম,,উপ-সহকারী প্রকৌশলী,Sub-Assistant Engineer,mdziaulislam959@gmail.com,mdziaulislam959@gmail.com,GMD-FARIDPUR,"জিএমডি, ফরিদপুর","GMD, Faridpur",Dhaka,মাদারীপুর ১৩২/৩৩ কেভি গ্রিড উপকেন্দ্র,GENERAL,ACTIVE,2026-2028,35
1006,PGD-2026-1006,2033,DIP-2026-2033,5624,Md Juwel Rana,Md Juwel Rana,উপ-সহকারী প্রকৌশলী,Sub-Assistant Engineer,mdjuwelrana4426@gmail.com,mdjuwelrana4426@gmail,GMD-RAJSHAHI,"জিএমডি, রাজশাহী","GMD, Rajshahi",Rajshahi,Natore 132/33 kv Grid substation,GENERAL,ACTIVE,2026-2028,35
1007,PGD-2026-1007,2034,DIP-2026-2034,5625,Md. Arafat Hossain,Md. Arafat Hossain,উপ-সহকারী প্রকৌশলী,Sub-Assistant Engineer,arafatpowergrid@gmail.com,arafatpowergrid@gmail.com,GMD-KHULNA,"জিএমডি, খুলনা","GMD, Khulna",Khulna,Gollamari GIS S/S,GENERAL,ACTIVE,2026-2028,35
1008,PGD-2026-1008,2036,DIP-2026-2036,5627,মোহাম্মদ তানবীর চৌধুরী,,উপ-সহকারী প্রকৌশলী,Sub-Assistant Engineer,tanvir495191@gmail.com,tanvir495191@gmail.com,GMD-CTG-SOUTH,"জিএমডি, চট্টগ্রাম (দক্ষিণ)","GMD, Chattogram (South)",Chattogram,মদুনাঘাট ২৩০/১৩২/৩৩ কেভি গ্রিড উপকেন্দ্র,GENERAL,ACTIVE,2026-2028,35
1009,PGD-2026-1009,2037,DIP-2026-2037,5629,মোঃ রাসেল আহমেদ,,উপ-সহকারী প্রকৌশলী,Sub-Assistant Engineer,arfenrasel72@gmail.com,arfenrasel72@gmail,GMD-SRIMANGAL,"জিএমডি, শ্রীমঙ্গল","GMD, Srimangal",Sylhet,ব্রাহ্মণবাড়িয়া ১৩২/৩৩ গ্রিড সাবস্টেশন,GENERAL,ACTIVE,2026-2028,35
1010,PGD-2026-1010,2038,DIP-2026-2038,5631,ARIFUL ISLAM,ARIFUL ISLAM,উপ-সহকারী প্রকৌশলী,Sub-Assistant Engineer,arif.duet.32@gmail.com,arif.duet.32@gmail.com,GMD-DHK-METRO,ঢাকা মহানগর,Dhaka Metropolitan,Dhaka,NAWABGANJ,GENERAL,ACTIVE,2026-2028,35
1011,PGD-2026-1011,2039,DIP-2026-2039,5632,তানজিমুল ইসলাম রিন্টু,,উপ-সহকারী প্রকৌশলী,Sub-Assistant Engineer,rintutir@gmail.com,rintutir@gmail,GMD-FARIDPUR,"জিএমডি, ফরিদপুর","GMD, Faridpur",Dhaka,শরীয়তপুর ১৩২/৩৩ কেভি গ্রিড উপকেন্দ্র,GENERAL,ACTIVE,2026-2028,35
1012,PGD-2026-1012,2041,DIP-2026-2041,5635,মো: নাহিদ হাসান,,উপ-সহকারী প্রকৌশলী,Sub-Assistant Engineer,nahid.grid@gmail.com,nahid.grid@gmail.com,GMD-ISHWARDI,"জিএমডি, ঈশ্বরদী","GMD, Ishwardi",Rajshahi,পাবনা ১৩২/৩৩ কেভি গ্রিড উপকেন্দ্র,GENERAL,ACTIVE,2026-2028,35
1013,PGD-2026-1013,2042,DIP-2026-2042,5636,মো: কাইয়ূম,,উপ-সহকারী প্রকৌশলী,Sub-Assistant Engineer,mdkaium665@gmail.com,mdkaium665@gmail.com,GMD-BARISHAL,"জিএমডি, বরিশাল","GMD, Barishal",Barishal,Amtali 400kv switching station,GENERAL,ACTIVE,2026-2028,35
1014,PGD-2026-1014,2044,DIP-2026-2044,5638,মো: খায়রুল ইসলাম,,উপ-সহকারী প্রকৌশলী,Sub-Assistant Engineer,khairulislam5372@gmail.com,khairulislam5372@gmail.com,GMD-SRIMANGAL,"জিএমডি, শ্রীমঙ্গল","GMD, Srimangal",Sylhet,শাহজিবাজার ১৩২/৩৩ কেভি গ্রিড উপকেন্দ্র,GENERAL,ACTIVE,2026-2028,35
1015,PGD-2026-1015,2045,DIP-2026-2045,5639,আল আমিন,,উপ-সহকারী প্রকৌশলী,Sub-Assistant Engineer,jmalamin2271995@gmail.com,jmalamin2271995@gmail.co m,GMD-SIRAJGANJ,"জিএমডি, সিরাজগঞ্জ","GMD, Sirajganj",Rajshahi,সাঁথিয়া ১৩২/৩৩ কেভি গ্রিড উপকেন্দ্র,GENERAL,ACTIVE,2026-2028,35
1016,PGD-2026-1016,2046,DIP-2026-2046,5640,Shakil,Shakil,উপ-সহকারী প্রকৌশলী,Sub-Assistant Engineer,shakilahmed929397@gmail.com,shakilahmed929397@gmail.c om,GMD-SRIMANGAL,"জিএমডি, শ্রীমঙ্গল","GMD, Srimangal",Sylhet,Srimongol grid substation,GENERAL,ACTIVE,2026-2028,36
1017,PGD-2026-1017,2047,DIP-2026-2047,5641,গোবিন্দ কুমার,,উপ-সহকারী প্রকৌশলী,Sub-Assistant Engineer,gobindanaogaon@gmail.com,gobindanaogaon@gmail.com,PROJECT-BRANCH,প্রকল্প শাখা,Project Branch,Headquarters / Projects,জি টু জি প্রকল্প,GENERAL,ACTIVE,2026-2028,36
1018,PGD-2026-1018,2048,DIP-2026-2048,5643,মোঃ আরিফুল ইসলাম,,উপ-সহকারী প্রকৌশলী,Sub-Assistant Engineer,arifulislam.eee96@gmail.com,arifulislam.eee96@gmail,GMD-FARIDPUR,"জিএমডি, ফরিদপুর","GMD, Faridpur",Dhaka,মাদারীপুর ১৩২/৩৩ কেভি গ্রিড উপকেন্দ্র,GENERAL,ACTIVE,2026-2028,36
1019,PGD-2026-1019,2049,DIP-2026-2049,5644,নূর-ই-আলম সরকার,,উপ-সহকারী প্রকৌশলী,Sub-Assistant Engineer,sarkar24818@gmail.com,sarkar24818@gmail.com,GMD-CTG-SOUTH,"জিএমডি, চট্টগ্রাম (দক্ষিণ)","GMD, Chattogram (South)",Chattogram,মাতারবাড়ি ১৩২/৩৩ কেভি গ্রিড উপকেন্দ্র,GENERAL,ACTIVE,2026-2028,36
1020,PGD-2026-1020,2050,DIP-2026-2050,5645,মোঃ রাফী আহমেদ,,উপ-সহকারী প্রকৌশলী,Sub-Assistant Engineer,rafiahmed01011997@gmail.com,rafiahmed01011997@gmail.c om,GMD-DHK-METRO,ঢাকা মহানগর,Dhaka Metropolitan,Dhaka,Power grid Head office,GENERAL,ACTIVE,2026-2028,36
1021,PGD-2026-1021,2051,DIP-2026-2051,5646,মো কায়কোবাদ,,উপ-সহকারী প্রকৌশলী,Sub-Assistant Engineer,kaykqbad652185@gmail.com,kaykqbad652185@gmail.com,GMD-DHK-EAST,"জিএমডি, ঢাকা (পূর্ব)","GMD, Dhaka (East)",Dhaka,ভুলতা ৪০০/২৩০ কেভি গ্রিড উপকেন্দ্র,GENERAL,ACTIVE,2026-2028,36
1022,PGD-2026-1022,2052,DIP-2026-2052,5647,মো: হিমোন মিয়া,,উপ-সহকারী প্রকৌশলী,Sub-Assistant Engineer,mdhimon99@gmail.com,mdhimon99@gmail.com,GMD-CUMILLA,"জিএমডি, কুমিল্লা","GMD, Cumilla",Cumilla,চাঁদপুর ১৩২/৩৩ কেভি গ্রিড উপকেন্দ্র,GENERAL,ACTIVE,2026-2028,36
1023,PGD-2026-1023,2053,DIP-2026-2053,5650,মাসুম আহমেদ মাসুম,,উপ-সহকারী প্রকৌশলী,Sub-Assistant Engineer,ahmedmasum01721@gmail.com,ahmedmasum01721@gmail.c om,GMD-DHK-METRO,ঢাকা মহানগর,Dhaka Metropolitan,Dhaka,OFCL,GENERAL,ACTIVE,2026-2028,36
1024,PGD-2026-1024,2054,DIP-2026-2054,5651,মোঃ কাবিল,,উপ-সহকারী প্রকৌশলী,Sub-Assistant Engineer,badshamahmud456@gmail.com,badshamahmud456@gmail.c om,GMD-RAJSHAHI,"জিএমডি, রাজশাহী","GMD, Rajshahi",Rajshahi,নিয়ামতপুর ১৩২/৩৩ কেভি গ্রিড উপকেন্দ্র,GENERAL,ACTIVE,2026-2028,36
1025,PGD-2026-1025,2055,DIP-2026-2055,5652,বিজন বিশ্বাস,,উপ-সহকারী প্রকৌশলী,Sub-Assistant Engineer,bijonbiswas4@gmail.com,bijonbiswas4@gmail.com,GMD-FARIDPUR,"জিএমডি, ফরিদপুর","GMD, Faridpur",Dhaka,শরিয়তপুর ১৩২/৩৩ কেভি গ্রিড উপকেন্দ্র।,GENERAL,ACTIVE,2026-2028,36
1026,PGD-2026-1026,2056,DIP-2026-2056,5654,মোঃ মোখলেছুর রহমান,,উপ-সহকারী প্রকৌশলী,Sub-Assistant Engineer,mokhlesurofficial@gmail.com,mokhlesurofficial@gmail.com,GMD-KHULNA,"জিএমডি, খুলনা","GMD, Khulna",Khulna,বাগেরহাট 132/33 কেভি গ্রিড উপকেন্দ্র,GENERAL,ACTIVE,2026-2028,36
1027,PGD-2026-1027,2057,DIP-2026-2057,5655,মো: আল-মামুন,,উপ-সহকারী প্রকৌশলী,Sub-Assistant Engineer,mdalmamun818174@gmail.com,mdalmamun818174@gmail.c om,GMD-CUMILLA,"জিএমডি, কুমিল্লা","GMD, Cumilla",Cumilla,চৌদ্দগ্রাম ১৩২/৩৩কেভি গ্রিড উপকেন্দ্র,GENERAL,ACTIVE,2026-2028,36
1028,PGD-2026-1028,2058,DIP-2026-2058,5656,মোঃ ওমর ফারুক চৌধুরী,,উপ-সহকারী প্রকৌশলী,Sub-Assistant Engineer,akif8880@gmail.com,akif8880@gmail.com,GMD-CTG-SOUTH,"জিএমডি, চট্টগ্রাম (দক্ষিণ)","GMD, Chattogram (South)",Chattogram,চন্দ্রঘোনা ১৩২/৩৩ কেভি গ্রিড উপকেন্দ্র,GENERAL,ACTIVE,2026-2028,36
1029,PGD-2026-1029,2059,DIP-2026-2059,5657,Md. Golam Rabbani,Md. Golam Rabbani,উপ-সহকারী প্রকৌশলী,Sub-Assistant Engineer,rabbani786nikto@gmail.com,rabbani786nikto@gmail.com,GMD-CUMILLA,"জিএমডি, কুমিল্লা","GMD, Cumilla",Cumilla,Chandpur 132/33kv Grid Substation,GENERAL,ACTIVE,2026-2028,36
1030,PGD-2026-1030,2060,DIP-2026-2060,5658,মোঃ মোখলেছুর রহমান,,উপ-সহকারী প্রকৌশলী,Sub-Assistant Engineer,mokhlesurrahman2690@gmail.com,mokhlesurrahman2690@gma il.com,GMD-SRIMANGAL,"জিএমডি, শ্রীমঙ্গল","GMD, Srimangal",Sylhet,ব্রাহ্মণবাড়িয়া ১৩২/৩৩ কেভি গ্রিড উপকেন্দ্র,GENERAL,ACTIVE,2026-2028,36
1031,PGD-2026-1031,2061,DIP-2026-2061,5659,Md. Zahid Hassan,Md. Zahid Hassan,উপ-সহকারী প্রকৌশলী,Sub-Assistant Engineer,zahidhassanzkp@gmail.com,zahidhassanzkp@gmail.com,GMD-CUMILLA,"জিএমডি, কুমিল্লা","GMD, Cumilla",Cumilla,Muradnagar 132/33 KV GIS Grid S/S,GENERAL,ACTIVE,2026-2028,36
1032,PGD-2026-1032,2062,DIP-2026-2062,5660,মো: আহসান হাবীব সেতু,,উপ-সহকারী প্রকৌশলী,Sub-Assistant Engineer,shatu0eng@gmail.com,shatu0eng@gmail.com,GMD-CUMILLA,"জিএমডি, কুমিল্লা","GMD, Cumilla",Cumilla,চৌদ্দগ্রাম ১৩২/৩৩ কেভি গ্রিড সাব-স্টেশন,GENERAL,ACTIVE,2026-2028,36
1033,PGD-2026-1033,2063,DIP-2026-2063,5661,মো:আব্দুল্লাহ -আল -মারুফ,,উপ-সহকারী প্রকৌশলী,Sub-Assistant Engineer,almaruf817@gmail.com,almaruf817@gmail.com,GMD-CUMILLA,"জিএমডি, কুমিল্লা","GMD, Cumilla",Cumilla,চান্দিনা ১৩২/৩৩ কেভি জিআইএস গ্রিড উপকেন্দ্র।,GENERAL,ACTIVE,2026-2028,36
1034,PGD-2026-1034,2064,DIP-2026-2064,5662,Md.Alim uddin,Md.Alim uddin,উপ-সহকারী প্রকৌশলী,Sub-Assistant Engineer,alimpro420@gmail.com,alimpro420@gmail,GMD-SRIMANGAL,"জিএমডি, শ্রীমঙ্গল","GMD, Srimangal",Sylhet,Sunamganj 132/33 kv grid substation,GENERAL,ACTIVE,2026-2028,36
1035,PGD-2026-1035,2065,DIP-2026-2065,5664,মোঃ মামুন অর রশিদ,,উপ-সহকারী প্রকৌশলী,Sub-Assistant Engineer,mdmamun082000@gmail.com,mdmamun082000@gmail,GMD-CUMILLA,"জিএমডি, কুমিল্লা","GMD, Cumilla",Cumilla,মুরাদনগর ১৩২/৩৩ কেভি জিআইএস গ্রিড সাব স্টেশন,GENERAL,ACTIVE,2026-2028,36
1036,PGD-2026-1036,2066,DIP-2026-2066,5665,ফরিদ আহমদ চৌধুরী,,উপ-সহকারী প্রকৌশলী,Sub-Assistant Engineer,foridahamed.chowdhury@gmail.com,foridahamed.chowdhury@gm ail.com,GMD-SRIMANGAL,"জিএমডি, শ্রীমঙ্গল","GMD, Srimangal",Sylhet,কুলাউড়া ১৩২/৩৩ কেভি গ্রিড উপকেন্দ্র,GENERAL,ACTIVE,2026-2028,36
1037,PGD-2026-1037,2067,DIP-2026-2067,5666,মো: সুজন মিয়া,,উপ-সহকারী প্রকৌশলী,Sub-Assistant Engineer,mdsuzanmian80@gmail.com,mdsuzanmian80@gmail.com,GMD-CUMILLA,"জিএমডি, কুমিল্লা","GMD, Cumilla",Cumilla,চৌদ্দগ্রাম ১৩২/৩৩ কেবি গ্রিড উপকেন্দ্র,GENERAL,ACTIVE,2026-2028,36
1038,PGD-2026-1038,2068,DIP-2026-2068,5667,মোঃ মাসুদ,,উপ-সহকারী প্রকৌশলী,Sub-Assistant Engineer,sadhinmasud2@gmail.com,sadhinmasud2@gmail.com,GMD-SRIMANGAL,"জিএমডি, শ্রীমঙ্গল","GMD, Srimangal",Sylhet,বিবিয়ানা ৪০০/২৩০ কেভি গ্রিড উপকেন্দ্র,GENERAL,ACTIVE,2026-2028,36
1039,PGD-2026-1039,2069,DIP-2026-2069,5668,মো: মানিক হোসাইন,,উপ-সহকারী প্রকৌশলী,Sub-Assistant Engineer,mdmanikhossain4542@gmail.com,mdmanikhossain4542@gmail .com,GMD-CUMILLA,"জিএমডি, কুমিল্লা","GMD, Cumilla",Cumilla,কচুয়া ২৩০/১৩২/৩৩ কেভি জিআইএস গ্রিড উপকেন্দ্র।,GENERAL,ACTIVE,2026-2028,36
1040,PGD-2026-1040,2070,DIP-2026-2070,5669,মোঃ তানজিমুল হোসেন,,উপ-সহকারী প্রকৌশলী,Sub-Assistant Engineer,tanjimulshaikat@gmail.com,tanjimulshaikat@gmail.com,GMD-CTG-SOUTH,"জিএমডি, চট্টগ্রাম (দক্ষিণ)","GMD, Chattogram (South)",Chattogram,দোহাজারী ১৩২/৩৩ কেভি গ্রিড সাব-স্টেশন,GENERAL,ACTIVE,2026-2028,36
1041,PGD-2026-1041,2071,DIP-2026-2071,5670,রাকিব হাসান,,উপ-সহকারী প্রকৌশলী,Sub-Assistant Engineer,rakib77mpi@gmail.com,rakib77mpi@gmail.com,GMD-SRIMANGAL,"জিএমডি, শ্রীমঙ্গল","GMD, Srimangal",Sylhet,সিলেট (সাউথ) ১৩২/৩৩ কেভি জিআউএস গ্রিড উপকেন্দ্র,GENERAL,ACTIVE,2026-2028,36
1042,PGD-2026-1042,2072,DIP-2026-2072,5671,মোঃ শাহাজাদা উল ইমন,,উপ-সহকারী প্রকৌশলী,Sub-Assistant Engineer,shajadaeimon4@gmail.com,shajadaeimon4@gmail,GMD-CUMILLA,"জিএমডি, কুমিল্লা","GMD, Cumilla",Cumilla,চান্দিনা ১৩২/৩৩ কেভি জিআইএস গ্রিড উপকেন্দ্র,GENERAL,ACTIVE,2026-2028,36
1043,PGD-2026-1043,2073,DIP-2026-2073,5672,মোঃ কামরুল হাসান নাহিদ,,উপ-সহকারী প্রকৌশলী,Sub-Assistant Engineer,nahidhasan10555@gmail.com,nahidhasan10555@gmail,GMD-JHENAIDAH,"জিএমডি, ঝিনাইদহ","GMD, Jhenaidah",Khulna,মাগুরা ১৩২/৩৩ কেভি গ্রিড উপকেন্দ্র,GENERAL,ACTIVE,2026-2028,36
1044,PGD-2026-1044,2076,DIP-2026-2076,5676,মোঃ নাহিদ হাসান,,উপ-সহকারী প্রকৌশলী,Sub-Assistant Engineer,nahidhasanjr06@gmail.com,nahidhasanjr06@gmail.com,GMD-CTG-NORTH,"জিএমডি, চট্টগ্রাম (উত্তর)","GMD, Chattogram (North)",Chattogram,একেএসএমএল ২৩০/৩৩ কেভি গ্রিড উপকেন্দ্র,GENERAL,ACTIVE,2026-2028,36
1045,PGD-2026-1045,2079,DIP-2026-2079,5679,মোঃ রমিজ উদ্দীন,,উপ-সহকারী প্রকৌশলী,Sub-Assistant Engineer,mdromizuddin789@gmail.com,mdromizuddin789@gmail.co m,GMD-DHK-METRO,ঢাকা মহানগর,Dhaka Metropolitan,Dhaka,মুন্সিগন্জ ১৩২/৩৩ কেভি গ্রিড উপকেন্দ্র,GENERAL,ACTIVE,2026-2028,37
1046,PGD-2026-1046,2080,DIP-2026-2080,5680,মো : তাওফিক আল হোসাইন,,উপ-সহকারী প্রকৌশলী,Sub-Assistant Engineer,taufique687@gmail.com,taufique687@gmail.com,GMD-DHK-METRO,ঢাকা মহানগর,Dhaka Metropolitan,Dhaka,মেঘনাঘাট ৪০০/২৩০ কেভি এআইএস গ্রিড উপকেন্দ্র,GENERAL,ACTIVE,2026-2028,37
1047,PGD-2026-1047,2083,DIP-2026-2083,5683,মোঃ পিয়াস আলী,,উপ-সহকারী প্রকৌশলী,Sub-Assistant Engineer,piasali.bd@gamil.com,piasali.bd@gamil.com,GMD-DHK-EAST,"জিএমডি, ঢাকা (পূর্ব)","GMD, Dhaka (East)",Dhaka,মুন্সিগঞ্জ গ্রিড উপকেন্দ্র,GENERAL,ACTIVE,2026-2028,37
1048,PGD-2026-1048,2084,DIP-2026-2084,5684,মোঃ রাকিবুল ইসলাম জাকির,,উপ-সহকারী প্রকৌশলী,Sub-Assistant Engineer,jakir48m@gmail.com,jakir48m@gmail.com,GMD-SRIMANGAL,"জিএমডি, শ্রীমঙ্গল","GMD, Srimangal",Sylhet,১৩২/৩৩ কেভি সিলেট গ্রিড উপকেন্দ্র,GENERAL,ACTIVE,2026-2028,37
1049,PGD-2026-1049,2085,DIP-2026-2085,5685,বাইতুল্লাহ হোসেন,,উপ-সহকারী প্রকৌশলী,Sub-Assistant Engineer,baitullahhossain38@gmail.com,baitullahhossain38@gmail.co m,PROJECT-BRANCH,প্রকল্প শাখা,Project Branch,Headquarters / Projects,প্রকল্প-১,GENERAL,ACTIVE,2026-2028,37
1050,PGD-2026-1050,2086,DIP-2026-2086,5686,মোঃ নাঈম দেওয়ান,,উপ-সহকারী প্রকৌশলী,Sub-Assistant Engineer,dewanmdnayem5@gmail.com,dewanmdnayem5@gmail.co m,GMD-SRIMANGAL,"জিএমডি, শ্রীমঙ্গল","GMD, Srimangal",Sylhet,ছাতক ১৩২/৩৩ কেভি গ্রিড উপকেন্দ্র,GENERAL,ACTIVE,2026-2028,37
1051,PGD-2026-1051,2091,DIP-2026-2091,5691,মোঃমিজানুর রহমান,,উপ-সহকারী প্রকৌশলী,Sub-Assistant Engineer,mdmizanurrah396@gmail.com,mdmizanurrah396@gmail.co m,GMD-DHK-METRO,ঢাকা মহানগর,Dhaka Metropolitan,Dhaka,মুন্সিগঞ্জ ১৩২/৩৩ কেভি গ্রিড উপকেন্দ্র,GENERAL,ACTIVE,2026-2028,37
1052,PGD-2026-1052,2092,DIP-2026-2092,5692,আসিফ খন্দকার,,উপ-সহকারী প্রকৌশলী,Sub-Assistant Engineer,asifkhandaker.eee@gmail.com,asifkhandaker.eee@gmail.co m,GMD-CUMILLA,"জিএমডি, কুমিল্লা","GMD, Cumilla",Cumilla,"সিলেট (সাউথ) ১৩২/৩৩ কেভি জিআইএস গ্রিড উপকেন্দ্র, পাওয়ার গ্রিড।",GENERAL,ACTIVE,2026-2028,37
1053,PGD-2026-1053,2100,DIP-2026-2100,5702,মো: ওমর ফারুক,,উপ-সহকারী প্রকৌশলী,Sub-Assistant Engineer,farabirahman245@gmail.com,farabirahman245@gmail.com,GMD-CTG-NORTH,"জিএমডি, চট্টগ্রাম (উত্তর)","GMD, Chattogram (North)",Chattogram,রাঙ্গামাটি ১৩২/৩৩ কেভি গ্রিড উপকেন্দ্র,GENERAL,ACTIVE,2026-2028,37
1054,PGD-2026-1054,2101,DIP-2026-2101,5703,মোঃ শরীফুল ইসলাম,,উপ-সহকারী প্রকৌশলী,Sub-Assistant Engineer,sharif1615258@gmail.com,sharif1615258@gmail.com,GMD-CTG-NORTH,"জিএমডি, চট্টগ্রাম (উত্তর)","GMD, Chattogram (North)",Chattogram,একেএসপিএল ১৩২/৩৩ কেভি গ্রীড উপকেন্দ্র,GENERAL,ACTIVE,2026-2028,37
1055,PGD-2026-1055,2102,DIP-2026-2102,5704,মোঃ তুহিন মিয়া,,উপ-সহকারী প্রকৌশলী,Sub-Assistant Engineer,mdtuhin9697@gmail.com,mdtuhin9697@gmail.com,GMD-DHK-METRO,ঢাকা মহানগর,Dhaka Metropolitan,Dhaka,আমিনবাজার ৪০০/২৩০/১৩২ কেভি গ্রিড উপকেন্দ্র।,GENERAL,ACTIVE,2026-2028,37
1056,PGD-2026-1056,2104,DIP-2026-2104,5706,মাসুদ রানা,,উপ-সহকারী প্রকৌশলী,Sub-Assistant Engineer,masudrana781292@gmail.com,masudrana781292@gmail.co m,GMD-SRIMANGAL,"জিএমডি, শ্রীমঙ্গল","GMD, Srimangal",Sylhet,ছাতক ১৩২/৩৩ কেভি গ্রীড উপকেন্দ্র,GENERAL,ACTIVE,2026-2028,37
1057,PGD-2026-1057,2106,DIP-2026-2106,5710,মোঃমাহাবুব আলম,,উপ-সহকারী প্রকৌশলী,Sub-Assistant Engineer,ms.eee900@gmail.com,ms.eee900@gmail.com,GMD-SRIMANGAL,"জিএমডি, শ্রীমঙ্গল","GMD, Srimangal",Sylhet,সিলেট ১৩২/৩৩ কেভি গ্রিড উপকেন্দ্র,GENERAL,ACTIVE,2026-2028,37
1058,PGD-2026-1058,2107,DIP-2026-2107,5712,অতনু রায়,,উপ-সহকারী প্রকৌশলী,Sub-Assistant Engineer,rayatanu158@gmail.com,rayatanu158@gmail.com,GMD-DHK-METRO,ঢাকা মহানগর,Dhaka Metropolitan,Dhaka,"এনওডি,এলডিসি",GENERAL,ACTIVE,2026-2028,37
1059,PGD-2026-1059,2108,DIP-2026-2108,5713,মোহাম্মদ আবু সালেহ মুসা,,উপ-সহকারী প্রকৌশলী,Sub-Assistant Engineer,musa2330@gmail.com,musa2330@gmail.com,GMD-CTG-CENTRAL,"জিএমডি, চট্টগ্রাম (সেন্ট্রাল)","GMD, Chattogram (Central)",Chattogram,টেলিকম এন্ড আরটিইউ ডিভিশন,GENERAL,ACTIVE,2026-2028,37
1060,PGD-2026-1060,2109,DIP-2026-2109,5714,আমিনুল ইসলাম,,উপ-সহকারী প্রকৌশলী,Sub-Assistant Engineer,aminulislam295830@gmail.com,aminulislam295830@gmail.c om,GMD-SRIMANGAL,"জিএমডি, শ্রীমঙ্গল","GMD, Srimangal",Sylhet,কুলাউড়া ১৩২/৩৩ কেভি গ্রিড উপকেন্দ্র,GENERAL,ACTIVE,2026-2028,37
1061,PGD-2026-1061,2110,DIP-2026-2110,5715,মোঃ জিহাদুর রহমান,,উপ-সহকারী প্রকৌশলী,Sub-Assistant Engineer,mdzihadurrahman62@gmail.com,mdzihadurrahman62@gmail. com,GMD-SRIMANGAL,"জিএমডি, শ্রীমঙ্গল","GMD, Srimangal",Sylhet,কুলাউড়া ১৩২/৩৩ কেভি গ্রিড সাবস্টেশন,GENERAL,ACTIVE,2026-2028,37
1062,PGD-2026-1062,2111,DIP-2026-2111,5716,জান্নাতুল হাসান রানা,,উপ-সহকারী প্রকৌশলী,Sub-Assistant Engineer,jannatulrana608@gmail.com,jannatulrana608@gmail.com,GMD-DHK-EAST,"জিএমডি, ঢাকা (পূর্ব)","GMD, Dhaka (East)",Dhaka,সোনারগাঁও ১৩২/৩৩ কেভি গ্রিড উপকেন্দ্র,GENERAL,ACTIVE,2026-2028,37
1063,PGD-2026-1063,2112,DIP-2026-2112,5717,সৈয়দ মেহেদী হাসান,,উপ-সহকারী প্রকৌশলী,Sub-Assistant Engineer,syedmehedihassan69@gmail.com,syedmehedihassan69@gmail. com,GMD-DHK-EAST,"জিএমডি, ঢাকা (পূর্ব)","GMD, Dhaka (East)",Dhaka,মেঘনাঘাট ২৩০ কেভি গ্রিড উপকেন্দ্র,GENERAL,ACTIVE,2026-2028,37
1064,PGD-2026-1064,2113,DIP-2026-2113,5718,মোঃহাফিজুল ইসলাম,,উপ-সহকারী প্রকৌশলী,Sub-Assistant Engineer,mdhafijulislam4858@gmail.com,mdhafijulislam4858@gmail.c om,GMD-DHK-EAST,"জিএমডি, ঢাকা (পূর্ব)","GMD, Dhaka (East)",Dhaka,মেঘনাঘাট ২৩০কেভি গ্রিড উপকেন্দ্র,GENERAL,ACTIVE,2026-2028,37
1065,PGD-2026-1065,2114,DIP-2026-2114,5719,মোঃ পারভেজ কাজী,,উপ-সহকারী প্রকৌশলী,Sub-Assistant Engineer,mdparvez39.pgbplc@gmail.com,mdparvez39.pgbplc@gmail.c om,GMD-BARISHAL,"জিএমডি, বরিশাল","GMD, Barishal",Barishal,"পায়রা ৪০০/১৩২/৩৩ কেভি গ্রিড সাব স্টেশন,গ্রিড সার্কেল পাওয়ার গ্রিড,খুলনা।",GENERAL,ACTIVE,2026-2028,37
1066,PGD-2026-1066,2115,DIP-2026-2115,5720,মোঃ মাসুম বিল্লাহ,,উপ-সহকারী প্রকৌশলী,Sub-Assistant Engineer,masumpgb25@gmail.com,masumpgb25@gmail.com,GMD-BARISHAL,"জিএমডি, বরিশাল","GMD, Barishal",Barishal,পায়রা ৪০০/১৩২/৩৩ কেভি গ্রিড উপকেন্দ্র,GENERAL,ACTIVE,2026-2028,37
1067,PGD-2026-1067,2116,DIP-2026-2116,5721,নাদিয়া পারভেজ নীপা,,উপ-সহকারী প্রকৌশলী,Sub-Assistant Engineer,nadiyaneepa304@gmail.com,nadiyaneepa304@gmail.com,PROJECT-BRANCH,প্রকল্প শাখা,Project Branch,Headquarters / Projects,প্রকল্প-১,GENERAL,ACTIVE,2026-2028,37
1068,PGD-2026-1068,2117,DIP-2026-2117,5722,মোঃ শাহারুল ইসলাম,,উপ-সহকারী প্রকৌশলী,Sub-Assistant Engineer,shaharulshovon@gmail.com,shaharulshovon@gmail.com,GMD-CTG-CENTRAL,"জিএমডি, চট্টগ্রাম (সেন্ট্রাল)","GMD, Chattogram (Central)",Chattogram,খুলশী ১৩২/৩৩ কেভি গ্রিড উপকেন্দ্র,GENERAL,ACTIVE,2026-2028,37
1069,PGD-2026-1069,2118,DIP-2026-2118,5723,খালিদুজ্জামান,,উপ-সহকারী প্রকৌশলী,Sub-Assistant Engineer,hridoyrony022@gmail.com,hridoyrony022@gmail.com,GMD-DHK-METRO,ঢাকা মহানগর,Dhaka Metropolitan,Dhaka,কেরানীগঞ্জ ২৩০/১৩২/৩৩কেভি গ্রিড উপকেন্দ্র,GENERAL,ACTIVE,2026-2028,37
1070,PGD-2026-1070,2120,DIP-2026-2120,5725,রিয়াজ উদ্দিন বাদশা,,উপ-সহকারী প্রকৌশলী,Sub-Assistant Engineer,riyazuddinbadsha16@gmail.com,riyazuddinbadsha16@gmail,GMD-CTG-NORTH,"জিএমডি, চট্টগ্রাম (উত্তর)","GMD, Chattogram (North)",Chattogram,রাঙ্গামাটি ১৩২/৩৩ কেভি গ্রিড উপকেন্দ্র,GENERAL,ACTIVE,2026-2028,37
1071,PGD-2026-1071,2122,DIP-2026-2122,5727,মোঃ মিরাজ হাওলাদার,,উপ-সহকারী প্রকৌশলী,Sub-Assistant Engineer,merajulislambd420@gmail.com,merajulislambd420@gmail.co m,GMD-BARISHAL,"জিএমডি, বরিশাল","GMD, Barishal",Barishal,পায়রা ৪০০/১৩২/৩৩ কেভি গ্রিড সাবস্টেশন।,GENERAL,ACTIVE,2026-2028,37
1072,PGD-2026-1072,2123,DIP-2026-2123,5728,মো : সজিব মিয়া,,উপ-সহকারী প্রকৌশলী,Sub-Assistant Engineer,sojibmiah145@gmail.com,sojibmiah145@gmail,GMD-CUMILLA,"জিএমডি, কুমিল্লা","GMD, Cumilla",Cumilla,মুরাদনগর ১৩২/৩৩ কেভি জিআইএস গ্রিড উপকেন্দ্র,GENERAL,ACTIVE,2026-2028,37
1073,PGD-2026-1073,2125,DIP-2026-2125,5730,মো: আলিউল ইসলাম,,উপ-সহকারী প্রকৌশলী,Sub-Assistant Engineer,mdaliulislament11@gmail.com,mdaliulislament11@gmail.co,GMD-CUMILLA,"জিএমডি, কুমিল্লা","GMD, Cumilla",Cumilla,কসবা ১৩২/৩৩ কেভি গ্রিড সাব স্টেশন,GENERAL,ACTIVE,2026-2028,37
1074,PGD-2026-1074,2126,DIP-2026-2126,5731,AL-AMIN,AL-AMIN,উপ-সহকারী প্রকৌশলী,Sub-Assistant Engineer,ajm879216@gmail.com,Ajm879216@gmail.com,GMD-SRIMANGAL,"জিএমডি, শ্রীমঙ্গল","GMD, Srimangal",Sylhet,Fenchuganj 230/132/33 Kv Grid substations,GENERAL,ACTIVE,2026-2028,38
1075,PGD-2026-1075,2127,DIP-2026-2127,5732,শিপুল কুমার,,উপ-সহকারী প্রকৌশলী,Sub-Assistant Engineer,shipulent205720@gmail.com,shipulent205720@gmail.com,GMD-CTG-NORTH,"জিএমডি, চট্টগ্রাম (উত্তর)","GMD, Chattogram (North)",Chattogram,সীতাকুণ্ড ১৩২/৩৩ কেভি গ্রিড উপকেন্দ্র,GENERAL,ACTIVE,2026-2028,38
1076,PGD-2026-1076,2128,DIP-2026-2128,5733,প্রিতম বৈরাগী,,উপ-সহকারী প্রকৌশলী,Sub-Assistant Engineer,sbpritom90@gmail.com,sbpritom90@gmail.com,GMD-CUMILLA,"জিএমডি, কুমিল্লা","GMD, Cumilla",Cumilla,কসবা ১৩২/৩৩ কেভি জিআইএস গ্রিড উপকেন্দ্র,GENERAL,ACTIVE,2026-2028,38
1077,PGD-2026-1077,2129,DIP-2026-2129,5734,মোঃ মৃদুল হোসেন,,উপ-সহকারী প্রকৌশলী,Sub-Assistant Engineer,mridulhossain55@gmail.com,mridulhossain55@gmail.com,GMD-CUMILLA,"জিএমডি, কুমিল্লা","GMD, Cumilla",Cumilla,Chandina GIS grid ss,GENERAL,ACTIVE,2026-2028,38
1078,PGD-2026-1078,2130,DIP-2026-2130,5735,মোঃ রজব আলী,,উপ-সহকারী প্রকৌশলী,Sub-Assistant Engineer,engr.mdrajobali@gmail.com,engr.mdrajobali@gmail.com,GMD-CUMILLA,"জিএমডি, কুমিল্লা","GMD, Cumilla",Cumilla,"Daudkandi 132/33 kv grid substation,GMD , Cumilla",GENERAL,ACTIVE,2026-2028,38
1079,PGD-2026-1079,2131,DIP-2026-2131,5736,Zafar Iqbal,Zafar Iqbal,উপ-সহকারী প্রকৌশলী,Sub-Assistant Engineer,zafariqbal721890@gmail.com,zafariqbal721890@gmail.com,GMD-KHULNA,"জিএমডি, খুলনা","GMD, Khulna",Khulna,"Mongla 132/33 Grid Sub Station, Mongla",GENERAL,ACTIVE,2026-2028,38
1080,PGD-2026-1080,2132,DIP-2026-2132,5737,MD KAMRUL HASAN,MD KAMRUL HASAN,উপ-সহকারী প্রকৌশলী,Sub-Assistant Engineer,kamrulhasan158041@gmail.com,kamrulhasan158041@gmail.c om,GMD-CUMILLA,"জিএমডি, কুমিল্লা","GMD, Cumilla",Cumilla,"Kasba 132/33 KV GIS Grid Substation, Brahmanbaria",GENERAL,ACTIVE,2026-2028,38
1081,PGD-2026-1081,2133,DIP-2026-2133,5738,মোঃ শফিকুল ইসলাম,,উপ-সহকারী প্রকৌশলী,Sub-Assistant Engineer,safiqeee2016@gmail.com,safiqeee2016@gmail.com,GMD-SRIMANGAL,"জিএমডি, শ্রীমঙ্গল","GMD, Srimangal",Sylhet,সুনামগঞ্জ ১৩২/৩৩ কেভি গ্রিড সাব-স্টেশন,GENERAL,ACTIVE,2026-2028,38
1082,PGD-2026-1082,2134,DIP-2026-2134,5739,Aslam Molla,Aslam Molla,উপ-সহকারী প্রকৌশলী,Sub-Assistant Engineer,aslammollah4019@gmail.com,aslammollah4019@gmail,GMD-BARISHAL,"জিএমডি, বরিশাল","GMD, Barishal",Barishal,পায়রা ৪০০/১৩২/৩৩ কেভি গ্রিড উপকেন্দ্র,GENERAL,ACTIVE,2026-2028,38
1083,PGD-2026-1083,2135,DIP-2026-2135,5740,Md. Ramjan Mollah,Md. Ramjan Mollah,উপ-সহকারী প্রকৌশলী,Sub-Assistant Engineer,emramjan55@gmail.com,emramjan55@gmail.com,GMD-BARISHAL,"জিএমডি, বরিশাল","GMD, Barishal",Barishal,Amtali 400kV Switching Station,GENERAL,ACTIVE,2026-2028,38
1084,PGD-2026-1084,2136,DIP-2026-2136,5741,মো: সাব্বির হোসেন,,উপ-সহকারী প্রকৌশলী,Sub-Assistant Engineer,shabbirhossen9654@gmail.com,shabbirhossen9654@gmail,GMD-CTG-NORTH,"জিএমডি, চট্টগ্রাম (উত্তর)","GMD, Chattogram (North)",Chattogram,বারৈয়ারহাট ১৩২/৩৩ কেভি গ্রিড উপকেন্দ্র,GENERAL,ACTIVE,2026-2028,38
1085,PGD-2026-1085,2137,DIP-2026-2137,5742,মোছাদ্দিকুর রহমান,,উপ-সহকারী প্রকৌশলী,Sub-Assistant Engineer,mosaddekursakib10@gmail.com,mosaddekursakib10@gmail.c om,GMD-CTG-NORTH,"জিএমডি, চট্টগ্রাম (উত্তর)","GMD, Chattogram (North)",Chattogram,Baroiyarhat 132/33 kv grid Sub- Station,GENERAL,ACTIVE,2026-2028,38
1086,PGD-2026-1086,2138,DIP-2026-2138,5743,Asadujjaman,Asadujjaman,উপ-সহকারী প্রকৌশলী,Sub-Assistant Engineer,asadujjaman12266@gmail.com,asadujjaman12266@gmail.co m,GMD-DHK-EAST,"জিএমডি, ঢাকা (পূর্ব)","GMD, Dhaka (East)",Dhaka,Haripu 230/132 kv grid substation,GENERAL,ACTIVE,2026-2028,38
1087,PGD-2026-1087,2139,DIP-2026-2139,5744,Rakibul Islam,Rakibul Islam,উপ-সহকারী প্রকৌশলী,Sub-Assistant Engineer,rokeybhai478@gmail.com,rokeybhai478@gmail.com,GMD-SRIMANGAL,"জিএমডি, শ্রীমঙ্গল","GMD, Srimangal",Sylhet,সুনামগঞ্জ ১৩২/৩৩ কেভি গ্রিড উপকেন্দ্র,GENERAL,ACTIVE,2026-2028,38
1088,PGD-2026-1088,2140,DIP-2026-2140,5745,মেহেদি হাসান,,উপ-সহকারী প্রকৌশলী,Sub-Assistant Engineer,mehedihasan021299@gmail.com,mehedihasan021299@gmail. com,GMD-CTG-NORTH,"জিএমডি, চট্টগ্রাম (উত্তর)","GMD, Chattogram (North)",Chattogram,কেএসআরএম ১৩২/৩৩ কেভি গ্রিড উপকেন্দ্র,GENERAL,ACTIVE,2026-2028,38
1089,PGD-2026-1089,2141,DIP-2026-2141,5747,Nimai Gain,Nimai Gain,উপ-সহকারী প্রকৌশলী,Sub-Assistant Engineer,nimaigain76@gmail.com,nimaigain76@gmail.com,GMD-BARISHAL,"জিএমডি, বরিশাল","GMD, Barishal",Barishal,আমতলী ৪০০ কেভি সুইচিং স্টেশন,GENERAL,ACTIVE,2026-2028,38
1090,PGD-2026-1090,2142,DIP-2026-2142,5748,মোঃ শাকিল হোসেন,,উপ-সহকারী প্রকৌশলী,Sub-Assistant Engineer,ahmedsakil5858@gmail.com,ahmedsakil5858@gmail.com,GMD-CTG-NORTH,"জিএমডি, চট্টগ্রাম (উত্তর)","GMD, Chattogram (North)",Chattogram,সীতাকুণ্ড ১৩২/৩৩ কেভি গ্রীড উপকেন্দ্র,GENERAL,ACTIVE,2026-2028,38
1091,PGD-2026-1091,2143,DIP-2026-2143,5749,মোঃ সাব্বির হোসেন,,উপ-সহকারী প্রকৌশলী,Sub-Assistant Engineer,sabbirkeron98@gmail.com,sabbirkeron98@gmail.com,GMD-SRIMANGAL,"জিএমডি, শ্রীমঙ্গল","GMD, Srimangal",Sylhet,ব্রাহ্মণবাড়িয়া ১৩২/৩৩ কেভি গ্রিড উপকেন্দ্র,GENERAL,ACTIVE,2026-2028,38
1092,PGD-2026-1092,2144,DIP-2026-2144,5750,MD.ALAL UDDIN,MD.ALAL UDDIN,উপ-সহকারী প্রকৌশলী,Sub-Assistant Engineer,alaluddin327987@gmail.com,alaluddin327987@gmail.com,GMD-CTG-NORTH,"জিএমডি, চট্টগ্রাম (উত্তর)","GMD, Chattogram (North)",Chattogram,Mirsarai 230/33 kv Grid Substation,GENERAL,ACTIVE,2026-2028,38
1093,PGD-2026-1093,2145,DIP-2026-2145,5751,Nipendra Nath Sarker,Nipendra Nath Sarker,উপ-সহকারী প্রকৌশলী,Sub-Assistant Engineer,nipensarker108@gmail.com,nipensarker108@gmail.com,GMD-CTG-SOUTH,"জিএমডি, চট্টগ্রাম (দক্ষিণ)","GMD, Chattogram (South)",Chattogram,Sub Station,GENERAL,ACTIVE,2026-2028,38
1094,PGD-2026-1094,2146,DIP-2026-2146,5752,মো:আল-আমিন,,উপ-সহকারী প্রকৌশলী,Sub-Assistant Engineer,alamin902888@gmail.com,alamin902888@gmail.com,GMD-CTG-NORTH,"জিএমডি, চট্টগ্রাম (উত্তর)","GMD, Chattogram (North)",Chattogram,কেএসআরএম ১৩২/৩৩ কেভি গ্রিড উপকেন্দ্র,GENERAL,ACTIVE,2026-2028,38
1095,PGD-2026-1095,2147,DIP-2026-2147,5754,মোঃ মিজানুর রহমান,,উপ-সহকারী প্রকৌশলী,Sub-Assistant Engineer,mijan96.pgb@gmail.com,mijan96.pgb@gmail.com,GMD-CTG-SOUTH,"জিএমডি, চট্টগ্রাম (দক্ষিণ)","GMD, Chattogram (South)",Chattogram,কক্সবাজার ১৩২/৩৩ কেভি গ্রিড সাব স্টেশন,GENERAL,ACTIVE,2026-2028,38
1096,PGD-2026-1096,2148,DIP-2026-2148,5755,মেহেদী হাসান,,উপ-সহকারী প্রকৌশলী,Sub-Assistant Engineer,mhmhasanmadrazy222@gmail.com,mhmhasanmadrazy222@gma il.com,GMD-CTG-NORTH,"জিএমডি, চট্টগ্রাম (উত্তর)","GMD, Chattogram (North)",Chattogram,বার আউলিয়া ১৩২/৩৩ কেভি গ্রিড উপকেন্দ্র,GENERAL,ACTIVE,2026-2028,38
1097,PGD-2026-1097,2149,DIP-2026-2149,5756,মোঃ আব্দুল্লাহ সরকার,,উপ-সহকারী প্রকৌশলী,Sub-Assistant Engineer,abdullahsarkar22890@gmail.com,abdullahsarkar22890@gmail. com,GMD-CTG-NORTH,"জিএমডি, চট্টগ্রাম (উত্তর)","GMD, Chattogram (North)",Chattogram,"মিরসরাই ২৩০/৩৩কেভি গ্রিড উপকেন্দ্র ,চট্টগ্রাম।",GENERAL,ACTIVE,2026-2028,38
1098,PGD-2026-1098,2150,DIP-2026-2150,5757,মো: অলিদ হাসান,,উপ-সহকারী প্রকৌশলী,Sub-Assistant Engineer,mdwalidhasan02@gmail.com,mdwalidhasan02@gmail.com,GMD-CTG-NORTH,"জিএমডি, চট্টগ্রাম (উত্তর)","GMD, Chattogram (North)",Chattogram,সীতাকুন্ড ১৩২/৩৩ কেভি গ্রিড সাবস্টেশন,GENERAL,ACTIVE,2026-2028,38
1099,PGD-2026-1099,2151,DIP-2026-2151,5758,আশরাফুল ইসলাম,,উপ-সহকারী প্রকৌশলী,Sub-Assistant Engineer,engrashraful1998@gmail.com,engrashraful1998@gmail.co m,GMD-SRIMANGAL,"জিএমডি, শ্রীমঙ্গল","GMD, Srimangal",Sylhet,বিবিয়ানা ৪০০/২৩০কেভি গ্রিড সাবস্টেশন।,GENERAL,ACTIVE,2026-2028,38
1100,PGD-2026-1100,2152,DIP-2026-2152,5759,মোঃ ঈমাম হাসান,,উপ-সহকারী প্রকৌশলী,Sub-Assistant Engineer,imamhasanofficial2021@gmail.com,imamhasanofficial2021@gma il.com,GMD-CTG-NORTH,"জিএমডি, চট্টগ্রাম (উত্তর)","GMD, Chattogram (North)",Chattogram,খাগড়াছড়ি ১৩২/৩৩ কেভি গ্রিড উপকেন্দ্র।,GENERAL,ACTIVE,2026-2028,38
1101,PGD-2026-1101,2153,DIP-2026-2153,5760,মোঃ নান্নু ইসলাম,,উপ-সহকারী প্রকৌশলী,Sub-Assistant Engineer,nannuislam41@gmail.com,nannuislam41@gmail.com,GMD-CUMILLA,"জিএমডি, কুমিল্লা","GMD, Cumilla",Cumilla,কুমিল্লা দক্ষিণ ১৩২/৩৩ কেভি গ্রিড উপকেন্দ্র,GENERAL,ACTIVE,2026-2028,38
1102,PGD-2026-1102,2154,DIP-2026-2154,5761,সোহেল রানা,,উপ-সহকারী প্রকৌশলী,Sub-Assistant Engineer,sohel851432@gmail.com,sohel851432@gmail.com,GMD-KHULNA,"জিএমডি, খুলনা","GMD, Khulna",Khulna,মংলা ১৩২/৩৩ কেভি গ্রিড উপকেন্দ্র,GENERAL,ACTIVE,2026-2028,38
1103,PGD-2026-1103,2155,DIP-2026-2155,5762,জুবায়ের হোসেন,,উপ-সহকারী প্রকৌশলী,Sub-Assistant Engineer,jubayer0848@gmail.com,Jubayer0848@gmail.com,GMD-DHK-EAST,"জিএমডি, ঢাকা (পূর্ব)","GMD, Dhaka (East)",Dhaka,সিদ্ধিরগঞ্জ ২৩০/১৩২ কেভি গ্রিড উপকেন্দ্র।,GENERAL,ACTIVE,2026-2028,39
1104,PGD-2026-1104,2156,DIP-2026-2156,5763,মোঃ শান্তনু হাসান,,উপ-সহকারী প্রকৌশলী,Sub-Assistant Engineer,mdsuntunu@gmail.com,mdsuntunu@gmail.com,GMD-CUMILLA,"জিএমডি, কুমিল্লা","GMD, Cumilla",Cumilla,দাগনভূইয়া ১৩২/৩৩কেভি গ্রিড সাবস্টেশন,GENERAL,ACTIVE,2026-2028,39
1105,PGD-2026-1105,2157,DIP-2026-2157,5764,মোঃ ফারুক হোসেন,,উপ-সহকারী প্রকৌশলী,Sub-Assistant Engineer,faruk.hossain.dpi@gmail.com,faruk.hossain.dpi@gmail.com,PROJECT-BRANCH,প্রকল্প শাখা,Project Branch,Headquarters / Projects,জি টু জি প্রজেক্ট,GENERAL,ACTIVE,2026-2028,39
1106,PGD-2026-1106,2158,DIP-2026-2158,5766,Md Arifur Rahman Sumon,Md Arifur Rahman Sumon,উপ-সহকারী প্রকৌশলী,Sub-Assistant Engineer,engineerarif7970@gmail.com,engineerarif7970@gmail.com,PROJECT-BRANCH,প্রকল্প শাখা,Project Branch,Headquarters / Projects,G to G project,GENERAL,ACTIVE,2026-2028,39
1107,PGD-2026-1107,2159,DIP-2026-2159,5768,মোঃ আঃ রাজ্জাক,,উপ-সহকারী প্রকৌশলী,Sub-Assistant Engineer,a.razzak3355@gmail.com,a.razzak3355@gmail.com,GMD-CUMILLA,"জিএমডি, কুমিল্লা","GMD, Cumilla",Cumilla,ফেনী ১৩২/৩৩ কেভি গ্রিড উপকেন্দ্র,GENERAL,ACTIVE,2026-2028,39
1108,PGD-2026-1108,2160,DIP-2026-2160,5769,মোঃ খালেকুজ্জামান সোহান,,উপ-সহকারী প্রকৌশলী,Sub-Assistant Engineer,mdkhalekuzzaman78@gmail.com,mdkhalekuzzaman78@gmail. com,GMD-CTG-CENTRAL,"জিএমডি, চট্টগ্রাম (সেন্ট্রাল)","GMD, Chattogram (Central)",Chattogram,হালিশহর 132/33কেডি জিআইএস গ্রিড উপকেন্দ্র,GENERAL,ACTIVE,2026-2028,39
1109,PGD-2026-1109,2161,DIP-2026-2161,5770,মোঃ আশিক ইসলাম,,উপ-সহকারী প্রকৌশলী,Sub-Assistant Engineer,mdashikislam9130@gmail.com,mdashikislam9130@gmail.co m,GMD-CTG-SOUTH,"জিএমডি, চট্টগ্রাম (দক্ষিণ)","GMD, Chattogram (South)",Chattogram,চন্দ্রঘোনা ১৩২/৩৩ কেভি গ্রিড উপকেন্দ্র,GENERAL,ACTIVE,2026-2028,39
1110,PGD-2026-1110,2162,DIP-2026-2162,5771,তাওহীদুল ইসলাম,,উপ-সহকারী প্রকৌশলী,Sub-Assistant Engineer,tawhidul818192@gmail.com,tawhidul818192@gmail.com,GMD-CTG-CENTRAL,"জিএমডি, চট্টগ্রাম (সেন্ট্রাল)","GMD, Chattogram (Central)",Chattogram,জুলদা ১৩২/৩৩ কেভি গ্রিড উপকেন্দ্র।,GENERAL,ACTIVE,2026-2028,39
1111,PGD-2026-1111,2163,DIP-2026-2163,5772,মোঃ আব্দুল মোত্তালিব,,উপ-সহকারী প্রকৌশলী,Sub-Assistant Engineer,mottalib3538@gmail.com,mottalib3538@gmail.com,GMD-CTG-NORTH,"জিএমডি, চট্টগ্রাম (উত্তর)","GMD, Chattogram (North)",Chattogram,"মিরসরাই ২৩০/৩৩কেভি গ্রিড উপকেন্দ্র, চট্টগ্রাম।",GENERAL,ACTIVE,2026-2028,39
1112,PGD-2026-1112,2164,DIP-2026-2164,5774,মোঃ শামীম রেজা,,উপ-সহকারী প্রকৌশলী,Sub-Assistant Engineer,mdshamimislam78899@gmail.com,mdshamimislam78899@gmai l.com,GMD-CTG-SOUTH,"জিএমডি, চট্টগ্রাম (দক্ষিণ)","GMD, Chattogram (South)",Chattogram,"টি,কে, কেমিক্যাল ১৩২কেভি গ্রিড সাবস্টেশন",GENERAL,ACTIVE,2026-2028,39
1113,PGD-2026-1113,2165,DIP-2026-2165,5775,মোঃ জহিরুল ইসলাম,,উপ-সহকারী প্রকৌশলী,Sub-Assistant Engineer,jijewel420@gmail.com,jijewel420@gmail.com,GMD-SRIMANGAL,"জিএমডি, শ্রীমঙ্গল","GMD, Srimangal",Sylhet,শাহজিবাজার ১৩২/৩৩ কেভি গ্রিড উপকেন্দ্র,GENERAL,ACTIVE,2026-2028,39
1114,PGD-2026-1114,2166,DIP-2026-2166,5777,মোঃ হাচানুর রহমান,,উপ-সহকারী প্রকৌশলী,Sub-Assistant Engineer,mdhasanurrahman1995h@gmail.com,mdhasanurrahman1995h@g mail.com,GMD-BARISHAL,"জিএমডি, বরিশাল","GMD, Barishal",Barishal,বাকেরগঞ্জ ১৩২/৩৩ কেভি গ্রিড উপকেন্দ্র।,GENERAL,ACTIVE,2026-2028,39
1115,PGD-2026-1115,2167,DIP-2026-2167,5778,মো: ইনজামাম উল হক,,উপ-সহকারী প্রকৌশলী,Sub-Assistant Engineer,injamam1952@gmail.com,injamam1952@gmail.com,GMD-DHK-NORTH,"জিএমডি, ঢাকা (উত্তর)","GMD, Dhaka (North)",Dhaka,শ্রীপুর ২৩০/১৩২/৩৩ কেভি গ্রিড উপকেন্দ্র,GENERAL,ACTIVE,2026-2028,39
1116,PGD-2026-1116,2168,DIP-2026-2168,5785,Md. Tanbir Hassan,Md. Tanbir Hassan,উপ-সহকারী প্রকৌশলী,Sub-Assistant Engineer,hassantanbir125@gmail.com,hassantanbir125@gmail.com,GMD-BARISHAL,"জিএমডি, বরিশাল","GMD, Barishal",Barishal,"বরগুনা ১৩২/৩৩কেভি গ্রিড উপকেন্দ্র, বরগুনা।",GENERAL,ACTIVE,2026-2028,39
1117,PGD-2026-1117,2169,DIP-2026-2169,5786,Rakib Hossain Patowari,Rakib Hossain Patowari,উপ-সহকারী প্রকৌশলী,Sub-Assistant Engineer,rakib663168@gmail.com,rakib663168@gmail.com,GMD-CUMILLA,"জিএমডি, কুমিল্লা","GMD, Cumilla",Cumilla,মাইজদী ১৩২/৩৩ কেভি জিআইএস গ্রিড উপকেন্দ্র।,GENERAL,ACTIVE,2026-2028,39
1118,PGD-2026-1118,2170,DIP-2026-2170,5787,Md. Azminul Islam,Md. Azminul Islam,উপ-সহকারী প্রকৌশলী,Sub-Assistant Engineer,azminulislam96@gmail.com,azminulislam96@gmail.com,GMD-DHK-METRO,ঢাকা মহানগর,Dhaka Metropolitan,Dhaka,আমিনবাজার ৪০০/২৩০/১৩২ কেভি গ্রীড উপকেন্দ্র,GENERAL,ACTIVE,2026-2028,39
1119,PGD-2026-1119,2171,DIP-2026-2171,5788,MD ZIARUL ISLAM,MD ZIARUL ISLAM,উপ-সহকারী প্রকৌশলী,Sub-Assistant Engineer,ziarulislam.eee@gmail.com,ziarulislam.eee@gmail.com,PROJECT-BRANCH,প্রকল্প শাখা,Project Branch,Headquarters / Projects,প্রকল্প,GENERAL,ACTIVE,2026-2028,39
1120,PGD-2026-1120,2172,DIP-2026-2172,5790,Md.Obydulla,Md.Obydulla,উপ-সহকারী প্রকৌশলী,Sub-Assistant Engineer,tsobaidul@gmail.com,tsobaidul@gmail.com,GMD-KHULNA,"জিএমডি, খুলনা","GMD, Khulna",Khulna,গোপালগঞ্জ ৪০০/২৩০/১৩২ কেভি গ্রিড উপকেন্দ্র।,GENERAL,ACTIVE,2026-2028,39
1121,PGD-2026-1121,2173,DIP-2026-2173,5792,ALIM ULLAH CHOWDHURY,ALIM ULLAH CHOWDHURY,উপ-সহকারী প্রকৌশলী,Sub-Assistant Engineer,alimullah936@gmail.com,alimullah936@gmail.com,GMD-CTG-SOUTH,"জিএমডি, চট্টগ্রাম (দক্ষিণ)","GMD, Chattogram (South)",Chattogram,Sikolbaha 230/132 KV Grid substation,GENERAL,ACTIVE,2026-2028,39
1122,PGD-2026-1122,2174,DIP-2026-2174,5794,Md Raihanul Islam,Md Raihanul Islam,উপ-সহকারী প্রকৌশলী,Sub-Assistant Engineer,raihan.islam9e@gmail.com,raihan.islam9e@gmail.com,GMD-SIRAJGANJ,"জিএমডি, সিরাজগঞ্জ","GMD, Sirajganj",Rajshahi,Santhia 132/33 kv grid s/s,GENERAL,ACTIVE,2026-2028,39
1123,PGD-2026-1123,2175,DIP-2026-2175,5795,পিয়াল সাহা,,উপ-সহকারী প্রকৌশলী,Sub-Assistant Engineer,rahulshahapial@gmail.com,rahulshahapial@gmail.com,GMD-FARIDPUR,"জিএমডি, ফরিদপুর","GMD, Faridpur",Dhaka,শরীয়তপুর ১৩২/৩৩ কেভি গ্রিড সাবস্টেশন,GENERAL,ACTIVE,2026-2028,39
1124,PGD-2026-1124,2176,DIP-2026-2176,5797,মোঃবাকি বিল্লাহ,,উপ-সহকারী প্রকৌশলী,Sub-Assistant Engineer,b3baki@gmail.com,b3baki@gmail,GMD-SRIMANGAL,"জিএমডি, শ্রীমঙ্গল","GMD, Srimangal",Sylhet,আশুগঞ্জ ২৩০কেভি গ্রিড উপকেন্দ্র,GENERAL,ACTIVE,2026-2028,39
1125,PGD-2026-1125,2177,DIP-2026-2177,5798,মোঃ মোস্তফা আনাম,,উপ-সহকারী প্রকৌশলী,Sub-Assistant Engineer,mostofaanam4849@gmail.com,mostofaanam4849@gmail.co m,GMD-CUMILLA,"জিএমডি, কুমিল্লা","GMD, Cumilla",Cumilla,চাঁদপুর ১৩২/৩৩ কেভি গ্রিড উপকেন্দ্র,GENERAL,ACTIVE,2026-2028,39
1126,PGD-2026-1126,2178,DIP-2026-2178,5799,রইছুল ইসলাম,,উপ-সহকারী প্রকৌশলী,Sub-Assistant Engineer,roysulislamrafi44@gmail.com,roysulislamrafi44@gmail.com,GMD-CUMILLA,"জিএমডি, কুমিল্লা","GMD, Cumilla",Cumilla,চৌমুহনী ২৩০/১৩২/৩৩০ কেভি গ্রিড উপকেন্দ্র,GENERAL,ACTIVE,2026-2028,39
1127,PGD-2026-1127,2179,DIP-2026-2179,5800,রাইসুল ইসলাম রাব্বি,,উপ-সহকারী প্রকৌশলী,Sub-Assistant Engineer,raisulislamrabbi1511@gmail.com,raisulislamrabbi1511@gmail.c om,GMD-CUMILLA,"জিএমডি, কুমিল্লা","GMD, Cumilla",Cumilla,লাকসাম ১৩২/৩৩ কেভি জিআইএস গ্রিড উপকেন্দ্র,GENERAL,ACTIVE,2026-2028,39
1128,PGD-2026-1128,2180,DIP-2026-2180,5801,রুবেল মিয়া,,উপ-সহকারী প্রকৌশলী,Sub-Assistant Engineer,nrrubel3@gmail.com,nrrubel3@gmail.com,GMD-SRIMANGAL,"জিএমডি, শ্রীমঙ্গল","GMD, Srimangal",Sylhet,শাহজীবাজার ১৩২/৩৩ কেভি গ্রিড উপকেন্দ্র।,GENERAL,ACTIVE,2026-2028,39
1129,PGD-2026-1129,2181,DIP-2026-2181,5802,মো: আবু সাদেকুল ইসলাম,,উপ-সহকারী প্রকৌশলী,Sub-Assistant Engineer,abusadekulislam@gmail.com,abusadekulislam@gmail.com,PROJECT-BRANCH,প্রকল্প শাখা,Project Branch,Headquarters / Projects,Power grid network strengthening(G2G) project,GENERAL,ACTIVE,2026-2028,39
1130,PGD-2026-1130,2182,DIP-2026-2182,5803,Md.Shakil Mahmud,Md.Shakil Mahmud,উপ-সহকারী প্রকৌশলী,Sub-Assistant Engineer,shakilmahmud691@gmail.com,shakilmahmud691@gmail.co m,GMD-CUMILLA,"জিএমডি, কুমিল্লা","GMD, Cumilla",Cumilla,Laksam 132/33KV GIS Grid Sub- Station,GENERAL,ACTIVE,2026-2028,39
1131,PGD-2026-1131,2183,DIP-2026-2183,5804,Md. Jahed Hossen,Md. Jahed Hossen,উপ-সহকারী প্রকৌশলী,Sub-Assistant Engineer,jahedeee11@gmail.com,jahedeee11@gmail.com,GMD-DHK-EAST,"জিএমডি, ঢাকা (পূর্ব)","GMD, Dhaka (East)",Dhaka,Meghnaghat 400/230 kv grid substation,GENERAL,ACTIVE,2026-2028,39
1132,PGD-2026-1132,2184,DIP-2026-2184,5805,Imran Hossen,Imran Hossen,উপ-সহকারী প্রকৌশলী,Sub-Assistant Engineer,imranhossennoyon@gmail.com,imranhossennoyon@gmail.co m,GMD-CUMILLA,"জিএমডি, কুমিল্লা","GMD, Cumilla",Cumilla,"Ramganj 132/33 KV Grid Substation, Ramganj, Lakshimpur.",GENERAL,ACTIVE,2026-2028,40
1133,PGD-2026-1133,2185,DIP-2026-2185,5807,Md. Asraful Hoque,Md. Asraful Hoque,উপ-সহকারী প্রকৌশলী,Sub-Assistant Engineer,nasim1996a@gmail.com,nasim1996a@gmail.com,PROJECT-BRANCH,প্রকল্প শাখা,Project Branch,Headquarters / Projects,EEGBPSP,GENERAL,ACTIVE,2026-2028,40
1134,PGD-2026-1134,2186,DIP-2026-2186,5808,মোঃ জাহিদ হাচান,,উপ-সহকারী প্রকৌশলী,Sub-Assistant Engineer,jahid4t71@gmail.com,jahid4t71@gmail.com,GMD-BARISHAL,"জিএমডি, বরিশাল","GMD, Barishal",Barishal,পায়রা ৪০০/১৩২/৩৩ কেভি গ্রিড উপকেন্দ্র,GENERAL,ACTIVE,2026-2028,40
1135,PGD-2026-1135,2187,DIP-2026-2187,5809,Md.Robin Hossain,Md.Robin Hossain,উপ-সহকারী প্রকৌশলী,Sub-Assistant Engineer,arianrobin333@gmail.com,arianrobin333@gmail.com,GMD-CUMILLA,"জিএমডি, কুমিল্লা","GMD, Cumilla",Cumilla,Bibiyana 400/230 KV Grid substation,GENERAL,ACTIVE,2026-2028,40
1136,PGD-2026-1136,2188,DIP-2026-2188,5810,মোঃ নাফিজ ইমন,,উপ-সহকারী প্রকৌশলী,Sub-Assistant Engineer,nafijemon242@gmail.com,nafijemon242@gmail.com,GMD-SRIMANGAL,"জিএমডি, শ্রীমঙ্গল","GMD, Srimangal",Sylhet,আশুগঞ্জ ১৩২ কেভি গ্রিড উপকেন্দ্র,GENERAL,ACTIVE,2026-2028,40
1137,PGD-2026-1137,2189,DIP-2026-2189,5811,মোঃ আজিজুল হক,,উপ-সহকারী প্রকৌশলী,Sub-Assistant Engineer,ms.ajijul128@gmail.com,ms.ajijul128@gmail.com,GMD-SRIMANGAL,"জিএমডি, শ্রীমঙ্গল","GMD, Srimangal",Sylhet,ছাতক ১৩২/৩৩ কেভি গ্রীড উপকেন্দ্র,GENERAL,ACTIVE,2026-2028,40
1138,PGD-2026-1138,2190,DIP-2026-2190,5813,শেখ সাদীউজ্জামান,,উপ-সহকারী প্রকৌশলী,Sub-Assistant Engineer,sadi.jitu@gmail.com,sadi.jitu@gmail.com,GMD-DHK-EAST,"জিএমডি, ঢাকা (পূর্ব)","GMD, Dhaka (East)",Dhaka,মুন্সীগঞ্জ ১৩২/৩৩ কেভি উপকেন্দ্র,GENERAL,ACTIVE,2026-2028,40
1139,PGD-2026-1139,2191,DIP-2026-2191,5814,ইব্রাহীম খালিল,,উপ-সহকারী প্রকৌশলী,Sub-Assistant Engineer,ibrahimkhalilelectrical1995@gmail.com,ibrahimkhalilelectrical1995@ gmail.com,GMD-DHK-NORTH,"জিএমডি, ঢাকা (উত্তর)","GMD, Dhaka (North)",Dhaka,Bhulta 132/33Kv Grid substation,GENERAL,ACTIVE,2026-2028,40
1140,PGD-2026-1140,2192,DIP-2026-2192,5815,MD. SHAHIN ALAM,MD. SHAHIN ALAM,উপ-সহকারী প্রকৌশলী,Sub-Assistant Engineer,mdshahinalam729@gmail.com,mdshahinalam729@gmail.co m,GMD-DHK-METRO,ঢাকা মহানগর,Dhaka Metropolitan,Dhaka,Sreenagar 132/33 Kv Grid Substation,GENERAL,ACTIVE,2026-2028,40
1141,PGD-2026-1141,2193,DIP-2026-2193,5816,এইচ এম কাদের কাজল,,উপ-সহকারী প্রকৌশলী,Sub-Assistant Engineer,hmkaderkazal11@gmail.com,hmkaderkazal11@gmail,GMD-DHK-EAST,"জিএমডি, ঢাকা (পূর্ব)","GMD, Dhaka (East)",Dhaka,"মদনগঞ্জ ১৩২/৩৩ কেভি গ্রিড উপকেন্দ্র, নারায়ণগঞ্জ।",GENERAL,ACTIVE,2026-2028,40
1142,PGD-2026-1142,2194,DIP-2026-2194,5817,শাহরিয়া ইমন,,উপ-সহকারী প্রকৌশলী,Sub-Assistant Engineer,shariaemon.pgb@gmail.com,shariaemon.pgb@gmail.com,GMD-CUMILLA,"জিএমডি, কুমিল্লা","GMD, Cumilla",Cumilla,চৌদ্দগ্রাম ১৩২/৩৩ কেভি গ্রিড উপকেন্দ্র,GENERAL,ACTIVE,2026-2028,40
1143,PGD-2026-1143,2195,DIP-2026-2195,5818,মো:আতিকুজ্জামান,,উপ-সহকারী প্রকৌশলী,Sub-Assistant Engineer,atikatikuzzaman280@gmail.com,atikatikuzzaman280@gmail.c om,PROJECT-BRANCH,প্রকল্প শাখা,Project Branch,Headquarters / Projects,এনার্জি ইফিসিয়েন্সি ইন গ্রিড বেস পাওয়ার সাপ্লাই প্রজেক্ট,GENERAL,ACTIVE,2026-2028,40
1144,PGD-2026-1144,2196,DIP-2026-2196,5819,মোঃ বোরহান উদ্দিন,,উপ-সহকারী প্রকৌশলী,Sub-Assistant Engineer,mdborhanuddin610@gmail.com,mdborhanuddin610@gmail.c om,GMD-CUMILLA,"জিএমডি, কুমিল্লা","GMD, Cumilla",Cumilla,ফেনী ২৩০/১৩২কেভি গ্রিড উপকেন্দ্র।,GENERAL,ACTIVE,2026-2028,40
1145,PGD-2026-1145,2197,DIP-2026-2197,5820,পাপ্পু চন্দ্র সরকার,,উপ-সহকারী প্রকৌশলী,Sub-Assistant Engineer,sanjoysarker.5252@gmail.com,sanjoysarker.5252@gmail.co m,GMD-CUMILLA,"জিএমডি, কুমিল্লা","GMD, Cumilla",Cumilla,লক্ষ্মীপুর ১৩২/৩৩ কেভি জিআইএস গ্রিড উপকেন্দ্র,GENERAL,ACTIVE,2026-2028,40
1146,PGD-2026-1146,2199,DIP-2026-2199,5822,মো:রাসেল,,উপ-সহকারী প্রকৌশলী,Sub-Assistant Engineer,rasel701465@gmail.com,rasel701465@gmail.com,GMD-SRIMANGAL,"জিএমডি, শ্রীমঙ্গল","GMD, Srimangal",Sylhet,শাহজিবাজার ১৩২/৩৩কেভি গ্রিড উপকেন্দ্র,GENERAL,ACTIVE,2026-2028,40
1147,PGD-2026-1147,2201,DIP-2026-2201,5824,মোঃ শিহাবুল ইসলাম,,উপ-সহকারী প্রকৌশলী,Sub-Assistant Engineer,shihabul239011@gmail.com,shihabul239011@gmail.com,GMD-DHK-METRO,ঢাকা মহানগর,Dhaka Metropolitan,Dhaka,হাসনাবাদ ১৩২/৩৩ কেভি গ্রীড সাব-স্টেশন,GENERAL,ACTIVE,2026-2028,40
1148,PGD-2026-1148,2204,DIP-2026-2204,5827,মো: তৌহিদুর রহমান,,উপ-সহকারী প্রকৌশলী,Sub-Assistant Engineer,towhidur00@gmail.com,towhidur00@gmail.com,GMD-CUMILLA,"জিএমডি, কুমিল্লা","GMD, Cumilla",Cumilla,২৩০/১৩২/৩৩ কেভি কুমিল্লা(উওর) গ্রিড উপকেন্দ্র,GENERAL,ACTIVE,2026-2028,40
1149,PGD-2026-1149,2205,DIP-2026-2205,5828,মো: ওসমান গণি,,উপ-সহকারী প্রকৌশলী,Sub-Assistant Engineer,osmancpi17@gmail.com,osmancpi17@gmail.com,GMD-CTG-SOUTH,"জিএমডি, চট্টগ্রাম (দক্ষিণ)","GMD, Chattogram (South)",Chattogram,দোহাজারী ১৩২/৩৩ কেভি গ্রিড সাবস্টেশন,GENERAL,ACTIVE,2026-2028,40
1150,PGD-2026-1150,2206,DIP-2026-2206,5829,Miskathul Anwar,Miskathul Anwar,উপ-সহকারী প্রকৌশলী,Sub-Assistant Engineer,misu172055@gmail.com,misu172055@gmail.com,GMD-SRIMANGAL,"জিএমডি, শ্রীমঙ্গল","GMD, Srimangal",Sylhet,Bibiyana 400/230KV,GENERAL,ACTIVE,2026-2028,40
1151,PGD-2026-1151,2207,DIP-2026-2207,5831,Md.Sabbir Hosen,Md.Sabbir Hosen,উপ-সহকারী প্রকৌশলী,Sub-Assistant Engineer,akashhosen7007@gmail.com,akashhosen7007@gmail.com,GMD-DHK-EAST,"জিএমডি, ঢাকা (পূর্ব)","GMD, Dhaka (East)",Dhaka,Meghnaghat 230 kv substation,GENERAL,ACTIVE,2026-2028,40
1152,PGD-2026-1152,2208,DIP-2026-2208,5834,মোঃ শামীম,,উপ-সহকারী প্রকৌশলী,Sub-Assistant Engineer,shamim.feni24@gmail.com,shamim.feni24@gmail.com,GMD-CTG-SOUTH,"জিএমডি, চট্টগ্রাম (দক্ষিণ)","GMD, Chattogram (South)",Chattogram,কক্সবাজার ১৩২/৩৩ কেভি গ্রিড উপকেন্দ্র।,GENERAL,ACTIVE,2026-2028,40
1153,PGD-2026-1153,2209,DIP-2026-2209,5835,মোঃ শামীম রেজা,,উপ-সহকারী প্রকৌশলী,Sub-Assistant Engineer,shamimr1998@gmail.com,shamimr1998@gmail.com,GMD-DHK-METRO,ঢাকা মহানগর,Dhaka Metropolitan,Dhaka,সাভার ১৩২/৩৩ কেভি গ্রিড সাবস্টেশন,GENERAL,ACTIVE,2026-2028,40
1154,PGD-2026-1154,2210,DIP-2026-2210,5837,মোঃ আব্দুল্লাহ আল মামুন,,উপ-সহকারী প্রকৌশলী,Sub-Assistant Engineer,md.mamun661261@gmail.com,md.mamun661261@gmail.co m,GMD-RANGPUR,"জিএমডি, রংপুর","GMD, Rangpur",Rangpur,জলঢাকা ১৩২/৩৩ কেভি গ্রিড উপকেন্দ্র,GENERAL,ACTIVE,2026-2028,40
1155,PGD-2026-1155,2211,DIP-2026-2211,5838,মো: সম্রাট হোসেন,,উপ-সহকারী প্রকৌশলী,Sub-Assistant Engineer,shaun.ss32@gmail.com,shaun.ss32@gmail.com,GMD-DHK-EAST,"জিএমডি, ঢাকা (পূর্ব)","GMD, Dhaka (East)",Dhaka,হরিপুর ২৩০/১৩২কেভি গ্রিড উপকেন্দ্র,GENERAL,ACTIVE,2026-2028,40
1156,PGD-2026-1156,2212,DIP-2026-2212,5839,Promit Sutro Dhor,Promit Sutro Dhor,উপ-সহকারী প্রকৌশলী,Sub-Assistant Engineer,promitsutro3@gmail.com,promitsutro3@gmail.com,GMD-SRIMANGAL,"জিএমডি, শ্রীমঙ্গল","GMD, Srimangal",Sylhet,Beanibazer 132/33 kv Grid sub station,GENERAL,ACTIVE,2026-2028,40
1157,PGD-2026-1157,2213,DIP-2026-2213,5840,মোঃমফিজুল ইসলাম,,উপ-সহকারী প্রকৌশলী,Sub-Assistant Engineer,jymofijul@gmail.com,jymofijul@gmail.com,GMD-CTG-NORTH,"জিএমডি, চট্টগ্রাম (উত্তর)","GMD, Chattogram (North)",Chattogram,করেরহাট ৪০০/২৩০/১৩২ কেভি গ্রিড উপকেন্দ্র,GENERAL,ACTIVE,2026-2028,40
1158,PGD-2026-1158,2214,DIP-2026-2214,5841,মো: আব্দুস সোবাহান,,উপ-সহকারী প্রকৌশলী,Sub-Assistant Engineer,md.abdussobahaneee@gmail.com,md.abdussobahaneee@gmail .com,PROJECT-BRANCH,প্রকল্প শাখা,Project Branch,Headquarters / Projects,EEGBPSP,GENERAL,ACTIVE,2026-2028,40
1159,PGD-2026-1159,2215,DIP-2026-2215,5842,Md Mahbubur Rahman,Md Mahbubur Rahman,উপ-সহকারী প্রকৌশলী,Sub-Assistant Engineer,nazjmulrahman96@gmail.com,nazjmulrahman96@gmail.co m,GMD-CTG-SOUTH,"জিএমডি, চট্টগ্রাম (দক্ষিণ)","GMD, Chattogram (South)",Chattogram,Patiya 132/33 KV GIS Grid Substation,GENERAL,ACTIVE,2026-2028,40
1160,PGD-2026-1160,2216,DIP-2026-2216,5844,Md. Al Imran Hossain,Md. Al Imran Hossain,উপ-সহকারী প্রকৌশলী,Sub-Assistant Engineer,simonhossaineee@gmail.com,Simonhossaineee@gmail.com,GMD-CUMILLA,"জিএমডি, কুমিল্লা","GMD, Cumilla",Cumilla,দাগনভূঞাঁ ১৩২/৩৩ কেভি জিআইএস গ্রিড উপকেন্দ্র,GENERAL,ACTIVE,2026-2028,40
1161,PGD-2026-1161,2217,DIP-2026-2217,5845,MD ASIFUL HABIB,MD ASIFUL HABIB,উপ-সহকারী প্রকৌশলী,Sub-Assistant Engineer,asifulhabibhowlader@gmail.com,asifulhabibhowlader@gmail.c om,GMD-CUMILLA,"জিএমডি, কুমিল্লা","GMD, Cumilla",Cumilla,Ramganj 132/33 kv Grid Substation,GENERAL,ACTIVE,2026-2028,41
1162,PGD-2026-1162,2219,DIP-2026-2219,5848,মামুন হোসেন,,উপ-সহকারী প্রকৌশলী,Sub-Assistant Engineer,almamun07986@gmail.com,almamun07986@gmail.com,GMD-BARISHAL,"জিএমডি, বরিশাল","GMD, Barishal",Barishal,ভান্ডারিয়া ১৩২/৩৩ কেভি সাবস্টেশন,GENERAL,ACTIVE,2026-2028,41
1163,PGD-2026-1163,2220,DIP-2026-2220,5849,"এইচ, এম, আসাদুল্লাহ",,উপ-সহকারী প্রকৌশলী,Sub-Assistant Engineer,hmasadullah102@gmail.com,hmasadullah102@gmail.com,GMD-CUMILLA,"জিএমডি, কুমিল্লা","GMD, Cumilla",Cumilla,"চৌমুহনী ২৩০/১৩২/৩৩ কেভি জিআইএস গ্রীড উপকেন্দ্র, জিএমডি, পাওয়ার গ্রীড, নোয়াখালী।",GENERAL,ACTIVE,2026-2028,41
1164,PGD-2026-1164,2221,DIP-2026-2221,5850,Md. Razekul Ahasan,Md. Razekul Ahasan,উপ-সহকারী প্রকৌশলী,Sub-Assistant Engineer,mdrazekulahasan@gmail.com,mdrazekulahasan@gmail.com,GMD-CTG-NORTH,"জিএমডি, চট্টগ্রাম (উত্তর)","GMD, Chattogram (North)",Chattogram,BSRM 230/33 KV Grid Substation,GENERAL,ACTIVE,2026-2028,41
1165,PGD-2026-1165,2222,DIP-2026-2222,5851,মো: মাহমুদুর রহমান,,উপ-সহকারী প্রকৌশলী,Sub-Assistant Engineer,irfan.domar@gmail.com,irfan.domar@gmail.com,GMD-CUMILLA,"জিএমডি, কুমিল্লা","GMD, Cumilla",Cumilla,চান্দিনা ১৩২/৩৩ কেভি জিআইএস গ্রিড সাবস্টেশন,GENERAL,ACTIVE,2026-2028,41
1166,PGD-2026-1166,2223,DIP-2026-2223,5852,আফজাল হোসাইন,,উপ-সহকারী প্রকৌশলী,Sub-Assistant Engineer,member.5852@pgcb.org.bd,হ্যা,GMD-CTG-NORTH,"জিএমডি, চট্টগ্রাম (উত্তর)","GMD, Chattogram (North)",Chattogram,মদুনাঘাট ৪০০/২৩০ কেভি জি আই এস গ্রিড সাবষ্টেশন,GENERAL,ACTIVE,2026-2028,41
1167,PGD-2026-1167,2224,DIP-2026-2224,5853,গোবিন্দ কুমার শর্মা,,উপ-সহকারী প্রকৌশলী,Sub-Assistant Engineer,gobindokumarsharma@gmail.com,gobindokumarsharma@gmail,GMD-ISHWARDI,"জিএমডি, ঈশ্বরদী","GMD, Ishwardi",Rajshahi,"২৩০/১৩২ কেভি গ্রিড উপকেন্দ্র,ঈশ্বরদী",GENERAL,ACTIVE,2026-2028,41
1168,PGD-2026-1168,2225,DIP-2026-2225,5855,সজিব আহম্মেদ,,উপ-সহকারী প্রকৌশলী,Sub-Assistant Engineer,munnahshojib1996@gmail.com,munnahshojib1996@gmail.co m,GMD-CTG-NORTH,"জিএমডি, চট্টগ্রাম (উত্তর)","GMD, Chattogram (North)",Chattogram,একেএসপিএল ১৩২/৩৩কেভি গ্রিড উপকেন্দ্র,GENERAL,ACTIVE,2026-2028,41
1169,PGD-2026-1169,2227,DIP-2026-2227,5857,মো: আশিকুর রহমান আশিক,,উপ-সহকারী প্রকৌশলী,Sub-Assistant Engineer,ashikislam809964@gmail.com,ashikislam809964@gmail.co m,GMD-CTG-NORTH,"জিএমডি, চট্টগ্রাম (উত্তর)","GMD, Chattogram (North)",Chattogram,বার আওলিয়া ১৩২/৩৩/১১কেভি গ্রীড উপকেন্দ্র,GENERAL,ACTIVE,2026-2028,41
1170,PGD-2026-1170,2228,DIP-2026-2228,5858,মো:মোকছেদুল হক,,উপ-সহকারী প্রকৌশলী,Sub-Assistant Engineer,moksedulhaque420@gmail.com,moksedulhaque420@gmail.c om,GMD-CTG-SOUTH,"জিএমডি, চট্টগ্রাম (দক্ষিণ)","GMD, Chattogram (South)",Chattogram,চট্টগ্রাম এলডিসি,GENERAL,ACTIVE,2026-2028,41
1171,PGD-2026-1171,2229,DIP-2026-2229,5859,সাগর উদ্দিন,,উপ-সহকারী প্রকৌশলী,Sub-Assistant Engineer,mahmudmdsagor6@gmail.com,mahmudmdsagor6@gmail.co m,GMD-CUMILLA,"জিএমডি, কুমিল্লা","GMD, Cumilla",Cumilla,দাগনভূঞা ১৩২/৩৩ কেভি গ্রিড উপকেন্দ্র,GENERAL,ACTIVE,2026-2028,41
1172,PGD-2026-1172,2230,DIP-2026-2230,5860,বুলবুল আহম্মেদ,,উপ-সহকারী প্রকৌশলী,Sub-Assistant Engineer,bulbul767718@gmail.com,bulbul767718@gmail.com,GMD-DINAJPUR,"জিএমডি, দিনাজপুর","GMD, Dinajpur",Rangpur,পঞ্চগড় ১৩২/৩৩ কেভি গ্রিড উপকেন্দ্র,GENERAL,ACTIVE,2026-2028,41
1173,PGD-2026-1173,2231,DIP-2026-2231,5861,মোঃ আব্দুল লতিফ,,উপ-সহকারী প্রকৌশলী,Sub-Assistant Engineer,abdullatif1918@gmail.com,abdullatif1918@gmail.com,GMD-CTG-NORTH,"জিএমডি, চট্টগ্রাম (উত্তর)","GMD, Chattogram (North)",Chattogram,করেরহাট ৪০০/২৩০/১৩২ কেভি জি.আই.এস গ্রিড সাবস্টেশন,GENERAL,ACTIVE,2026-2028,41
1174,PGD-2026-1174,2232,DIP-2026-2232,5862,মোঃ আকমাল হোসাইন,,উপ-সহকারী প্রকৌশলী,Sub-Assistant Engineer,akmalhossain689@gmail.com,akmalhossain689@gmail.com,GMD-DHK-METRO,ঢাকা মহানগর,Dhaka Metropolitan,Dhaka,ভূলতা ৪০০কেভি গ্রিড উপকেন্দ্র,GENERAL,ACTIVE,2026-2028,41
1175,PGD-2026-1175,2233,DIP-2026-2233,5863,Bikash Sarker,Bikash Sarker,উপ-সহকারী প্রকৌশলী,Sub-Assistant Engineer,bikashsarker216@gmail.com,bikashsarker216@gmail.com,GMD-CUMILLA,"জিএমডি, কুমিল্লা","GMD, Cumilla",Cumilla,"Maijdee 132/33kv Gis Grid Substation, GMD Noakhali",GENERAL,ACTIVE,2026-2028,41
1176,PGD-2026-1176,2234,DIP-2026-2234,5864,মোঃ নাঈম,,উপ-সহকারী প্রকৌশলী,Sub-Assistant Engineer,eeenayem@gmail.com,eeenayem@gmail.com,PROJECT-BRANCH,প্রকল্প শাখা,Project Branch,Headquarters / Projects,প্রকল্প-২,GENERAL,ACTIVE,2026-2028,41
1177,PGD-2026-1177,2235,DIP-2026-2235,5865,Mir Md. Fazlul Haque Sujon,Mir Md. Fazlul Haque Sujon,উপ-সহকারী প্রকৌশলী,Sub-Assistant Engineer,mirsujon3@gmail.com,mirsujon3@gmail.com,GMD-SRIMANGAL,"জিএমডি, শ্রীমঙ্গল","GMD, Srimangal",Sylhet,Fenchugonj 230/132 KV Grid sub station,GENERAL,ACTIVE,2026-2028,41
1178,PGD-2026-1178,2236,DIP-2026-2236,5866,BABUL MIA,BABUL MIA,উপ-সহকারী প্রকৌশলী,Sub-Assistant Engineer,engrbabul2@gmail.com,engrbabul2@gmail.com,GMD-SRIMANGAL,"জিএমডি, শ্রীমঙ্গল","GMD, Srimangal",Sylhet,Bibiyana 400/230 KV Grid Substation,GENERAL,ACTIVE,2026-2028,41
1179,PGD-2026-1179,2237,DIP-2026-2237,5867,Md. Tahidul Islam,Md. Tahidul Islam,উপ-সহকারী প্রকৌশলী,Sub-Assistant Engineer,ee.tahidulislam@gmail.com,ee.tahidulislam@gmail.com,GMD-CTG-NORTH,"জিএমডি, চট্টগ্রাম (উত্তর)","GMD, Chattogram (North)",Chattogram,Hathajari 230/132/33 kV SS,GENERAL,ACTIVE,2026-2028,41
1180,PGD-2026-1180,2238,DIP-2026-2238,5868,মোঃ রায়হান আলী,,উপ-সহকারী প্রকৌশলী,Sub-Assistant Engineer,engrrayhanali055@gmail.com,engrrayhanali055@gmail.com,GMD-CTG-NORTH,"জিএমডি, চট্টগ্রাম (উত্তর)","GMD, Chattogram (North)",Chattogram,মিরসরাই ২৩০/৩৩ কেভি গ্রিড উপকেন্দ্র,GENERAL,ACTIVE,2026-2028,41
1181,PGD-2026-1181,2239,DIP-2026-2239,5869,Alamin Sheikh,Alamin Sheikh,উপ-সহকারী প্রকৌশলী,Sub-Assistant Engineer,alaminsheikh342000@gmail.com,alaminsheikh342000@gmail.c om,GMD-CUMILLA,"জিএমডি, কুমিল্লা","GMD, Cumilla",Cumilla,Kachua 230/132/33 kV GIS Grid S/S,GENERAL,ACTIVE,2026-2028,41
1182,PGD-2026-1182,2240,DIP-2026-2240,5870,SAYFUL ISLAM,SAYFUL ISLAM,উপ-সহকারী প্রকৌশলী,Sub-Assistant Engineer,sayfulislam458@gmail.com,sayfulislam458@gmail.com,GMD-FARIDPUR,"জিএমডি, ফরিদপুর","GMD, Faridpur",Dhaka,Gopalganj 132/33 kv grid Substation,GENERAL,ACTIVE,2026-2028,41
1183,PGD-2026-1183,2241,DIP-2026-2241,5871,Shumit Mazumder,Shumit Mazumder,উপ-সহকারী প্রকৌশলী,Sub-Assistant Engineer,sumitmajumder528@gmail.com,sumitmajumder528@gmail.c om,GMD-DHK-NORTH,"জিএমডি, ঢাকা (উত্তর)","GMD, Dhaka (North)",Dhaka,Kabirpur 132/33 kv Grid substation,GENERAL,ACTIVE,2026-2028,41
1184,PGD-2026-1184,2242,DIP-2026-2242,5872,সাইদুল ইসলাম,,উপ-সহকারী প্রকৌশলী,Sub-Assistant Engineer,sydulislamee@gmail.com,sydulislamee@gmail.com,GMD-DHK-EAST,"জিএমডি, ঢাকা (পূর্ব)","GMD, Dhaka (East)",Dhaka,"ভুলতা ১৩২/৩৩ কেভি গ্রিড উপকেন্দ্র,জিএমডি নরসিংদী।",GENERAL,ACTIVE,2026-2028,41
1185,PGD-2026-1185,2243,DIP-2026-2243,5873,কাজী আরাফাত হোসেন,,উপ-সহকারী প্রকৌশলী,Sub-Assistant Engineer,kaziarafathosen@gmail.com,Kaziarafathosen@gmail.com,GMD-FARIDPUR,"জিএমডি, ফরিদপুর","GMD, Faridpur",Dhaka,Madaripur 132/33kv Grid Substation,GENERAL,ACTIVE,2026-2028,41
1186,PGD-2026-1186,2244,DIP-2026-2244,5874,মোঃ আলমগীর হোসেন,,উপ-সহকারী প্রকৌশলী,Sub-Assistant Engineer,88alamgir30@gmail.com,88alamgir30@gmail.com,GMD-RAJSHAHI,"জিএমডি, রাজশাহী","GMD, Rajshahi",Rajshahi,নাটোর ১৩২/৩৩ কেভি গ্রিড উপকেন্দ্র,GENERAL,ACTIVE,2026-2028,41
1187,PGD-2026-1187,2245,DIP-2026-2245,5875,শহিদ হোসেন,,উপ-সহকারী প্রকৌশলী,Sub-Assistant Engineer,shahidhossain01756@gmail.com,shahidhossain01756@gmail.c om,GMD-CTG-SOUTH,"জিএমডি, চট্টগ্রাম (দক্ষিণ)","GMD, Chattogram (South)",Chattogram,পটয়িা ১৩২/৩৩ কেভি জিআইএস সাবস্টেশন,GENERAL,ACTIVE,2026-2028,41
1188,PGD-2026-1188,2246,DIP-2026-2246,5876,সুদীপ্ত রায় সুজন,,উপ-সহকারী প্রকৌশলী,Sub-Assistant Engineer,sudiptaroy153094@gmail.com,sudiptaroy153094@gmail.co m,GMD-CUMILLA,"জিএমডি, কুমিল্লা","GMD, Cumilla",Cumilla,"চৌমুহনী ২৩০/১৩২/৩৩ কেভি গ্রিড উপকেন্দ্র,নোয়াখালী",GENERAL,ACTIVE,2026-2028,41
1189,PGD-2026-1189,2247,DIP-2026-2247,5877,আল-আমিন,,উপ-সহকারী প্রকৌশলী,Sub-Assistant Engineer,mdalaminhosen62@gmail.com,mdalaminhosen62@gmail.co m,GMD-CUMILLA,"জিএমডি, কুমিল্লা","GMD, Cumilla",Cumilla,লক্ষ্মীপুর ১৩২/৩৩ কেভি জিআইএস গ্রিড সাবস্টেশন,GENERAL,ACTIVE,2026-2028,41
1190,PGD-2026-1190,2248,DIP-2026-2248,5878,মোঃ ইস্রাফিল হোসেন,,উপ-সহকারী প্রকৌশলী,Sub-Assistant Engineer,mdesrafilhossain5@gmail.com,mdesrafilhossain5@gmail.co m,GMD-CTG-CENTRAL,"জিএমডি, চট্টগ্রাম (সেন্ট্রাল)","GMD, Chattogram (Central)",Chattogram,আনন্দ বাজার ১৩২/৩৩ কেভি গ্রিড সাবস্টেশন,GENERAL,ACTIVE,2026-2028,42
1191,PGD-2026-1191,2250,DIP-2026-2250,5880,মোঃ নুরজামাল মিয়া,,উপ-সহকারী প্রকৌশলী,Sub-Assistant Engineer,nurjamalnahid07@gmail.com,nurjamalnahid07@gmail.com,GMD-SRIMANGAL,"জিএমডি, শ্রীমঙ্গল","GMD, Srimangal",Sylhet,আশুগঞ্জ ২৩০ কেভি গ্রিড উপকেন্দ্র,GENERAL,ACTIVE,2026-2028,42
1192,PGD-2026-1192,2251,DIP-2026-2251,5881,তিশি খাতুন,,উপ-সহকারী প্রকৌশলী,Sub-Assistant Engineer,tahiyatishi@gmail.com,tahiyatishi@gmail,GMD-DHK-METRO,ঢাকা মহানগর,Dhaka Metropolitan,Dhaka,ইএমডি,GENERAL,ACTIVE,2026-2028,42
1193,PGD-2026-1193,2252,DIP-2026-2252,5882,মো: রুবেল ইসলাম,,উপ-সহকারী প্রকৌশলী,Sub-Assistant Engineer,rubelent1997@gmail.com,rubelent1997@gmail.com,GMD-CUMILLA,"জিএমডি, কুমিল্লা","GMD, Cumilla",Cumilla,লাকসাম ১৩২/৩৩ কেভি জিআইএস সাবস্টেশন,GENERAL,ACTIVE,2026-2028,42
1194,PGD-2026-1194,2253,DIP-2026-2253,5885,মো: আব্দুল ওয়াহিদ,,উপ-সহকারী প্রকৌশলী,Sub-Assistant Engineer,ab.wahid1095@gmail.com,ab.wahid1095@gmail.com,GMD-CUMILLA,"জিএমডি, কুমিল্লা","GMD, Cumilla",Cumilla,লক্ষীপুর ১৩২/৩৩ কেভি জিআইএস গ্রিড উপকেন্দ্র,GENERAL,ACTIVE,2026-2028,42
1195,PGD-2026-1195,2254,DIP-2026-2254,5886,সজিব সরকার,,উপ-সহকারী প্রকৌশলী,Sub-Assistant Engineer,sajib.sarker.1610@gmail.com,sajib.sarker.1610@gmail.com,GMD-SRIMANGAL,"জিএমডি, শ্রীমঙ্গল","GMD, Srimangal",Sylhet,"ফেঞ্চুগঞ্জ ২৩০/১৩২ কেভি গ্রিড উপকেন্দ্র, ফেঞ্চুগঞ্জ, সিলেট",GENERAL,ACTIVE,2026-2028,42
1196,PGD-2026-1196,2255,DIP-2026-2255,5888,মোঃ রাশিদুল ইসলাম,,উপ-সহকারী প্রকৌশলী,Sub-Assistant Engineer,rashidulpbn@gmail.com,rashidulpbn@gmail.com,GMD-ISHWARDI,"জিএমডি, ঈশ্বরদী","GMD, Ishwardi",Rajshahi,২৩০/১৩২ কেভি গ্রিড উপকেন্দ্র ইশ্বরদী,GENERAL,ACTIVE,2026-2028,42
1197,PGD-2026-1197,2256,DIP-2026-2256,5890,Anamul Kabir,Anamul Kabir,উপ-সহকারী প্রকৌশলী,Sub-Assistant Engineer,anamulkabirduet2020@gmail.com,anamulkabirduet2020@gmail,PROJECT-BRANCH,প্রকল্প শাখা,Project Branch,Headquarters / Projects,G to G,GENERAL,ACTIVE,2026-2028,42
1198,PGD-2026-1198,2257,DIP-2026-2257,5891,মোঃ দেলোয়ার হোসেন,,উপ-সহকারী প্রকৌশলী,Sub-Assistant Engineer,delwer96@gmail.com,delwer96@gmail.com,GMD-CUMILLA,"জিএমডি, কুমিল্লা","GMD, Cumilla",Cumilla,"চাঁদপুর ১৩২/৩৩ কেভি গ্রিড সাব স্টেশন, চাঁদপুর।",GENERAL,ACTIVE,2026-2028,42
1199,PGD-2026-1199,2258,DIP-2026-2258,5892,জুয়েল রানা,,উপ-সহকারী প্রকৌশলী,Sub-Assistant Engineer,zuyelrana55555@gmail.com,zuyelrana55555@gmail.com,GMD-CTG-SOUTH,"জিএমডি, চট্টগ্রাম (দক্ষিণ)","GMD, Chattogram (South)",Chattogram,Dohazari 132/33 KV grid substation,GENERAL,ACTIVE,2026-2028,42
1200,PGD-2026-1200,2259,DIP-2026-2259,5893,মোঃরাব্বি হাসান জনি,,উপ-সহকারী প্রকৌশলী,Sub-Assistant Engineer,rabbynohata@gmail.com,rabbynohata@gmail.com,GMD-JHENAIDAH,"জিএমডি, ঝিনাইদহ","GMD, Jhenaidah",Khulna,কালীগঞ্জ ১৩২/৩৩ এআইএস গ্রিড উপকেন্দ্র,GENERAL,ACTIVE,2026-2028,42
1201,PGD-2026-1201,2260,DIP-2026-2260,5894,Rocky kumar,Rocky kumar,উপ-সহকারী প্রকৌশলী,Sub-Assistant Engineer,rockykumarr1600@gmail.com,rockykumarr1600@gmail.co m,GMD-CUMILLA,"জিএমডি, কুমিল্লা","GMD, Cumilla",Cumilla,Maijdee 132/33 kv GIS Grid substation,GENERAL,ACTIVE,2026-2028,42
1202,PGD-2026-1202,2261,DIP-2026-2261,5895,আহসান হাবীব,,উপ-সহকারী প্রকৌশলী,Sub-Assistant Engineer,ahsanhabib8587@gmail.com,ahsanhabib8587@gmail.com,GMD-CUMILLA,"জিএমডি, কুমিল্লা","GMD, Cumilla",Cumilla,ফেনী 230/132 গ্রীড উপকেন্দ্র,GENERAL,ACTIVE,2026-2028,42
1203,PGD-2026-1203,2262,DIP-2026-2262,5896,হাবিজুল ইসলাম,,উপ-সহকারী প্রকৌশলী,Sub-Assistant Engineer,enghafeez9999@gmail.com,enghafeez9999@gmail.com,GMD-DHK-EAST,"জিএমডি, ঢাকা (পূর্ব)","GMD, Dhaka (East)",Dhaka,নরসিংদী ১৩২/৩৩ কেভি গ্রিড উপকেন্দ্র।,GENERAL,ACTIVE,2026-2028,42
1204,PGD-2026-1204,2263,DIP-2026-2263,5897,Md Omar Faruk,Md Omar Faruk,উপ-সহকারী প্রকৌশলী,Sub-Assistant Engineer,engfaruk9@gmail.com,engfaruk9@gmail.com,GMD-BOGURA,"জিএমডি, বগুড়া","GMD, Bogura",Rajshahi,Bogura 132/33 kv grid sub station,GENERAL,ACTIVE,2026-2028,42
1205,PGD-2026-1205,2264,DIP-2026-2264,5898,মোঃ সুমন মিয়া,,উপ-সহকারী প্রকৌশলী,Sub-Assistant Engineer,sumonbappi766226@gmail.com,sumonbappi766226@gmail.c om,GMD-SRIMANGAL,"জিএমডি, শ্রীমঙ্গল","GMD, Srimangal",Sylhet,বিয়ানীবাজার ১৩২/৩৩ কেভি গ্রীড সাবস্টেশন,GENERAL,ACTIVE,2026-2028,42
1206,PGD-2026-1206,2265,DIP-2026-2265,5899,মোঃ আরিফুল ইসলাম,,উপ-সহকারী প্রকৌশলী,Sub-Assistant Engineer,arifshahibur1432@gmail.com,arifshahibur1432@gmail.com,GMD-CUMILLA,"জিএমডি, কুমিল্লা","GMD, Cumilla",Cumilla,কুমিল্লা (উত্তর) ২৩০/১৩২/৩৩ কেভি গ্রিড উপকেন্দ্র,GENERAL,ACTIVE,2026-2028,42
1207,PGD-2026-1207,2266,DIP-2026-2266,5900,ASHIKUZZAMAN,ASHIKUZZAMAN,উপ-সহকারী প্রকৌশলী,Sub-Assistant Engineer,soashikuzzaman@gmail.com,soashikuzzaman@gmail.com,GMD-CTG-NORTH,"জিএমডি, চট্টগ্রাম (উত্তর)","GMD, Chattogram (North)",Chattogram,Sitakundu 132/33kv s/s,GENERAL,ACTIVE,2026-2028,42
1208,PGD-2026-1208,2267,DIP-2026-2267,5901,মো: মামুন হাসান,,উপ-সহকারী প্রকৌশলী,Sub-Assistant Engineer,mamun.pgcb24@gmail.com,mamun.pgcb24@gmail.com,GMD-CUMILLA,"জিএমডি, কুমিল্লা","GMD, Cumilla",Cumilla,"চাঁদপুর ১৩২/৩৩ কেভি গ্রিড উপকেন্দ্র, জিএমডি কুমিল্লা।",GENERAL,ACTIVE,2026-2028,42
1209,PGD-2026-1209,2268,DIP-2026-2268,5902,Md. Shamim,Md. Shamim,উপ-সহকারী প্রকৌশলী,Sub-Assistant Engineer,saepgbplc25@gmail.com,saepgbplc25@gmail.com,GMD-SRIMANGAL,"জিএমডি, শ্রীমঙ্গল","GMD, Srimangal",Sylhet,230/132/33 kv grid substation,GENERAL,ACTIVE,2026-2028,42
1210,PGD-2026-1210,2269,DIP-2026-2269,5903,মো: মুছা মিয়া খান,,উপ-সহকারী প্রকৌশলী,Sub-Assistant Engineer,engmusakhan2556@gmail.com,engmusakhan2556@gmail.co m,PROJECT-BRANCH,প্রকল্প শাখা,Project Branch,Headquarters / Projects,Sylhet East 132/33kv GIS SS (PGNS Project),GENERAL,ACTIVE,2026-2028,42
1211,PGD-2026-1211,2270,DIP-2026-2270,5904,MD. MOHIUDDIN,MD. MOHIUDDIN,উপ-সহকারী প্রকৌশলী,Sub-Assistant Engineer,mohiuddinmohim912@gmail.com,mohiuddinmohim912@gmail. com,GMD-BARISHAL,"জিএমডি, বরিশাল","GMD, Barishal",Barishal,bakerganj 132/33 kv s/s,GENERAL,ACTIVE,2026-2028,42
1212,PGD-2026-1212,2271,DIP-2026-2271,5946,Md. Mehedi Hasan,Md. Mehedi Hasan,উপ-সহকারী প্রকৌশলী,Sub-Assistant Engineer,hasanmehedieee1@gmail.com,hasanmehedieee1@gmail.co m,GMD-DHK-EAST,"জিএমডি, ঢাকা (পূর্ব)","GMD, Dhaka (East)",Dhaka,Ghorashal 230/33kV SS,GENERAL,ACTIVE,2026-2028,42
1213,PGD-2026-1213,2272,DIP-2026-2272,6055,মোঃ মোস্তফা মল্লিক,,উপ-সহকারী প্রকৌশলী,Sub-Assistant Engineer,mostofa99.et@gmail.com,mostofa99.et@gmail.com,GMD-FARIDPUR,"জিএমডি, ফরিদপুর","GMD, Faridpur",Dhaka,গোপালগঞ্জ ৪০০/২৩০/১৩২কেভি সাবস্টেশন,GENERAL,ACTIVE,2026-2028,42
1214,PGD-2026-1214,2273,DIP-2026-2273,6056,কাজী নাজমুল,,উপ-সহকারী প্রকৌশলী,Sub-Assistant Engineer,nazmul153202@gmail.com,nazmul153202@gmail.com,GMD-CTG-CENTRAL,"জিএমডি, চট্টগ্রাম (সেন্ট্রাল)","GMD, Chattogram (Central)",Chattogram,জুলদা 132/33 কেভি গ্রিড উপকেন্দ্র,GENERAL,ACTIVE,2026-2028,42
1215,PGD-2026-1215,2274,DIP-2026-2274,6057,রাসেল দেওয়ান,,উপ-সহকারী প্রকৌশলী,Sub-Assistant Engineer,raseldewan58@gmail.com,raseldewan58@gmail.com,GMD-CTG-SOUTH,"জিএমডি, চট্টগ্রাম (দক্ষিণ)","GMD, Chattogram (South)",Chattogram,দোহাজারী ১৩২/৩৩ কেভি গ্রিড সাব স্টেশন,GENERAL,ACTIVE,2026-2028,42
1216,PGD-2026-1216,2275,DIP-2026-2275,6058,গাজী আনিসুর রহমান,,উপ-সহকারী প্রকৌশলী,Sub-Assistant Engineer,gazianisurr@gmail.com,gazianisurr@gmail.com,GMD-FARIDPUR,"জিএমডি, ফরিদপুর","GMD, Faridpur",Dhaka,গোপালগঞ্জ ৪০০/২৩০/১৩২ কেভি উপকেন্দ্র,GENERAL,ACTIVE,2026-2028,42
1217,PGD-2026-1217,2288,DIP-2026-2288,6059,জেরিন আকতার সুমা,,উপ-সহকারী প্রকৌশলী,Sub-Assistant Engineer,jerineee52@gmail.com,jerineee52@gmail.com,GMD-DHK-METRO,ঢাকা মহানগর,Dhaka Metropolitan,Dhaka,Kallyanpur 132/33 kV GIS Grid Sub-station,GENERAL,ACTIVE,2026-2028,42
1218,PGD-2026-1218,2276,DIP-2026-2276,6060,মোঃ তারেক বাবু,,উপ-সহকারী প্রকৌশলী,Sub-Assistant Engineer,tarakbabu767@gmail.com,tarakbabu767@gmail.com,GMD-DHK-EAST,"জিএমডি, ঢাকা (পূর্ব)","GMD, Dhaka (East)",Dhaka,ভূলতা ৪০০/২৩০ কেভি গ্রিড উপকেন্দ্র,GENERAL,ACTIVE,2026-2028,42
1219,PGD-2026-1219,2277,DIP-2026-2277,6061,Abhi Das Guptaa,Abhi Das Guptaa,উপ-সহকারী প্রকৌশলী,Sub-Assistant Engineer,abhidasguptaofficial@gmail.com,abhidasguptaofficial@gmail.c om,GMD-CTG-SOUTH,"জিএমডি, চট্টগ্রাম (দক্ষিণ)","GMD, Chattogram (South)",Chattogram,Cox's bazar 132 33 kV Grid substation,GENERAL,ACTIVE,2026-2028,43
1220,PGD-2026-1220,2278,DIP-2026-2278,6062,মোঃ ইমরান হোসেন,,উপ-সহকারী প্রকৌশলী,Sub-Assistant Engineer,smimran642886@gmail.com,smimran642886@gmail.com,GMD-CTG-SOUTH,"জিএমডি, চট্টগ্রাম (দক্ষিণ)","GMD, Chattogram (South)",Chattogram,Tk chemical 132/33kv grid substation,GENERAL,ACTIVE,2026-2028,43
1221,PGD-2026-1221,2279,DIP-2026-2279,6063,Md Tanbir Hossain,Md Tanbir Hossain,উপ-সহকারী প্রকৌশলী,Sub-Assistant Engineer,mdtanvirhossain099@gmail.com,mdtanvirhossain099@gmail.c om,GMD-CUMILLA,"জিএমডি, কুমিল্লা","GMD, Cumilla",Cumilla,Kachua 230/132/33 KV Gis Grid S/S,GENERAL,ACTIVE,2026-2028,43
1222,PGD-2026-1222,2280,DIP-2026-2280,6064,Md. Nazrul Islam,Md. Nazrul Islam,উপ-সহকারী প্রকৌশলী,Sub-Assistant Engineer,nazrulislam5620@gmail.com,Nazrulislam5620@gmail.com,GMD-CTG-CENTRAL,"জিএমডি, চট্টগ্রাম (সেন্ট্রাল)","GMD, Chattogram (Central)",Chattogram,132/33 kv Julda gird substation,GENERAL,ACTIVE,2026-2028,43
1223,PGD-2026-1223,2281,DIP-2026-2281,6065,মোঃ আদিল মিয়া,,উপ-সহকারী প্রকৌশলী,Sub-Assistant Engineer,cse.duet.adil@gmail.com,cse.duet.adil@gmail.com,GMD-CTG-CENTRAL,"জিএমডি, চট্টগ্রাম (সেন্ট্রাল)","GMD, Chattogram (Central)",Chattogram,করেরহাট ৪০০/২৩০/১৩২ জিআইএস গ্রিড উপকেন্দ্র,GENERAL,ACTIVE,2026-2028,43
1224,PGD-2026-1224,2282,DIP-2026-2282,6066,সাদি মাহমুদ,,উপ-সহকারী প্রকৌশলী,Sub-Assistant Engineer,mahmud.6832@gmail.com,mahmud.6832@gmail.com,GMD-CTG-SOUTH,"জিএমডি, চট্টগ্রাম (দক্ষিণ)","GMD, Chattogram (South)",Chattogram,পটয়িা ১৩২/৩৩ কেভি জিআইএস গ্রীড উপকেন্দ্র,GENERAL,ACTIVE,2026-2028,43
1225,PGD-2026-1225,2283,DIP-2026-2283,6067,Md. Nahid Hasan Supto,Md. Nahid Hasan Supto,উপ-সহকারী প্রকৌশলী,Sub-Assistant Engineer,nahidhasansupto.eu@gmail.com,nahidhasansupto.eu@gmail.c om,GMD-CUMILLA,"জিএমডি, কুমিল্লা","GMD, Cumilla",Cumilla,Chandina 132/33 kv GIS Grid Substation,GENERAL,ACTIVE,2026-2028,43
1226,PGD-2026-1226,2284,DIP-2026-2284,6068,শান্ত পাল,,উপ-সহকারী প্রকৌশলী,Sub-Assistant Engineer,suntopaul@gmail.com,suntopaul@gmail.com,GMD-CUMILLA,"জিএমডি, কুমিল্লা","GMD, Cumilla",Cumilla,২৩০/১৩২/৩৩ জিআইএস কচুয়া উপকেন্দ্র,GENERAL,ACTIVE,2026-2028,43
1227,PGD-2026-1227,2285,DIP-2026-2285,6069,মো ফজলে রাব্বি,,উপ-সহকারী প্রকৌশলী,Sub-Assistant Engineer,fazila.rabbi1234@gmail.com,fazila.rabbi1234@gmail.com,GMD-CUMILLA,"জিএমডি, কুমিল্লা","GMD, Cumilla",Cumilla,মাইজদী ১৩২/৩৩ কেবি জিআইএস উপকেন্দ্র,GENERAL,ACTIVE,2026-2028,43
1228,PGD-2026-1228,2286,DIP-2026-2286,6078,আব্দুল্লাহ আল সাগর,,উপ-সহকারী প্রকৌশলী,Sub-Assistant Engineer,abdullahjr789@gmail.com,abdullahjr789@gmail.com,GMD-CUMILLA,"জিএমডি, কুমিল্লা","GMD, Cumilla",Cumilla,রামগঞ্জ ১৩২/৩৩ কেভি গ্রিড উপকেন্দ্র,GENERAL,ACTIVE,2026-2028,43
1229,PGD-2026-1229,2287,DIP-2026-2287,6806,সোহেল চাকমা,,উপ-সহকারী প্রকৌশলী,Sub-Assistant Engineer,sohelchakma79@gmail.com,sohelchakma79@gmail.com,GMD-CTG-NORTH,"জিএমডি, চট্টগ্রাম (উত্তর)","GMD, Chattogram (North)",Chattogram,রাংগামাটি ১৩২/৩৩ কেভি গ্রিড উপকেন্দ্র,GENERAL,ACTIVE,2026-2028,43
1230,PGD-2026-1230,2198,DIP-2026-2198,005821,পাভেল চন্দ্র দাস,,উপ-সহকারী প্রকৌশলী,Sub-Assistant Engineer,paveldas905@gmail.com,Paveldas905@gmail.com,GMD-CTG-CENTRAL,"জিএমডি, চট্টগ্রাম (সেন্ট্রাল)","GMD, Chattogram (Central)",Chattogram,মদুনাঘাট ৪০০/২৩০ কেভি জিআইএস গ্রিড উপকেন্দ্র,GENERAL,ACTIVE,2026-2028,43
1231,PGD-2026-1231,502,DIP-2026-502,00612,Md maruf uddin talukder,Md maruf uddin talukder,সহকারী প্রকৌশলী,Assistant Engineer,marufpgcb@gmail.com,marufpgcb@gmail.com,GMD-KHULNA,"জিএমডি, খুলনা","GMD, Khulna",Khulna,Bagerhat 132/33 Kv grid substations,GENERAL,ACTIVE,2026-2028,43
1232,PGD-2026-1232,310,DIP-2026-310,00893,Mohaimen,Mohaimen,সহকারী প্রকৌশলী,Assistant Engineer,mohaimen334@gmail.com,mohaimen334@gmail.com,PROJECT-BRANCH,প্রকল্প শাখা,Project Branch,Headquarters / Projects,"Project-1, Power Grid, Dhaka.",GENERAL,ACTIVE,2026-2028,43
1233,PGD-2026-1233,378,DIP-2026-378,01108,খন্দকার জাম্মি আহমেদ,,উপ-সহকারী প্রকৌশলী,Sub-Assistant Engineer,khondokerzammeyahmed@gmail.com,khondokerzammeyahmed@g mail.com,GMD-CUMILLA,"জিএমডি, কুমিল্লা","GMD, Cumilla",Cumilla,১৩২ কেভি কুমিল্লা (দঃ) গ্রিড উপকেন্দ্র,GENERAL,ACTIVE,2026-2028,43
1234,PGD-2026-1234,293,DIP-2026-293,01183,Md. Rabiul hossain,Md. Rabiul hossain,উপ-সহকারী প্রকৌশলী,Sub-Assistant Engineer,rabiulpgcb@gmail.com,rabiulpgcb@gmail.com,GMD-CUMILLA,"জিএমডি, কুমিল্লা","GMD, Cumilla",Cumilla,Laksham 132 kV GIS SS,GENERAL,ACTIVE,2026-2028,43
1235,PGD-2026-1235,279,DIP-2026-279,01279,MD. RAHAT TALUKDER,MD. RAHAT TALUKDER,উপ-সহকারী প্রকৌশলী,Sub-Assistant Engineer,md.rahattalukder@gmail.com,md.rahattalukder@gmail.com,GMD-DHK-NORTH,"জিএমডি, ঢাকা (উত্তর)","GMD, Dhaka (North)",Dhaka,Tangail 132/33 kV Grid Sub- station.,GENERAL,ACTIVE,2026-2028,43
1236,PGD-2026-1236,633,DIP-2026-633,01302,Md. Abdullah Almamun,Md. Abdullah Almamun,উপ-সহকারী প্রকৌশলী,Sub-Assistant Engineer,abdullah10126@yahoo.com,abdullah10126@yahoo.com,GMD-RAJSHAHI,"জিএমডি, রাজশাহী","GMD, Rajshahi",Rajshahi,Natore 132/33 kv Grid Sub Station,GENERAL,ACTIVE,2026-2028,43
1237,PGD-2026-1237,693,DIP-2026-693,01317,Md. Faruque Hossain,Md. Faruque Hossain,উপ-সহকারী প্রকৌশলী,Sub-Assistant Engineer,faruquepgcb2@gmail.com,faruquepgcb2@gmail.com,GMD-BOGURA,"জিএমডি, বগুড়া","GMD, Bogura",Rajshahi,Naogaon S/S,GENERAL,ACTIVE,2026-2028,43
1238,PGD-2026-1238,807,DIP-2026-807,03183,Kazi Mohammad Abu Noman Wahid,Kazi Mohammad Abu Noman Wahid,উপ-সহকারী প্রকৌশলী,Sub-Assistant Engineer,nom.wahid2014@gmail.com,nom.wahid2014@gmail.com,GMD-DHK-METRO,ঢাকা মহানগর,Dhaka Metropolitan,Dhaka,132/33kv Maniknagar Grid,GENERAL,ACTIVE,2026-2028,43
1239,PGD-2026-1239,832,DIP-2026-832,03193,মো: মিজানুর রহমান,,উপ-সহকারী প্রকৌশলী,Sub-Assistant Engineer,kdsislamia@gmail.com,kdsislamia@gmail.com,GMD-DINAJPUR,"জিএমডি, দিনাজপুর","GMD, Dinajpur",Rangpur,পূর্ব সাদীপুর ১৩২/৩৩ কেভি উপকেন্দ্র,GENERAL,ACTIVE,2026-2028,43
1240,PGD-2026-1240,967,DIP-2026-967,03195,Md.Abdul Wadud,Md.Abdul Wadud,উপ-সহকারী প্রকৌশলী,Sub-Assistant Engineer,wadudpgcb@gmail.com,wadudpgcb@gmail.com,GMD-DHK-METRO,ঢাকা মহানগর,Dhaka Metropolitan,Dhaka,Satmasjid 132/33 kv Grid Substation,GENERAL,ACTIVE,2026-2028,43
1241,PGD-2026-1241,864,DIP-2026-864,03231,Md.Mahmudul Hasan Mondal,Md.Mahmudul Hasan Mondal,উপ-সহকারী প্রকৌশলী,Sub-Assistant Engineer,biddut92@gmail.com,biddut92@gmail.com,GMD-DHK-METRO,ঢাকা মহানগর,Dhaka Metropolitan,Dhaka,Rampura 230/132 kV grid S/S,GENERAL,ACTIVE,2026-2028,43
1242,PGD-2026-1242,928,DIP-2026-928,03234,ইমরান হোসেন,,উপ-সহকারী প্রকৌশলী,Sub-Assistant Engineer,emran.bd29@gmail.com,emran.bd29@gmail.com,GMD-FARIDPUR,"জিএমডি, ফরিদপুর","GMD, Faridpur",Dhaka,গোপালগঞ্জ ৪০০/২৩০/১৩২ কেভি গ্রিড উপকেন্দ্রে,GENERAL,ACTIVE,2026-2028,43
1243,PGD-2026-1243,1044,DIP-2026-1044,03235,MD. Juael Mallik,MD. Juael Mallik,উপ-সহকারী প্রকৌশলী,Sub-Assistant Engineer,pgcbjewel@gmail.com,pgcbjewel@gmail.com,GMD-FARIDPUR,"জিএমডি, ফরিদপুর","GMD, Faridpur",Dhaka,Faridpur 230/132/33kV Sub- station,GENERAL,ACTIVE,2026-2028,43
1244,PGD-2026-1244,825,DIP-2026-825,03236,Hadi Ahmed,Hadi Ahmed,উপ-সহকারী প্রকৌশলী,Sub-Assistant Engineer,hadi.dpi.bd@gmail.com,hadi.dpi.bd@gmail.com,GMD-DHK-METRO,ঢাকা মহানগর,Dhaka Metropolitan,Dhaka,Shyampur 230/132kV Grid SS,GENERAL,ACTIVE,2026-2028,43
1245,PGD-2026-1245,808,DIP-2026-808,03239,Azad Hossan,Azad Hossan,উপ-সহকারী প্রকৌশলী,Sub-Assistant Engineer,engr.azad51@gmail.com,engr.azad51@gmail.com,GMD-CUMILLA,"জিএমডি, কুমিল্লা","GMD, Cumilla",Cumilla,Chauddagram SS,GENERAL,ACTIVE,2026-2028,43
1246,PGD-2026-1246,978,DIP-2026-978,03242,Mohammad Selim Dipu,Mohammad Selim Dipu,উপ-সহকারী প্রকৌশলী,Sub-Assistant Engineer,dipu.apu@gmail.com,dipu.apu@gmail.com,GMD-DHK-EAST,"জিএমডি, ঢাকা (পূর্ব)","GMD, Dhaka (East)",Dhaka,Narsingdi 132/33 KV Grid Substation,GENERAL,ACTIVE,2026-2028,43
1247,PGD-2026-1247,820,DIP-2026-820,03252,Md.Mosharraf Hossain,Md.Mosharraf Hossain,উপ-সহকারী প্রকৌশলী,Sub-Assistant Engineer,mosharrafpgcb14@gmail.com,mosharrafpgcb14@gmail.co m,GMD-DHK-METRO,ঢাকা মহানগর,Dhaka Metropolitan,Dhaka,"NOD,LDC",GENERAL,ACTIVE,2026-2028,43
1248,PGD-2026-1248,812,DIP-2026-812,03255,Md. Al Amin,Md. Al Amin,উপ-সহকারী প্রকৌশলী,Sub-Assistant Engineer,al.aminpgcb@gmail.com,al.aminpgcb@gmail.com,PROJECT-BRANCH,প্রকল্প শাখা,Project Branch,Headquarters / Projects,400/230/132 kv GNDP,GENERAL,ACTIVE,2026-2028,44
1249,PGD-2026-1249,943,DIP-2026-943,03451,Md.Shamsur Rahman,Md.Shamsur Rahman,উপ-সহকারী প্রকৌশলী,Sub-Assistant Engineer,shamsurrahman.112@gmail.com,shamsurrahman.112@gmail.c om,GMD-ISHWARDI,"জিএমডি, ঈশ্বরদী","GMD, Ishwardi",Rajshahi,Pabna 132/33 Kv Grid Substation,GENERAL,ACTIVE,2026-2028,44
1250,PGD-2026-1250,1100,DIP-2026-1100,03454,Shamim Ahammad,Shamim Ahammad,উপ-সহকারী প্রকৌশলী,Sub-Assistant Engineer,shamim1011ahammad@gmail.com,Shamim1011ahammad@gma il.com,GMD-MYMENSINGH,"জিএমডি, ময়মনসিংহ","GMD, Mymensingh",Mymensingh,Sherpur 132/33kv grid substation,GENERAL,ACTIVE,2026-2028,44
1251,PGD-2026-1251,2291,DIP-2026-2291,03458,Md Abdur Razzak,Md Abdur Razzak,উপ-সহকারী প্রকৌশলী,Sub-Assistant Engineer,abdurpgcb@gmail.com,abdurpgcb@gmail.com,GMD-BOGURA,"জিএমডি, বগুড়া","GMD, Bogura",Rajshahi,Bogura 132/33kv grid sub station,GENERAL,ACTIVE,2026-2028,44
1252,PGD-2026-1252,1057,DIP-2026-1057,03468,মোঃশাহনেওয়াজ রুবেল,,উপ-সহকারী প্রকৌশলী,Sub-Assistant Engineer,shahnewaz.pgcb@gmail.com,shahnewaz.pgcb@gmail.com,GMD-KHULNA,"জিএমডি, খুলনা","GMD, Khulna",Khulna,"ALDC, Khulna",GENERAL,ACTIVE,2026-2028,44
1253,PGD-2026-1253,939,DIP-2026-939,03470,Al Amran,Al Amran,উপ-সহকারী প্রকৌশলী,Sub-Assistant Engineer,alamran21@gmail.com,alamran21@gmail.com,PROJECT-BRANCH,প্রকল্প শাখা,Project Branch,Headquarters / Projects,DWZTGEP,GENERAL,ACTIVE,2026-2028,44
1254,PGD-2026-1254,1725,DIP-2026-1725,03549,Md.Mosharraf Hossain,Md.Mosharraf Hossain,উপ-সহকারী প্রকৌশলী,Sub-Assistant Engineer,mosharrafhossain5565@gmail.com,mosharrafhossain5565@gmai l.com,GMD-RAJSHAHI,"জিএমডি, রাজশাহী","GMD, Rajshahi",Rajshahi,Chapainawabganj 132/33 kv grid Sub Station,GENERAL,ACTIVE,2026-2028,44
1255,PGD-2026-1255,1111,DIP-2026-1111,03552,মোঃ আশরাফুল ইসলাম,,উপ-সহকারী প্রকৌশলী,Sub-Assistant Engineer,engashrafulislam1120@gmail.com,engashrafulislam1120@gmail .com,PROJECT-BRANCH,প্রকল্প শাখা,Project Branch,Headquarters / Projects,SCKTID project,GENERAL,ACTIVE,2026-2028,44
1256,PGD-2026-1256,1063,DIP-2026-1063,03561,Md.Abdul Halim,Md.Abdul Halim,উপ-সহকারী প্রকৌশলী,Sub-Assistant Engineer,abdulhalim2234@gmail.com,abdulhalim2234@gmail.com,GMD-DHK-NORTH,"জিএমডি, ঢাকা (উত্তর)","GMD, Dhaka (North)",Dhaka,Agargaon 230/132 kv Grid Substation,GENERAL,ACTIVE,2026-2028,44
1257,PGD-2026-1257,1066,DIP-2026-1066,03565,MD.Ratan Islam,MD.Ratan Islam,উপ-সহকারী প্রকৌশলী,Sub-Assistant Engineer,ratan181694@gmail.com,ratan181694@gmail.com,GMD-BOGURA,"জিএমডি, বগুড়া","GMD, Bogura",Rajshahi,"Aldc,bogura",GENERAL,ACTIVE,2026-2028,44
1258,PGD-2026-1258,1107,DIP-2026-1107,03592,Md. Masud Rana Khondoker,Md. Masud Rana Khondoker,উপ-সহকারী প্রকৌশলী,Sub-Assistant Engineer,masud_kemi@yahoo.com,masud_kemi@yahoo.com,GMD-BOGURA,"জিএমডি, বগুড়া","GMD, Bogura",Rajshahi,Palashbari 132/33 kV AIS Grid Sub- Station.,GENERAL,ACTIVE,2026-2028,44
1259,PGD-2026-1259,1097,DIP-2026-1097,03593,নুসরাত জাহান,,উপ-সহকারী প্রকৌশলী,Sub-Assistant Engineer,sae1.gmdrangpur@powergrid.com,sae1.gmdrangpur@powergrid .com,GMD-RANGPUR,"জিএমডি, রংপুর","GMD, Rangpur",Rangpur,"জিএমডি, রংপুর।",GENERAL,ACTIVE,2026-2028,44
1260,PGD-2026-1260,1114,DIP-2026-1114,03595,Md. Rezaul Karim,Md. Rezaul Karim,উপ-সহকারী প্রকৌশলী,Sub-Assistant Engineer,reza25.maisha@gmail.com,reza25.maisha@gmail.com,GMD-BOGURA,"জিএমডি, বগুড়া","GMD, Bogura",Rajshahi,"Bogura (West) 400/230 kV GIS S/S, Grid Circle, Bogura.",GENERAL,ACTIVE,2026-2028,44
1261,PGD-2026-1261,1842,DIP-2026-1842,03605,MD Abdur Rahim,MD Abdur Rahim,উপ-সহকারী প্রকৌশলী,Sub-Assistant Engineer,engrabdurrahim21@gmail.com,engrabdurrahim21@gmail.co m,PROJECT-BRANCH,প্রকল্প শাখা,Project Branch,Headquarters / Projects,River Crossing Transmission Line Scheme,GENERAL,ACTIVE,2026-2028,44
1262,PGD-2026-1262,1476,DIP-2026-1476,03654,SHAFIUR RAHMAN,SHAFIUR RAHMAN,উপ-সহকারী প্রকৌশলী,Sub-Assistant Engineer,shafiurraonak@gmail.com,shafiurraonak@gmail,GMD-BOGURA,"জিএমডি, বগুড়া","GMD, Bogura",Rajshahi,Naogaon 132/33KV Grid S/S,GENERAL,ACTIVE,2026-2028,44
1263,PGD-2026-1263,1846,DIP-2026-1846,03832,Md. Shahriar Kabir,Md. Shahriar Kabir,উপ-সহকারী প্রকৌশলী,Sub-Assistant Engineer,skabir819@gmail.com,skabir819@gmail.com,PROJECT-BRANCH,প্রকল্প শাখা,Project Branch,Headquarters / Projects,DWZTGE Project,GENERAL,ACTIVE,2026-2028,44
1264,PGD-2026-1264,1852,DIP-2026-1852,03888,Md.Mazed Bin Islam,Md.Mazed Bin Islam,উপ-সহকারী প্রকৌশলী,Sub-Assistant Engineer,orzee88@gmail.com,orzee88@gmail.com,GMD-RANGPUR,"জিএমডি, রংপুর","GMD, Rangpur",Rangpur,Rangpur 132/33 kv sub-Assistant Engineer,GENERAL,ACTIVE,2026-2028,44
1265,PGD-2026-1265,1853,DIP-2026-1853,03889,Md.Rubel Hossain,Md.Rubel Hossain,উপ-সহকারী প্রকৌশলী,Sub-Assistant Engineer,arjdaac@gmail.com,arjdaac@gmail.com,GMD-JHENAIDAH,"জিএমডি, ঝিনাইদহ","GMD, Jhenaidah",Khulna,Jhenaidah 230kV Grid ss,GENERAL,ACTIVE,2026-2028,44
1266,PGD-2026-1266,1234,DIP-2026-1234,03982,Md Shibly Rayhan,Md Shibly Rayhan,উপ-সহকারী প্রকৌশলী,Sub-Assistant Engineer,shibly.rayhan11@gmail.com,shibly.rayhan11@gmail.com,GMD-DHK-EAST,"জিএমডি, ঢাকা (পূর্ব)","GMD, Dhaka (East)",Dhaka,Meghnaghat 230kV Grid,GENERAL,ACTIVE,2026-2028,44
1267,PGD-2026-1267,1258,DIP-2026-1258,03998,Sumon Mondal,Sumon Mondal,উপ-সহকারী প্রকৌশলী,Sub-Assistant Engineer,sumonmondalet6@gmail.com,sumonmondalet6@gmail.co m,GMD-KHULNA,"জিএমডি, খুলনা","GMD, Khulna",Khulna,230/132kV Khulna South substation,GENERAL,ACTIVE,2026-2028,44
1268,PGD-2026-1268,1862,DIP-2026-1862,03999,মোঃ মঈনুল হক,,উপ-সহকারী প্রকৌশলী,Sub-Assistant Engineer,contact@moinulhaque.com.bd,contact@moinulhaque.com.b d,GMD-ISHWARDI,"জিএমডি, ঈশ্বরদী","GMD, Ishwardi",Rajshahi,ঈশ্বরদী ২৩০/১৩২ কেভি উপকেন্দ্র।,GENERAL,ACTIVE,2026-2028,44
1269,PGD-2026-1269,1687,DIP-2026-1687,04000,Md Ashiqur Rahman,Md Ashiqur Rahman,উপ-সহকারী প্রকৌশলী,Sub-Assistant Engineer,ashiqurrahman237@gmail.com,ashiqurrahman237@gmail.co m,GMD-CUMILLA,"জিএমডি, কুমিল্লা","GMD, Cumilla",Cumilla,NLDC,GENERAL,ACTIVE,2026-2028,44
1270,PGD-2026-1270,1454,DIP-2026-1454,04003,মোঃ সোহেল রানা,,উপ-সহকারী প্রকৌশলী,Sub-Assistant Engineer,sohel028@yahoo.com,sohel028@yahoo.com,GMD-RANGPUR,"জিএমডি, রংপুর","GMD, Rangpur",Rangpur,কুড়িগ্রাম ১৩২/৩৩ কেভি গ্রিড উপকেন্দ্র,GENERAL,ACTIVE,2026-2028,44
1271,PGD-2026-1271,1374,DIP-2026-1374,04005,Dip barua,Dip barua,উপ-সহকারী প্রকৌশলী,Sub-Assistant Engineer,dipshuvo46@gmail.com,dipshuvo46@gmail.com,GMD-CTG-CENTRAL,"জিএমডি, চট্টগ্রাম (সেন্ট্রাল)","GMD, Chattogram (Central)",Chattogram,Halishahar 132/33 kv GIS substation,GENERAL,ACTIVE,2026-2028,44
1272,PGD-2026-1272,1292,DIP-2026-1292,04007,Md Mehedi Hasan,Md Mehedi Hasan,উপ-সহকারী প্রকৌশলী,Sub-Assistant Engineer,mehediuss@gmail.com,mehediuss@gmail.com,GMD-SIRAJGANJ,"জিএমডি, সিরাজগঞ্জ","GMD, Sirajganj",Rajshahi,Sirajganj 230kv Switching station,GENERAL,ACTIVE,2026-2028,44
1273,PGD-2026-1273,1695,DIP-2026-1695,04010,Amran Hossain,Amran Hossain,উপ-সহকারী প্রকৌশলী,Sub-Assistant Engineer,amranhossain660@gmail.com,amranhossain660@gmail.co m,GMD-DHK-METRO,ঢাকা মহানগর,Dhaka Metropolitan,Dhaka,Maniknagar 230/132 KV GIS Grid substation,GENERAL,ACTIVE,2026-2028,44
1274,PGD-2026-1274,1253,DIP-2026-1253,04011,Anup Kumar Roy,Anup Kumar Roy,উপ-সহকারী প্রকৌশলী,Sub-Assistant Engineer,anuproyduet@gmail.com,anuproyduet@gmail.com,GMD-JHENAIDAH,"জিএমডি, ঝিনাইদহ","GMD, Jhenaidah",Khulna,PGNS (G to G) Project,GENERAL,ACTIVE,2026-2028,44
1275,PGD-2026-1275,1472,DIP-2026-1472,04013,Md. Shakhawat Hossain,Md. Shakhawat Hossain,উপ-সহকারী প্রকৌশলী,Sub-Assistant Engineer,shakhawateee34@gmail.com,shakhawateee34@gmail.com,GMD-ISHWARDI,"জিএমডি, ঈশ্বরদী","GMD, Ishwardi",Rajshahi,Pabna 132/33 Kv substation.,GENERAL,ACTIVE,2026-2028,44
1276,PGD-2026-1276,1865,DIP-2026-1865,04014,MD ZAHANGIR ALAM,MD ZAHANGIR ALAM,উপ-সহকারী প্রকৌশলী,Sub-Assistant Engineer,zahangir.4014@gmail.com,zahangir.4014@gmail.com,GMD-DHK-NORTH,"জিএমডি, ঢাকা (উত্তর)","GMD, Dhaka (North)",Dhaka,"Tongi 230-132-33 kV Grid Substation, GMD, Dhaka-North.",GENERAL,ACTIVE,2026-2028,44
1277,PGD-2026-1277,1338,DIP-2026-1338,04015,Mohammed Ali,Mohammed Ali,উপ-সহকারী প্রকৌশলী,Sub-Assistant Engineer,mohammedali8494@gmail.com,mohammedali8494@gmail.co m,GMD-CTG-CENTRAL,"জিএমডি, চট্টগ্রাম (সেন্ট্রাল)","GMD, Chattogram (Central)",Chattogram,Halishahar 132/33 kv grid substation,GENERAL,ACTIVE,2026-2028,45
1278,PGD-2026-1278,1430,DIP-2026-1430,04018,MD SAIMUN ISLAM,MD SAIMUN ISLAM,উপ-সহকারী প্রকৌশলী,Sub-Assistant Engineer,saimunpowergrid@gmail.com,saimunpowergrid@gmail.com,GMD-CUMILLA,"জিএমডি, কুমিল্লা","GMD, Cumilla",Cumilla,Chowmuhani 230/132/33 kVGIS Grid substations,GENERAL,ACTIVE,2026-2028,45
1279,PGD-2026-1279,1295,DIP-2026-1295,04022,MD. SAGAR MAHMUD,MD. SAGAR MAHMUD,উপ-সহকারী প্রকৌশলী,Sub-Assistant Engineer,sagarmahmud5@gmail.com,sagarmahmud5@gmail.com,GMD-DHK-NORTH,"জিএমডি, ঢাকা (উত্তর)","GMD, Dhaka (North)",Dhaka,Kabirpur 132/33 KV Grid Sub station,GENERAL,ACTIVE,2026-2028,45
1280,PGD-2026-1280,1324,DIP-2026-1324,04024,Md Mehedi Hasan,Md Mehedi Hasan,উপ-সহকারী প্রকৌশলী,Sub-Assistant Engineer,farvezmehadi@gmail.com,farvezmehadi@gmail.com,GMD-CTG-NORTH,"জিএমডি, চট্টগ্রাম (উত্তর)","GMD, Chattogram (North)",Chattogram,GPH 230 kV Grid,GENERAL,ACTIVE,2026-2028,45
1281,PGD-2026-1281,1824,DIP-2026-1824,04028,Md. Ataur Rahman,Md. Ataur Rahman,উপ-সহকারী প্রকৌশলী,Sub-Assistant Engineer,ataureee017@gmail.com,ataureee017@gmail.com,GMD-DINAJPUR,"জিএমডি, দিনাজপুর","GMD, Dinajpur",Rangpur,Panchagarh 132/33 kV Grid S/S,GENERAL,ACTIVE,2026-2028,45
1282,PGD-2026-1282,1510,DIP-2026-1510,04033,Md Shahadoth Hossain,Md Shahadoth Hossain,উপ-সহকারী প্রকৌশলী,Sub-Assistant Engineer,shahadothhossain67@gmail.com,shahadothhossain67@gmail.c om,GMD-BOGURA,"জিএমডি, বগুড়া","GMD, Bogura",Rajshahi,Bogura 230/132kv Grid Substation,GENERAL,ACTIVE,2026-2028,45
1283,PGD-2026-1283,1298,DIP-2026-1298,04034,MD. Mahbub Alam,MD. Mahbub Alam,উপ-সহকারী প্রকৌশলী,Sub-Assistant Engineer,mahbubpgcb34@gmail.com,Mahbubpgcb34@gmail.com,GMD-DHK-METRO,ঢাকা মহানগর,Dhaka Metropolitan,Dhaka,Sreenagar 132/33 kV Grid Sub- station,GENERAL,ACTIVE,2026-2028,45
1284,PGD-2026-1284,1867,DIP-2026-1867,04037,Md. Imran Ahmed,Md. Imran Ahmed,উপ-সহকারী প্রকৌশলী,Sub-Assistant Engineer,imransdq99@gmail.com,imransdq99@gmail.com,GMD-DHK-NORTH,"জিএমডি, ঢাকা (উত্তর)","GMD, Dhaka (North)",Dhaka,Kalikoir 400/230/132 kV grid SS,GENERAL,ACTIVE,2026-2028,45
1285,PGD-2026-1285,1698,DIP-2026-1698,04039,Md. Raisul Islam,Md. Raisul Islam,উপ-সহকারী প্রকৌশলী,Sub-Assistant Engineer,mmraisul234@gmail.com,mmraisul234@gmail.com,GMD-DHK-METRO,ঢাকা মহানগর,Dhaka Metropolitan,Dhaka,SCADA& Maintenance Division,GENERAL,ACTIVE,2026-2028,45
1286,PGD-2026-1286,1376,DIP-2026-1376,04041,ABDULLA AL NAYEM,ABDULLA AL NAYEM,উপ-সহকারী প্রকৌশলী,Sub-Assistant Engineer,nayemurdurjoy@gmail.com,nayemurdurjoy@gmail.com,GMD-BARISHAL,"জিএমডি, বরিশাল","GMD, Barishal",Barishal,"132/33kV Patuakhali Grid substation,Patuakhali",GENERAL,ACTIVE,2026-2028,45
1287,PGD-2026-1287,1633,DIP-2026-1633,04045,মোকসেদুল হক,,উপ-সহকারী প্রকৌশলী,Sub-Assistant Engineer,mhaquepgcb@gmail.com,mhaquepgcb,GMD-CTG-NORTH,"জিএমডি, চট্টগ্রাম (উত্তর)","GMD, Chattogram (North)",Chattogram,কেএসআরএম ১৩২/৩৩ কেভি গ্রিড উপকেন্দ্র,GENERAL,ACTIVE,2026-2028,45
1288,PGD-2026-1288,1244,DIP-2026-1244,04046,Md. Rubel,Md. Rubel,উপ-সহকারী প্রকৌশলী,Sub-Assistant Engineer,rubel121613@gmail.com,rubel121613@gmail,GMD-DHK-EAST,"জিএমডি, ঢাকা (পূর্ব)","GMD, Dhaka (East)",Dhaka,Bhulta 400/230 kV Grid Substation.,GENERAL,ACTIVE,2026-2028,45
1289,PGD-2026-1289,1261,DIP-2026-1261,04047,মোঃ কামরুজ্জামান লিমন,,উপ-সহকারী প্রকৌশলী,Sub-Assistant Engineer,kamruzzamanlimon5@gmail.com,kamruzzamanlimon5@gmail. com,GMD-BARISHAL,"জিএমডি, বরিশাল","GMD, Barishal",Barishal,"Amtali 400kV switching Station, Barguna",GENERAL,ACTIVE,2026-2028,45
1290,PGD-2026-1290,1299,DIP-2026-1299,04048,Md Abu Sayed Emon,Md Abu Sayed Emon,উপ-সহকারী প্রকৌশলী,Sub-Assistant Engineer,sayedemon2014@gmail.com,sayedemon2014@gmail.com,GMD-MYMENSINGH,"জিএমডি, ময়মনসিংহ","GMD, Mymensingh",Mymensingh,Netrokona 132/33 Kv Grid Sub Station,GENERAL,ACTIVE,2026-2028,45
1291,PGD-2026-1291,1868,DIP-2026-1868,04050,Md Mamun Ar Rasid,Md Mamun Ar Rasid,উপ-সহকারী প্রকৌশলী,Sub-Assistant Engineer,mamuneee091@gmail.com,mamuneee091@gmail.com,GMD-RAJSHAHI,"জিএমডি, রাজশাহী","GMD, Rajshahi",Rajshahi,Chapainawabganj 132/33 KV grid substation,GENERAL,ACTIVE,2026-2028,45
1292,PGD-2026-1292,1371,DIP-2026-1371,04053,Mohammad Enam,Mohammad Enam,উপ-সহকারী প্রকৌশলী,Sub-Assistant Engineer,enamcpi@.gmail.com,enamcpi@.gmail.com,GMD-CTG-SOUTH,"জিএমডি, চট্টগ্রাম (দক্ষিণ)","GMD, Chattogram (South)",Chattogram,Madunaghat 230/132 kV Grid sub station,GENERAL,ACTIVE,2026-2028,45
1293,PGD-2026-1293,1325,DIP-2026-1325,04054,Md.Hasan buhian,Md.Hasan buhian,উপ-সহকারী প্রকৌশলী,Sub-Assistant Engineer,hasan01869444305@gmail.com,hasan01869444305@gmail.c om,GMD-CTG-CENTRAL,"জিএমডি, চট্টগ্রাম (সেন্ট্রাল)","GMD, Chattogram (Central)",Chattogram,Halishahar 132/33 KV GIS Substation.,GENERAL,ACTIVE,2026-2028,45
1294,PGD-2026-1294,1786,DIP-2026-1786,04221,মোঃ জুয়েল মিয়া,,উপ-সহকারী প্রকৌশলী,Sub-Assistant Engineer,jowel.sae.pgcb@gmail.com,jowel.sae.pgcb@gmail.com,PROJECT-BRANCH,প্রকল্প শাখা,Project Branch,Headquarters / Projects,টাঙ্গাইল,GENERAL,ACTIVE,2026-2028,45
1295,PGD-2026-1295,1678,DIP-2026-1678,04226,ফখরুল ইসলাম,,উপ-সহকারী প্রকৌশলী,Sub-Assistant Engineer,faqrulpgcb@gmail.com,faqrulpgcb@gmail.com,GMD-CUMILLA,"জিএমডি, কুমিল্লা","GMD, Cumilla",Cumilla,Feni 132/33kv Grid Substation,GENERAL,ACTIVE,2026-2028,45
1296,PGD-2026-1296,1567,DIP-2026-1567,04450,Habib Sheik,Habib Sheik,উপ-সহকারী প্রকৌশলী,Sub-Assistant Engineer,mdhabibsheik921@gmail.com,mdhabibsheik921@gmail.co m,GMD-FARIDPUR,"জিএমডি, ফরিদপুর","GMD, Faridpur",Dhaka,Gopalganj 400/230/132 kV Grid Substation,GENERAL,ACTIVE,2026-2028,45
1297,PGD-2026-1297,1923,DIP-2026-1923,04509,Md Ariful islam,Md Ariful islam,উপ-সহকারী প্রকৌশলী,Sub-Assistant Engineer,orionearif@gmail.com,orionearif@gmail.com,GMD-BARISHAL,"জিএমডি, বরিশাল","GMD, Barishal",Barishal,Bhandaria 133/33 kv ss,GENERAL,ACTIVE,2026-2028,45
1298,PGD-2026-1298,1618,DIP-2026-1618,04510,Shamal Chandra Dey,Shamal Chandra Dey,উপ-সহকারী প্রকৌশলী,Sub-Assistant Engineer,shamal.cpi@gmail.com,shamal.cpi@gmail.com,GMD-CUMILLA,"জিএমডি, কুমিল্লা","GMD, Cumilla",Cumilla,Kachua 230/132/33 KV GIS Grid S/S,GENERAL,ACTIVE,2026-2028,45
1299,PGD-2026-1299,1789,DIP-2026-1789,04512,Md. Shobuj Hossain,Md. Shobuj Hossain,উপ-সহকারী প্রকৌশলী,Sub-Assistant Engineer,shobuj.pgcb@gmail.com,shobuj.pgcb@gmail.com,GMD-SIRAJGANJ,"জিএমডি, সিরাজগঞ্জ","GMD, Sirajganj",Rajshahi,উল্লাপাড়া ১৩২/৩৩ কেভি সাবস্টেশন,GENERAL,ACTIVE,2026-2028,45
1300,PGD-2026-1300,1924,DIP-2026-1924,04513,প্রদীপ্ত প্রত্যয়,,উপ-সহকারী প্রকৌশলী,Sub-Assistant Engineer,diptopal500@gmail.com,diptopal500@gmail.com,GMD-KHULNA,"জিএমডি, খুলনা","GMD, Khulna",Khulna,নড়াইল 132/33 KV গ্রিড উপকেন্দ্র,GENERAL,ACTIVE,2026-2028,45
1301,PGD-2026-1301,1925,DIP-2026-1925,04514,MD Moniruzzman,MD Moniruzzman,উপ-সহকারী প্রকৌশলী,Sub-Assistant Engineer,moniruzzman161695@gmail.com,moniruzzman161695@gmail. com,GMD-DHK-EAST,"জিএমডি, ঢাকা (পূর্ব)","GMD, Dhaka (East)",Dhaka,Bajitpur grid substation,GENERAL,ACTIVE,2026-2028,45
1302,PGD-2026-1302,1444,DIP-2026-1444,04515,মোমিনুল হক,,উপ-সহকারী প্রকৌশলী,Sub-Assistant Engineer,imabir.db@gmail.com,imabir.db@gmail.com,GMD-CTG-CENTRAL,"জিএমডি, চট্টগ্রাম (সেন্ট্রাল)","GMD, Chattogram (Central)",Chattogram,বাকলিয়া ১৩২/৩৩ কেভি গ্রিড উপকেন্দ্র,GENERAL,ACTIVE,2026-2028,45
1303,PGD-2026-1303,1926,DIP-2026-1926,04516,Md Afzal Hossen,Md Afzal Hossen,উপ-সহকারী প্রকৌশলী,Sub-Assistant Engineer,mdafzalpowergrid@gmail.com,mdafzalpowergrid@gmail.co m,GMD-MYMENSINGH,"জিএমডি, ময়মনসিংহ","GMD, Mymensingh",Mymensingh,Sherpur 132/33 KV Grid Sub-staion,GENERAL,ACTIVE,2026-2028,45
1304,PGD-2026-1304,1929,DIP-2026-1929,04523,Md. Alom Uddin,Md. Alom Uddin,উপ-সহকারী প্রকৌশলী,Sub-Assistant Engineer,alom.pgcb.04523@gmail.com,alom.pgcb.04523@gmail.com,GMD-RAJSHAHI,"জিএমডি, রাজশাহী","GMD, Rajshahi",Rajshahi,"Rohonpur 400/132kv GIS Grid Sub- Station, GC Bogura.",GENERAL,ACTIVE,2026-2028,45
1305,PGD-2026-1305,1448,DIP-2026-1448,04524,MUHAMMAD SHAH JAHAN,MUHAMMAD SHAH JAHAN,উপ-সহকারী প্রকৌশলী,Sub-Assistant Engineer,mdshahjahan0543@gmail.com,mdshahjahan0543@gmail.co m,GMD-CTG-CENTRAL,"জিএমডি, চট্টগ্রাম (সেন্ট্রাল)","GMD, Chattogram (Central)",Chattogram,Bakalia 132/33KV Grid Substation,GENERAL,ACTIVE,2026-2028,45
1306,PGD-2026-1306,1714,DIP-2026-1714,04526,MD. JAKARIA ISLAM,MD. JAKARIA ISLAM,উপ-সহকারী প্রকৌশলী,Sub-Assistant Engineer,300jakaria@gmail.com,300jakaria@gmail.com,GMD-RAJSHAHI,"জিএমডি, রাজশাহী","GMD, Rajshahi",Rajshahi,"আমনুরা ১৩২/৩৩ কেভি গ্রিড উপকেন্দ্র, জিএমডি রাজশাহী",GENERAL,ACTIVE,2026-2028,46
1307,PGD-2026-1307,1557,DIP-2026-1557,04529,Md. Akram Hossen,Md. Akram Hossen,উপ-সহকারী প্রকৌশলী,Sub-Assistant Engineer,mdakramhossenhridoy121@gmail.com,mdakramhossenhridoy121@g mail.com,GMD-BARISHAL,"জিএমডি, বরিশাল","GMD, Barishal",Barishal,Bakergang 132/33 kV Grid Sub- Station.,GENERAL,ACTIVE,2026-2028,46
1308,PGD-2026-1308,1702,DIP-2026-1702,04532,Md.Julfikar Ali Saju,Md.Julfikar Ali Saju,উপ-সহকারী প্রকৌশলী,Sub-Assistant Engineer,esaju.cse@gmail.com,esaju.cse@gmail.com,GMD-DHK-METRO,ঢাকা মহানগর,Dhaka Metropolitan,Dhaka,Head Office,GENERAL,ACTIVE,2026-2028,46
1309,PGD-2026-1309,1930,DIP-2026-1930,04533,Md Rabbi Hossain,Md Rabbi Hossain,উপ-সহকারী প্রকৌশলী,Sub-Assistant Engineer,rabbi144048@gmail.com,rabbi144048@gmail.com,GMD-BOGURA,"জিএমডি, বগুড়া","GMD, Bogura",Rajshahi,Joypurhat 132/33kV Grid Substation,GENERAL,ACTIVE,2026-2028,46
1310,PGD-2026-1310,1931,DIP-2026-1931,04535,Md Zahid Hasan,Md Zahid Hasan,উপ-সহকারী প্রকৌশলী,Sub-Assistant Engineer,zahid.hasan203538@gmail.com,zahid.hasan203538@gmail.co m,GMD-DHK-METRO,ঢাকা মহানগর,Dhaka Metropolitan,Dhaka,"Telecom & RTU Division, Dhaka-1",GENERAL,ACTIVE,2026-2028,46
1311,PGD-2026-1311,1654,DIP-2026-1654,04537,MD.MAMUNUR RASHID,MD.MAMUNUR RASHID,উপ-সহকারী প্রকৌশলী,Sub-Assistant Engineer,mamunur553030@gmail.com,mamunur553030@gmail.com,GMD-DINAJPUR,"জিএমডি, দিনাজপুর","GMD, Dinajpur",Rangpur,Barapukuria 230/132/33 Kv grid substation,GENERAL,ACTIVE,2026-2028,46
1312,PGD-2026-1312,1655,DIP-2026-1655,04538,Akramul Islam,Akramul Islam,উপ-সহকারী প্রকৌশলী,Sub-Assistant Engineer,akramulislam3813@gmail.com,akramulislam3813@gmail.co m,GMD-RAJSHAHI,"জিএমডি, রাজশাহী","GMD, Rajshahi",Rajshahi,Chapainawabganj 132/33 kv grid,GENERAL,ACTIVE,2026-2028,46
1313,PGD-2026-1313,1594,DIP-2026-1594,04969,মোঃ মঈনুর রহমান,,উপ-সহকারী প্রকৌশলী,Sub-Assistant Engineer,moinurrahman009@gmail.com,moinurrahman009@gmail.co m,GMD-KHULNA,"জিএমডি, খুলনা","GMD, Khulna",Khulna,গল্লামারী ১৩২/৩৩কেভি (জিআইএস) গ্রিড উপকেন্দ্র,GENERAL,ACTIVE,2026-2028,46
1314,PGD-2026-1314,1516,DIP-2026-1516,04970,Md Abu Musa,Md Abu Musa,উপ-সহকারী প্রকৌশলী,Sub-Assistant Engineer,abumusa2020sid@gmail.com,abumusa2020sid@gmail.com,GMD-BOGURA,"জিএমডি, বগুড়া","GMD, Bogura",Rajshahi,Polashbari 132/33 kV Grid Sub- Station,GENERAL,ACTIVE,2026-2028,46
1315,PGD-2026-1315,1651,DIP-2026-1651,04977,Md. Masud Rana,Md. Masud Rana,উপ-সহকারী প্রকৌশলী,Sub-Assistant Engineer,masuddueteee31@gmail.com,masuddueteee31@gmail.com,GMD-DHK-NORTH,"জিএমডি, ঢাকা (উত্তর)","GMD, Dhaka (North)",Dhaka,Ghatail 132/33 kV AIS Grid Sub- Station,GENERAL,ACTIVE,2026-2028,46
1316,PGD-2026-1316,1475,DIP-2026-1475,04982,Md. Aslam Hosen,Md. Aslam Hosen,উপ-সহকারী প্রকৌশলী,Sub-Assistant Engineer,exclusiveaslam@gmail.com,exclusiveaslam@gmail.com,GMD-ISHWARDI,"জিএমডি, ঈশ্বরদী","GMD, Ishwardi",Rajshahi,Ruppur 132/11 Kv Grid Sub- Station,GENERAL,ACTIVE,2026-2028,46
1317,PGD-2026-1317,1934,DIP-2026-1934,04983,মোঃ নাজমুল ইসলম,,উপ-সহকারী প্রকৌশলী,Sub-Assistant Engineer,nazmulislam5031@gmail.com,nazmulislam5031@gmail.com,GMD-DHK-NORTH,"জিএমডি, ঢাকা (উত্তর)","GMD, Dhaka (North)",Dhaka,মির্জাপুর ১৩২/৩৩ কেভি জিআইএস গ্রিড উপকেন্দ্র,GENERAL,ACTIVE,2026-2028,46
1318,PGD-2026-1318,1935,DIP-2026-1935,04984,Ferdous Hossain,Ferdous Hossain,উপ-সহকারী প্রকৌশলী,Sub-Assistant Engineer,ferdoushossain241@gmail.com,ferdoushossain241@gmail,PROJECT-BRANCH,প্রকল্প শাখা,Project Branch,Headquarters / Projects,IDRNPP,GENERAL,ACTIVE,2026-2028,46
1319,PGD-2026-1319,1936,DIP-2026-1936,04985,Md. Jakir Hossain,Md. Jakir Hossain,উপ-সহকারী প্রকৌশলী,Sub-Assistant Engineer,jakir754147@gmail.com,jakir754147@gmail.com,GMD-RAJSHAHI,"জিএমডি, রাজশাহী","GMD, Rajshahi",Rajshahi,Natore 132/33 KV Grid Sub station,GENERAL,ACTIVE,2026-2028,46
1320,PGD-2026-1320,1937,DIP-2026-1937,04987,লিকনুর জাহান,,উপ-সহকারী প্রকৌশলী,Sub-Assistant Engineer,liknurjahan4472@gmail.com,liknurjahan4472@gmail,GMD-DHK-METRO,ঢাকা মহানগর,Dhaka Metropolitan,Dhaka,পূর্তকাজ,GENERAL,ACTIVE,2026-2028,46
1321,PGD-2026-1321,1938,DIP-2026-1938,04989,মো: এমরান হোসেন,,উপ-সহকারী প্রকৌশলী,Sub-Assistant Engineer,samiimran97@gmail.com,samiimran97@gmail.com,PROJECT-BRANCH,প্রকল্প শাখা,Project Branch,Headquarters / Projects,ইএসপিএনসিএ প্রকল্প,GENERAL,ACTIVE,2026-2028,46
1322,PGD-2026-1322,1939,DIP-2026-1939,04990,Md.Akter Uj Jaman,Md.Akter Uj Jaman,উপ-সহকারী প্রকৌশলী,Sub-Assistant Engineer,eng.akterjaman@gmail.com,eng.akterjaman@gmail.com,PROJECT-BRANCH,প্রকল্প শাখা,Project Branch,Headquarters / Projects,G2G project.,GENERAL,ACTIVE,2026-2028,46
1323,PGD-2026-1323,1492,DIP-2026-1492,04992,সুরঞ্জিত সিংহ,,উপ-সহকারী প্রকৌশলী,Sub-Assistant Engineer,suranjitsingh4@gmail.com,suranjitsingh4@gmail.com,GMD-SRIMANGAL,"জিএমডি, শ্রীমঙ্গল","GMD, Srimangal",Sylhet,সিলেট ১৩২/৩৩ কেভি গ্রিড উপকেন্দ্র,GENERAL,ACTIVE,2026-2028,46
1324,PGD-2026-1324,1941,DIP-2026-1941,04993,MD ALOMGIR HOSEN,MD ALOMGIR HOSEN,উপ-সহকারী প্রকৌশলী,Sub-Assistant Engineer,mdalomgirhosen021@gmail.com,mdalomgirhosen021@gmail.c om,GMD-RAJSHAHI,"জিএমডি, রাজশাহী","GMD, Rajshahi",Rajshahi,Rahanpur 132/33 kV Grid Sub- Station,GENERAL,ACTIVE,2026-2028,46
1325,PGD-2026-1325,1942,DIP-2026-1942,04994,মোঃ নাজমুল হুদা,,উপ-সহকারী প্রকৌশলী,Sub-Assistant Engineer,najmulpgcb@gmail.com,najmulpgcb@gmail.com,PROJECT-BRANCH,প্রকল্প শাখা,Project Branch,Headquarters / Projects,B-B-K 400 KV TL Project,GENERAL,ACTIVE,2026-2028,46
1326,PGD-2026-1326,1943,DIP-2026-1943,04996,Mizanur Rahman,Mizanur Rahman,উপ-সহকারী প্রকৌশলী,Sub-Assistant Engineer,rahmanmizan.ppi@gmail.com,rahmanmizan.ppi@gmail.com,GMD-BARISHAL,"জিএমডি, বরিশাল","GMD, Barishal",Barishal,Patuakhali 132/33kv Grid Sub station,GENERAL,ACTIVE,2026-2028,46
1327,PGD-2026-1327,1712,DIP-2026-1712,05001,Md. Murad Hasan,Md. Murad Hasan,উপ-সহকারী প্রকৌশলী,Sub-Assistant Engineer,muradamha112@gmail.com,muradamha112@gmail.com,GMD-DHK-NORTH,"জিএমডি, ঢাকা (উত্তর)","GMD, Dhaka (North)",Dhaka,Tangail 132/33 KV Grid SS,GENERAL,ACTIVE,2026-2028,46
1328,PGD-2026-1328,1666,DIP-2026-1666,05005,মোঃ নাছিম রেজা,,উপ-সহকারী প্রকৌশলী,Sub-Assistant Engineer,nasimrezame3085@gmail.com,nasimrezame3085@gmail.co m,GMD-ISHWARDI,"জিএমডি, ঈশ্বরদী","GMD, Ishwardi",Rajshahi,BIPTC(HVDC),GENERAL,ACTIVE,2026-2028,46
1329,PGD-2026-1329,1945,DIP-2026-1945,05006,Bulbul Ahmmed,Bulbul Ahmmed,উপ-সহকারী প্রকৌশলী,Sub-Assistant Engineer,mb.bulbulahmmed@gmail.com,mb.bulbulahmmed@gmail.co m,GMD-RAJSHAHI,"জিএমডি, রাজশাহী","GMD, Rajshahi",Rajshahi,Amnura 132/33 Kv Grid Sub- Station,GENERAL,ACTIVE,2026-2028,46
1330,PGD-2026-1330,1577,DIP-2026-1577,05007,BIDHAN KUMAR LOSKER,BIDHAN KUMAR LOSKER,উপ-সহকারী প্রকৌশলী,Sub-Assistant Engineer,bidhanjhpi@gmail.com,bidhanjhpi@gmail.com,GMD-ISHWARDI,"জিএমডি, ঈশ্বরদী","GMD, Ishwardi",Rajshahi,Bheramara 230/132 Kv Grid SS,GENERAL,ACTIVE,2026-2028,46
1331,PGD-2026-1331,1735,DIP-2026-1735,05008,Md.Atoar Rahman,Md.Atoar Rahman,উপ-সহকারী প্রকৌশলী,Sub-Assistant Engineer,atoarr727@gmail.com,atoarr727@gmail.com,GMD-RAJSHAHI,"জিএমডি, রাজশাহী","GMD, Rajshahi",Rajshahi,Niamatpur,GENERAL,ACTIVE,2026-2028,46
1332,PGD-2026-1332,1466,DIP-2026-1466,05010,Md. Emon Shekh,Md. Emon Shekh,উপ-সহকারী প্রকৌশলী,Sub-Assistant Engineer,mdemonshekh18@gmail.com,mdemonshekh18@gmail,GMD-ISHWARDI,"জিএমডি, ঈশ্বরদী","GMD, Ishwardi",Rajshahi,Kushtia Grid,GENERAL,ACTIVE,2026-2028,46
1333,PGD-2026-1333,1949,DIP-2026-1949,05015,সুব্রত চন্দ্র রায়,,উপ-সহকারী প্রকৌশলী,Sub-Assistant Engineer,roysubrota171@gmail.com,roysubrota171@gmail.com,GMD-RAJSHAHI,"জিএমডি, রাজশাহী","GMD, Rajshahi",Rajshahi,চাঁপাইনবাবগঞ্জ 132/33 কেভি উপকেন্দ্র,GENERAL,ACTIVE,2026-2028,46
1334,PGD-2026-1334,1494,DIP-2026-1494,05016,Iftekhar Ahmed Talukder,Iftekhar Ahmed Talukder,উপ-সহকারী প্রকৌশলী,Sub-Assistant Engineer,iftekhar.ee@gmail.com,iftekhar.ee@gmail.com,GMD-SRIMANGAL,"জিএমডি, শ্রীমঙ্গল","GMD, Srimangal",Sylhet,"GMD, Sreemangal",GENERAL,ACTIVE,2026-2028,46
1335,PGD-2026-1335,1950,DIP-2026-1950,05020,Shymol Rajbongshi,Shymol Rajbongshi,উপ-সহকারী প্রকৌশলী,Sub-Assistant Engineer,shymolrajbongshiet@gmail.com,shymolrajbongshiet@gmail.c om,PROJECT-BRANCH,প্রকল্প শাখা,Project Branch,Headquarters / Projects,ESPNER Project,GENERAL,ACTIVE,2026-2028,47
1336,PGD-2026-1336,1952,DIP-2026-1952,05023,Md. Mehedi Hasan,Md. Mehedi Hasan,উপ-সহকারী প্রকৌশলী,Sub-Assistant Engineer,mehedi152019@gmail.com,mehedi152019@gmail.com,GMD-DHK-METRO,ঢাকা মহানগর,Dhaka Metropolitan,Dhaka,Maniknagar 230/132 kV Grid SS,GENERAL,ACTIVE,2026-2028,47
1337,PGD-2026-1337,1536,DIP-2026-1536,05024,Noor Hossain,Noor Hossain,উপ-সহকারী প্রকৌশলী,Sub-Assistant Engineer,noor142048@gmail.com,noor142048@gmail.com,GMD-CTG-NORTH,"জিএমডি, চট্টগ্রাম (উত্তর)","GMD, Chattogram (North)",Chattogram,mirsarai,GENERAL,ACTIVE,2026-2028,47
1338,PGD-2026-1338,1801,DIP-2026-1801,05025,Abdullah Al Mahmud,Abdullah Al Mahmud,উপ-সহকারী প্রকৌশলী,Sub-Assistant Engineer,anik.pial.ap@gmail.com,anik.pial.ap@gmail.com,PROJECT-BRANCH,প্রকল্প শাখা,Project Branch,Headquarters / Projects,"মহেশপুর, ঝিনাইদাহ",GENERAL,ACTIVE,2026-2028,47
1339,PGD-2026-1339,1489,DIP-2026-1489,05026,Ashraful Islam,Ashraful Islam,উপ-সহকারী প্রকৌশলী,Sub-Assistant Engineer,ashrafuliislam390@gmail.com,ashrafuliislam390@gmail.co m,GMD-CUMILLA,"জিএমডি, কুমিল্লা","GMD, Cumilla",Cumilla,Kasba 132/33 kv gis grid substation,GENERAL,ACTIVE,2026-2028,47
1340,PGD-2026-1340,1953,DIP-2026-1953,05028,Sumon sheikh,Sumon sheikh,উপ-সহকারী প্রকৌশলী,Sub-Assistant Engineer,mdsumon.sk@gmail.com,mdsumon.sk@gmail.com,GMD-KHULNA,"জিএমডি, খুলনা","GMD, Khulna",Khulna,Narail 132/33 KV grid substation,GENERAL,ACTIVE,2026-2028,47
1341,PGD-2026-1341,1954,DIP-2026-1954,05029,আমিনুর রহমান,,উপ-সহকারী প্রকৌশলী,Sub-Assistant Engineer,aminur008et@gmail.com,aminur008et@gmail.com,GMD-RAJSHAHI,"জিএমডি, রাজশাহী","GMD, Rajshahi",Rajshahi,নিয়ামতপুর ১৩২/৩৩ কেভি,GENERAL,ACTIVE,2026-2028,47
1342,PGD-2026-1342,1614,DIP-2026-1614,05032,Mohammad Shamim Miah,Mohammad Shamim Miah,উপ-সহকারী প্রকৌশলী,Sub-Assistant Engineer,shamimeee67@gmail.com,shamimeee67@gmail.com,GMD-DHK-METRO,ঢাকা মহানগর,Dhaka Metropolitan,Dhaka,Hasnabad 132/33 kV Grid SS,GENERAL,ACTIVE,2026-2028,47
1343,PGD-2026-1343,1561,DIP-2026-1561,05033,Md. Nazmul Hossain,Md. Nazmul Hossain,উপ-সহকারী প্রকৌশলী,Sub-Assistant Engineer,nazmuleee143@gmail.com,nazmuleee143@gmail.com,GMD-KHULNA,"জিএমডি, খুলনা","GMD, Khulna",Khulna,Noapara 132/33kV Grid Substation.,GENERAL,ACTIVE,2026-2028,47
1344,PGD-2026-1344,1956,DIP-2026-1956,05034,Md. Momtazul Karim,Md. Momtazul Karim,উপ-সহকারী প্রকৌশলী,Sub-Assistant Engineer,mk.shaikat95@gmail.com,mk.shaikat95@gmail.com,GMD-JHENAIDAH,"জিএমডি, ঝিনাইদহ","GMD, Jhenaidah",Khulna,Jhenaidah 230 kV Grid Substation,GENERAL,ACTIVE,2026-2028,47
1345,PGD-2026-1345,1957,DIP-2026-1957,05038,"ডি,এম,শাহেদুজ্জামান (সিহান)",,উপ-সহকারী প্রকৌশলী,Sub-Assistant Engineer,shehan4454@gmail.com,shehan4454@gmail.com,GMD-DHK-NORTH,"জিএমডি, ঢাকা (উত্তর)","GMD, Dhaka (North)",Dhaka,Sreepur 230/132/33 kV AIS grid substation,GENERAL,ACTIVE,2026-2028,47
1346,PGD-2026-1346,1648,DIP-2026-1648,05039,Sohel khan,Sohel khan,উপ-সহকারী প্রকৌশলী,Sub-Assistant Engineer,sohelkhan.pgcb@gmail.com,Sohelkhan.pgcb@gmail.com,PROJECT-BRANCH,প্রকল্প শাখা,Project Branch,Headquarters / Projects,Power grid network strengthening project (g to g),GENERAL,ACTIVE,2026-2028,47
1347,PGD-2026-1347,1526,DIP-2026-1526,05040,Sakhawat hossain,Sakhawat hossain,উপ-সহকারী প্রকৌশলী,Sub-Assistant Engineer,sakhawatrocky52@gmail.com,Sakhawatrocky52@gmail.co m,GMD-CUMILLA,"জিএমডি, কুমিল্লা","GMD, Cumilla",Cumilla,Feni 230kv substation,GENERAL,ACTIVE,2026-2028,47
1348,PGD-2026-1348,1817,DIP-2026-1817,05042,Md. Asir Foysal Jim,Md. Asir Foysal Jim,উপ-সহকারী প্রকৌশলী,Sub-Assistant Engineer,asirfoysaljim@gmail.com,asirfoysaljim@gmail.com,PROJECT-BRANCH,প্রকল্প শাখা,Project Branch,Headquarters / Projects,Project-1,GENERAL,ACTIVE,2026-2028,47
1349,PGD-2026-1349,1461,DIP-2026-1461,05043,Shalauddin Jiku,Shalauddin Jiku,উপ-সহকারী প্রকৌশলী,Sub-Assistant Engineer,msjiku@gmail.com,msjiku@gmail.com,GMD-CTG-SOUTH,"জিএমডি, চট্টগ্রাম (দক্ষিণ)","GMD, Chattogram (South)",Chattogram,shikaalbaha 230/132 kv s/s,GENERAL,ACTIVE,2026-2028,47
1350,PGD-2026-1350,1959,DIP-2026-1959,05046,Md. Mehedi Hasan,Md. Mehedi Hasan,উপ-সহকারী প্রকৌশলী,Sub-Assistant Engineer,hasanmehedieee1.05046@gmail.com,hasanmehedieee1@gmail.co m,GMD-DHK-EAST,"জিএমডি, ঢাকা (পূর্ব)","GMD, Dhaka (East)",Dhaka,Ghorashal 230/33kV GIS Substation,GENERAL,ACTIVE,2026-2028,47
1351,PGD-2026-1351,1961,DIP-2026-1961,05051,Md.Seiyedul Mursalin Islam,Md.Seiyedul Mursalin Islam,উপ-সহকারী প্রকৌশলী,Sub-Assistant Engineer,mdseiyedulmursalin1998@gmail.com,mdseiyedulmursalin1998@g mail.com,GMD-RANGPUR,"জিএমডি, রংপুর","GMD, Rangpur",Rangpur,Jaldhaka 132/33 kv Grid Sub station,GENERAL,ACTIVE,2026-2028,47
1352,PGD-2026-1352,1965,DIP-2026-1965,05062,Md. Anwar Hossan,Md. Anwar Hossan,উপ-সহকারী প্রকৌশলী,Sub-Assistant Engineer,anwarhossanjr@gmail.com,anwarhossanjr@gmail.com,GMD-CTG-SOUTH,"জিএমডি, চট্টগ্রাম (দক্ষিণ)","GMD, Chattogram (South)",Chattogram,Matarbari 132/33kV grid substation,GENERAL,ACTIVE,2026-2028,47
1353,PGD-2026-1353,1966,DIP-2026-1966,05063,Md. Isarul Haque,Md. Isarul Haque,উপ-সহকারী প্রকৌশলী,Sub-Assistant Engineer,isarulhaque.eee@gmail.com,isarulhaque.eee@gmail.com,GMD-RAJSHAHI,"জিএমডি, রাজশাহী","GMD, Rajshahi",Rajshahi,Rahanpur 400/132 KV GIS Grid Sub-Station,GENERAL,ACTIVE,2026-2028,47
1354,PGD-2026-1354,1967,DIP-2026-1967,05064,SUBRATA SARKER,SUBRATA SARKER,উপ-সহকারী প্রকৌশলী,Sub-Assistant Engineer,sdrsubrata@gmail.com,sdrsubrata@gmail.com,GMD-MYMENSINGH,"জিএমডি, ময়মনসিংহ","GMD, Mymensingh",Mymensingh,Netrakona 132/33 kV Grid S/S,GENERAL,ACTIVE,2026-2028,47
1355,PGD-2026-1355,1969,DIP-2026-1969,05067,MD. Hasan,MD. Hasan,উপ-সহকারী প্রকৌশলী,Sub-Assistant Engineer,hassanpgcb22@gmail.com,hassanpgcb22@gmail.com,GMD-DHK-EAST,"জিএমডি, ঢাকা (পূর্ব)","GMD, Dhaka (East)",Dhaka,Madanganj 132/33 kV Grid S/S,GENERAL,ACTIVE,2026-2028,47
1356,PGD-2026-1356,1582,DIP-2026-1582,05070,Rokan Uddin,Rokan Uddin,উপ-সহকারী প্রকৌশলী,Sub-Assistant Engineer,rokanu95@gmail.com,rokanu95@gmail.com,GMD-CTG-SOUTH,"জিএমডি, চট্টগ্রাম (দক্ষিণ)","GMD, Chattogram (South)",Chattogram,Cox's Bazar 132/33 kv Grid SS,GENERAL,ACTIVE,2026-2028,47
1357,PGD-2026-1357,1596,DIP-2026-1596,05071,Md.Mustain Billah,Md.Mustain Billah,উপ-সহকারী প্রকৌশলী,Sub-Assistant Engineer,mustainbillah.mb@gmail.com,Mustainbillah.mb@gmail.com,GMD-KHULNA,"জিএমডি, খুলনা","GMD, Khulna",Khulna,Mongla132/33kv Grid sub station,GENERAL,ACTIVE,2026-2028,47
1358,PGD-2026-1358,1478,DIP-2026-1478,05074,হাসিবুর রহমান পিয়াস,,উপ-সহকারী প্রকৌশলী,Sub-Assistant Engineer,hasibur.pgcb@gmail.com,hasibur.pgcb@gmail.com,GMD-MYMENSINGH,"জিএমডি, ময়মনসিংহ","GMD, Mymensingh",Mymensingh,কিশোরগঞ্জ ১৩২/৩৩ কেভি গ্রিড উপকেন্দ্র।,GENERAL,ACTIVE,2026-2028,47
1359,PGD-2026-1359,1485,DIP-2026-1485,05075,মো.ইসহাক হোসেন শুভ,,উপ-সহকারী প্রকৌশলী,Sub-Assistant Engineer,shuvorit1998@gmail.com,shuvorit1998@gmail.com,GMD-DHK-NORTH,"জিএমডি, ঢাকা (উত্তর)","GMD, Dhaka (North)",Dhaka,কড্ডা গ্রিড,GENERAL,ACTIVE,2026-2028,47
1360,PGD-2026-1360,1480,DIP-2026-1480,05078,শামীম মিয়া,,উপ-সহকারী প্রকৌশলী,Sub-Assistant Engineer,shameem.pgcb@gmail.com,Shameem.pgcb@gmail.com,GMD-DHK-NORTH,"জিএমডি, ঢাকা (উত্তর)","GMD, Dhaka (North)",Dhaka,Tongi 230/132/33 kV grid SS,GENERAL,ACTIVE,2026-2028,47
1361,PGD-2026-1361,1504,DIP-2026-1504,05080,রুখসানা খাতুন,,উপ-সহকারী প্রকৌশলী,Sub-Assistant Engineer,saerukhsana05080@gmail.com,saerukhsana05080@gmail.co m,GMD-RANGPUR,"জিএমডি, রংপুর","GMD, Rangpur",Rangpur,তারাগঞ্জ ১৩২/৩৩ কেভি গ্রিড উপকেন্দ্র,GENERAL,ACTIVE,2026-2028,47
1362,PGD-2026-1362,1649,DIP-2026-1649,05081,Md. Ashraful Islam,Md. Ashraful Islam,উপ-সহকারী প্রকৌশলী,Sub-Assistant Engineer,eng.ashraful.pgcb@gmail.com,eng.ashraful.pgcb@gmail.co m,GMD-DHK-METRO,ঢাকা মহানগর,Dhaka Metropolitan,Dhaka,Keraniganj 230/132/33 Kv GIS Grid Substation,GENERAL,ACTIVE,2026-2028,47
1363,PGD-2026-1363,1971,DIP-2026-1971,05083,Nayan chandro,Nayan chandro,উপ-সহকারী প্রকৌশলী,Sub-Assistant Engineer,nayanray4934@gmail.com,nayanray4934@gmail.com,GMD-DINAJPUR,"জিএমডি, দিনাজপুর","GMD, Dinajpur",Rangpur,Panchagarh 132/33 kv grid substation,GENERAL,ACTIVE,2026-2028,47
1364,PGD-2026-1364,1592,DIP-2026-1592,05086,Ayon Kumar Chaterjee,Ayon Kumar Chaterjee,উপ-সহকারী প্রকৌশলী,Sub-Assistant Engineer,ayonchaterjee.bd@gmail.com,ayonchaterjee.bd@gmail.com,GMD-KHULNA,"জিএমডি, খুলনা","GMD, Khulna",Khulna,Noapara 132/33 kv Grid Substation,GENERAL,ACTIVE,2026-2028,48
1365,PGD-2026-1365,1973,DIP-2026-1973,05089,Md. Emrul Kayesh,Md. Emrul Kayesh,উপ-সহকারী প্রকৌশলী,Sub-Assistant Engineer,imrul33866@gmail.com,imrul33866@gmail.com,PROJECT-BRANCH,প্রকল্প শাখা,Project Branch,Headquarters / Projects,DWZTGEP,GENERAL,ACTIVE,2026-2028,48
1366,PGD-2026-1366,1566,DIP-2026-1566,05090,Md. Rubel Mondol,Md. Rubel Mondol,উপ-সহকারী প্রকৌশলী,Sub-Assistant Engineer,sdrubel77@gmail.com,sdrubel77@gmail.com,GMD-FARIDPUR,"জিএমডি, ফরিদপুর","GMD, Faridpur",Dhaka,Gopalgonj 400/230/132kv Substation.,GENERAL,ACTIVE,2026-2028,48
1367,PGD-2026-1367,1974,DIP-2026-1974,05091,Md. Sadek Ali,Md. Sadek Ali,উপ-সহকারী প্রকৌশলী,Sub-Assistant Engineer,sadekhossain71@gmail.com,sadekhossain71@gmail.com,GMD-DHK-METRO,ঢাকা মহানগর,Dhaka Metropolitan,Dhaka,OFCL,GENERAL,ACTIVE,2026-2028,48
1368,PGD-2026-1368,1532,DIP-2026-1532,05093,Meharul alam,Meharul alam,উপ-সহকারী প্রকৌশলী,Sub-Assistant Engineer,tulipchy111@gmail.com,tulipchy111@gmail.com,GMD-CTG-NORTH,"জিএমডি, চট্টগ্রাম (উত্তর)","GMD, Chattogram (North)",Chattogram,Hathazari230/132/33kv sub- station,GENERAL,ACTIVE,2026-2028,48
1369,PGD-2026-1369,1656,DIP-2026-1656,05095,Md. Rubel Hossain,Md. Rubel Hossain,উপ-সহকারী প্রকৌশলী,Sub-Assistant Engineer,rh641128@gmail.com,rh641128@gmail.com,GMD-DHK-METRO,ঢাকা মহানগর,Dhaka Metropolitan,Dhaka,Nabinagar 132/33 kV GIS Grid Substation,GENERAL,ACTIVE,2026-2028,48
1370,PGD-2026-1370,1605,DIP-2026-1605,05099,Imraz Hossain,Imraz Hossain,উপ-সহকারী প্রকৌশলী,Sub-Assistant Engineer,imrazhossain591@gmail.com,imrazhossain591@gmail.com,GMD-CTG-CENTRAL,"জিএমডি, চট্টগ্রাম (সেন্ট্রাল)","GMD, Chattogram (Central)",Chattogram,আগ্রাবাদ ১৩২/৩৩ কেভি গ্রিড উপকেন্দ্র।,GENERAL,ACTIVE,2026-2028,48
1371,PGD-2026-1371,1482,DIP-2026-1482,05100,Md.Mehedi Hasan,Md.Mehedi Hasan,উপ-সহকারী প্রকৌশলী,Sub-Assistant Engineer,mehedi12831@gmail.com,mehedi12831@gmail.com,GMD-CUMILLA,"জিএমডি, কুমিল্লা","GMD, Cumilla",Cumilla,Muradnagor GIS grid SS,GENERAL,ACTIVE,2026-2028,48
1372,PGD-2026-1372,1602,DIP-2026-1602,05104,Touhidur Rahman,Touhidur Rahman,উপ-সহকারী প্রকৌশলী,Sub-Assistant Engineer,ttouhidrahman@gmail.com,ttouhidrahman@gmail.com,GMD-CTG-CENTRAL,"জিএমডি, চট্টগ্রাম (সেন্ট্রাল)","GMD, Chattogram (Central)",Chattogram,Sholoshahar 132/33kV grid substation,GENERAL,ACTIVE,2026-2028,48
1373,PGD-2026-1373,1979,DIP-2026-1979,05105,Md Jaed Hossain,Md Jaed Hossain,উপ-সহকারী প্রকৌশলী,Sub-Assistant Engineer,jaedhossain812@gmail.com,jaedhossain812@gmail.com,GMD-SIRAJGANJ,"জিএমডি, সিরাজগঞ্জ","GMD, Sirajganj",Rajshahi,শাহজাদপুর ১৩২/৩৩ কেভি গ্রিড উপকেন্দ্র,GENERAL,ACTIVE,2026-2028,48
1374,PGD-2026-1374,1624,DIP-2026-1624,05106,Md Abdur Rashid,Md Abdur Rashid,উপ-সহকারী প্রকৌশলী,Sub-Assistant Engineer,abdurrashid773085@gmail.com,abdurrashid773085@gmail.co m,GMD-CUMILLA,"জিএমডি, কুমিল্লা","GMD, Cumilla",Cumilla,Lakshmipur 132/33kv GIS SS,GENERAL,ACTIVE,2026-2028,48
1375,PGD-2026-1375,1495,DIP-2026-1495,05111,B.M. Abdullah- Hil- kafi,B.M. Abdullah- Hil- kafi,উপ-সহকারী প্রকৌশলী,Sub-Assistant Engineer,kafieee2015@gmail.com,kafieee2015@gmail.com,GMD-SIRAJGANJ,"জিএমডি, সিরাজগঞ্জ","GMD, Sirajganj",Rajshahi,Sirajganj 230kv Switching Station.,GENERAL,ACTIVE,2026-2028,48
1376,PGD-2026-1376,1980,DIP-2026-1980,05113,Md Sadiqur Rahman,Md Sadiqur Rahman,উপ-সহকারী প্রকৌশলী,Sub-Assistant Engineer,sadiqur.pgcb@gmail.com,sadiqur.pgcb@gmail.com,GMD-KHULNA,"জিএমডি, খুলনা","GMD, Khulna",Khulna,Satkhira 132kV Grid,GENERAL,ACTIVE,2026-2028,48
1377,PGD-2026-1377,1550,DIP-2026-1550,05115,Swadhin Biswas,Swadhin Biswas,উপ-সহকারী প্রকৌশলী,Sub-Assistant Engineer,swadhinbiswas15111998@gmail.com,swadhinbiswas15111998@g mail.com,GMD-BARISHAL,"জিএমডি, বরিশাল","GMD, Barishal",Barishal,Barishal(N)230/132/33 kv Grid Sub-station,GENERAL,ACTIVE,2026-2028,48
1378,PGD-2026-1378,1604,DIP-2026-1604,05119,Amena Begum Mousumi,Amena Begum Mousumi,উপ-সহকারী প্রকৌশলী,Sub-Assistant Engineer,amenabegumeee@gmail.com,amenabegumeee@gmail.com,GMD-CTG-CENTRAL,"জিএমডি, চট্টগ্রাম (সেন্ট্রাল)","GMD, Chattogram (Central)",Chattogram,GMD Chattogram central,GENERAL,ACTIVE,2026-2028,48
1379,PGD-2026-1379,1981,DIP-2026-1981,05120,আব্দুল্লাহ্ সালমান,,উপ-সহকারী প্রকৌশলী,Sub-Assistant Engineer,abdullah.salman.mridha@gmail.com,abdullah.salman.mridha@gm ail.com,GMD-DHK-METRO,ঢাকা মহানগর,Dhaka Metropolitan,Dhaka,রামপুরা ২৩০/১৩২ কেভি গ্রিড উপকেন্দ্র,GENERAL,ACTIVE,2026-2028,48
1380,PGD-2026-1380,1500,DIP-2026-1500,05122,Monirul Islam,Monirul Islam,উপ-সহকারী প্রকৌশলী,Sub-Assistant Engineer,mdshakilsorkar@gmail.com,mdshakilsorkar@gmail.com,GMD-ISHWARDI,"জিএমডি, ঈশ্বরদী","GMD, Ishwardi",Rajshahi,BIPTC,GENERAL,ACTIVE,2026-2028,48
1381,PGD-2026-1381,1982,DIP-2026-1982,05123,Amdadullah,Amdadullah,উপ-সহকারী প্রকৌশলী,Sub-Assistant Engineer,mdamdadullahet@gmail.com,mdamdadullahet@gmail,GMD-BARISHAL,"জিএমডি, বরিশাল","GMD, Barishal",Barishal,"132/33kv Patuakhali Grid substation, Patuakhali.",GENERAL,ACTIVE,2026-2028,48
1382,PGD-2026-1382,1610,DIP-2026-1610,05130,মেহেদি হাসান,,উপ-সহকারী প্রকৌশলী,Sub-Assistant Engineer,dipu01992180014@gmail.com,dipu01992180014@gmail.co m,GMD-DHK-NORTH,"জিএমডি, ঢাকা (উত্তর)","GMD, Dhaka (North)",Dhaka,রাজেন্দ্রপুর ১২৩ কভি উপকেন্দ্র,GENERAL,ACTIVE,2026-2028,48
1383,PGD-2026-1383,1506,DIP-2026-1506,05131,Md.Asif Rahman,Md.Asif Rahman,উপ-সহকারী প্রকৌশলী,Sub-Assistant Engineer,mdasifrahman090@gmail.com,mdasifrahman090@gmail.co m,GMD-RANGPUR,"জিএমডি, রংপুর","GMD, Rangpur",Rangpur,Kurigram 132/33kV Grid Substation,GENERAL,ACTIVE,2026-2028,48
1384,PGD-2026-1384,1507,DIP-2026-1507,05132,আবু জাহিদ,,উপ-সহকারী প্রকৌশলী,Sub-Assistant Engineer,abuzahid500@gmail.com,abuzahid500@gmail.com,GMD-RAJSHAHI,"জিএমডি, রাজশাহী","GMD, Rajshahi",Rajshahi,রহনপুর ৪০০/১৩২ কেভি গ্রিড সাবস্টেশন,GENERAL,ACTIVE,2026-2028,48
1385,PGD-2026-1385,1983,DIP-2026-1983,05133,মো: জমির উদ্দীন,,উপ-সহকারী প্রকৌশলী,Sub-Assistant Engineer,jamiruddineee@gmail.com,jamiruddineee@gmail.com,GMD-CTG-CENTRAL,"জিএমডি, চট্টগ্রাম (সেন্ট্রাল)","GMD, Chattogram (Central)",Chattogram,ষোলশহর গ্রিড উপকেন্দ্র,GENERAL,ACTIVE,2026-2028,48
1386,PGD-2026-1386,1629,DIP-2026-1629,05134,Sagar Das,Sagar Das,উপ-সহকারী প্রকৌশলী,Sub-Assistant Engineer,sdas64686@gmail.com,sdas64686@gmail.com,GMD-CTG-SOUTH,"জিএমডি, চট্টগ্রাম (দক্ষিণ)","GMD, Chattogram (South)",Chattogram,Matarbari 132/33 KV Grid Substation,GENERAL,ACTIVE,2026-2028,48
1387,PGD-2026-1387,1639,DIP-2026-1639,05135,Monirul Islam,Monirul Islam,উপ-সহকারী প্রকৌশলী,Sub-Assistant Engineer,monir217292@gmail.com,monir217292@gmail.com,GMD-CTG-CENTRAL,"জিএমডি, চট্টগ্রাম (সেন্ট্রাল)","GMD, Chattogram (Central)",Chattogram,Bakalia 132/33kv grid S/S,GENERAL,ACTIVE,2026-2028,48
1388,PGD-2026-1388,1600,DIP-2026-1600,05136,Md. Aslam Hossain,Md. Aslam Hossain,উপ-সহকারী প্রকৌশলী,Sub-Assistant Engineer,aslam.hossain087@gmail.com,aslam.hossain087@gmail.co m,GMD-CTG-CENTRAL,"জিএমডি, চট্টগ্রাম (সেন্ট্রাল)","GMD, Chattogram (Central)",Chattogram,132/33 kV Julda Grid S/S,GENERAL,ACTIVE,2026-2028,48
1389,PGD-2026-1389,1706,DIP-2026-1706,05138,Md. Tarek Rahman,Md. Tarek Rahman,উপ-সহকারী প্রকৌশলী,Sub-Assistant Engineer,tarekrahman890@gmail.com,tarekrahman890@gmail.com,GMD-RAJSHAHI,"জিএমডি, রাজশাহী","GMD, Rajshahi",Rajshahi,"Rahanpur 132kv Grid, GMD Rajshahi",GENERAL,ACTIVE,2026-2028,48
1390,PGD-2026-1390,1653,DIP-2026-1653,05139,MD SULAIMAN HOSSAIN,MD SULAIMAN HOSSAIN,উপ-সহকারী প্রকৌশলী,Sub-Assistant Engineer,sulaiman.pgcb.bd@gmail.com,sulaiman.pgcb.bd@gmail.co m,PROJECT-BRANCH,প্রকল্প শাখা,Project Branch,Headquarters / Projects,g2g project,GENERAL,ACTIVE,2026-2028,48
1391,PGD-2026-1391,1985,DIP-2026-1985,05140,মো আশরাফুল ইসলাম,,উপ-সহকারী প্রকৌশলী,Sub-Assistant Engineer,asraf539673@gmail.com,asraf539673@gmail.com,GMD-JHENAIDAH,"জিএমডি, ঝিনাইদহ","GMD, Jhenaidah",Khulna,যশোর ১৩২ কেভি গ্রিড উপকেন্দ্র,GENERAL,ACTIVE,2026-2028,48
1392,PGD-2026-1392,1497,DIP-2026-1497,05143,Bishowjit kumar,Bishowjit kumar,উপ-সহকারী প্রকৌশলী,Sub-Assistant Engineer,bkpramanik.77@gmail.com,bkpramanik.77@gmail.com,GMD-RAJSHAHI,"জিএমডি, রাজশাহী","GMD, Rajshahi",Rajshahi,Rahanpur 400/132 KV Gis Grid SS,GENERAL,ACTIVE,2026-2028,48
1393,PGD-2026-1393,1591,DIP-2026-1591,05144,Sunit Mondal,Sunit Mondal,উপ-সহকারী প্রকৌশলী,Sub-Assistant Engineer,sunitmondal224@gmail.com,sunitmondal224@gmail.com,GMD-KHULNA,"জিএমডি, খুলনা","GMD, Khulna",Khulna,Noapara 132/33 kV Grid Sub- Station,GENERAL,ACTIVE,2026-2028,49
1394,PGD-2026-1394,1717,DIP-2026-1717,05152,Md. Shokat Ali,Md. Shokat Ali,উপ-সহকারী প্রকৌশলী,Sub-Assistant Engineer,mdshokatali516@gmail.com,mdshokatali516@gmail.com,PROJECT-BRANCH,প্রকল্প শাখা,Project Branch,Headquarters / Projects,IDRNPP Project.,GENERAL,ACTIVE,2026-2028,49
1395,PGD-2026-1395,1493,DIP-2026-1493,05156,Mijanur Rahman,Mijanur Rahman,উপ-সহকারী প্রকৌশলী,Sub-Assistant Engineer,mijanurrahman1400@gmail.com,mijanurrahman1400@gmail.c om,GMD-DHK-NORTH,"জিএমডি, ঢাকা (উত্তর)","GMD, Dhaka (North)",Dhaka,Kaliakoir 400/230/132 kv grid substation.,GENERAL,ACTIVE,2026-2028,49
1396,PGD-2026-1396,1616,DIP-2026-1616,05159,মোঃ আলফাজুল ইসলাম,,উপ-সহকারী প্রকৌশলী,Sub-Assistant Engineer,alfajul11@gmail.com,alfajul11@gmail.com,GMD-CTG-CENTRAL,"জিএমডি, চট্টগ্রাম (সেন্ট্রাল)","GMD, Chattogram (Central)",Chattogram,হালিশহর ১৩২/৩৩ কেভি গ্রিড উপকেন্দ্র,GENERAL,ACTIVE,2026-2028,49
1397,PGD-2026-1397,1603,DIP-2026-1603,05161,মোঃ জহিরুল ইসলাম,,উপ-সহকারী প্রকৌশলী,Sub-Assistant Engineer,jahir05161@gmail.com,jahir05161@gmail.com,GMD-DHK-METRO,ঢাকা মহানগর,Dhaka Metropolitan,Dhaka,"টেলিকম এন্ড আরটিইউ বিভাগ ঢাকা-২, কমিনিউকেশন সার্কেল, এনএলডিসি ভবন,",GENERAL,ACTIVE,2026-2028,49
1398,PGD-2026-1398,1597,DIP-2026-1597,05162,Gautam Biswas,Gautam Biswas,উপ-সহকারী প্রকৌশলী,Sub-Assistant Engineer,gautam144055@gmail.com,gautam144055@gmail.com,GMD-JHENAIDAH,"জিএমডি, ঝিনাইদহ","GMD, Jhenaidah",Khulna,Kaliganj 132/33 kv grid S/S,GENERAL,ACTIVE,2026-2028,49
1399,PGD-2026-1399,1612,DIP-2026-1612,05164,মো: গোলাম রব্বানী,,উপ-সহকারী প্রকৌশলী,Sub-Assistant Engineer,golamrobbani01748@gmail.com,golamrobbani01748@gmail.c om,GMD-DHK-NORTH,"জিএমডি, ঢাকা (উত্তর)","GMD, Dhaka (North)",Dhaka,মির্জাপুর ১৩২/৩৩ কেভি জিআইএস উপকেন্দ্র,GENERAL,ACTIVE,2026-2028,49
1400,PGD-2026-1400,1989,DIP-2026-1989,05166,Rafiqul Islam,Rafiqul Islam,উপ-সহকারী প্রকৌশলী,Sub-Assistant Engineer,rana701176@gmail.com,rana701176@gmail.com,GMD-DHK-METRO,ঢাকা মহানগর,Dhaka Metropolitan,Dhaka,Nawabganj 132/33 kV Grid S/S,GENERAL,ACTIVE,2026-2028,49
1401,PGD-2026-1401,1990,DIP-2026-1990,05180,Md Mahmodul Hasan Buiyan,Md Mahmodul Hasan Buiyan,উপ-সহকারী প্রকৌশলী,Sub-Assistant Engineer,muradkhan097@gmail.com,Muradkhan097@gmail.com,PROJECT-BRANCH,প্রকল্প শাখা,Project Branch,Headquarters / Projects,ESPNCA Project,GENERAL,ACTIVE,2026-2028,49
1402,PGD-2026-1402,1704,DIP-2026-1704,05182,মো: দবিরুল ইসলাম,,উপ-সহকারী প্রকৌশলী,Sub-Assistant Engineer,dabirul.pgcb@gmail.com,dabirul.pgcb@gmail.com,GMD-DHK-METRO,ঢাকা মহানগর,Dhaka Metropolitan,Dhaka,"TRTUD Dhaka-1, Power Grid",GENERAL,ACTIVE,2026-2028,49
1403,PGD-2026-1403,1623,DIP-2026-1623,05186,Md. Anamul Haque,Md. Anamul Haque,উপ-সহকারী প্রকৌশলী,Sub-Assistant Engineer,anamulshamims@gmail.com,anamulshamims@gmail.com,GMD-CTG-SOUTH,"জিএমডি, চট্টগ্রাম (দক্ষিণ)","GMD, Chattogram (South)",Chattogram,Modunaghat 230/132/33 kV GIS Grid Substation,GENERAL,ACTIVE,2026-2028,49
1404,PGD-2026-1404,1601,DIP-2026-1601,05187,MD. Ashikuzzaman,MD. Ashikuzzaman,উপ-সহকারী প্রকৌশলী,Sub-Assistant Engineer,ashik0172578@gmail.com,ashik0172578@gmail.com,GMD-RAJSHAHI,"জিএমডি, রাজশাহী","GMD, Rajshahi",Rajshahi,Niamatpur 132/33 kV Grid Substation,GENERAL,ACTIVE,2026-2028,49
1405,PGD-2026-1405,1784,DIP-2026-1784,05192,মো: মোস্তফা কামাল,,উপ-সহকারী প্রকৌশলী,Sub-Assistant Engineer,mkamalduetme79@gmail.com,mkamalduetme79@gmail.co m,GMD-CTG-SOUTH,"জিএমডি, চট্টগ্রাম (দক্ষিণ)","GMD, Chattogram (South)",Chattogram,"মদুনাঘাট ৪০০/২৩০ কেভি জিআইএস গ্রিড উপকেন্দ্র, গ্রিড সার্কেল চট্টগ্রাম।",GENERAL,ACTIVE,2026-2028,49
1406,PGD-2026-1406,1992,DIP-2026-1992,05194,মোঃ হাসিবুর রহমান,,উপ-সহকারী প্রকৌশলী,Sub-Assistant Engineer,hasib.mt@gmail.com,hasib.mt@gmail.com,GMD-DHK-NORTH,"জিএমডি, ঢাকা (উত্তর)","GMD, Dhaka (North)",Dhaka,ঘোড়াশাল ২৩০/৩৩ কেভি,GENERAL,ACTIVE,2026-2028,49
1407,PGD-2026-1407,1773,DIP-2026-1773,05205,Md Arafat Rahman Sourav,Md Arafat Rahman Sourav,উপ-সহকারী প্রকৌশলী,Sub-Assistant Engineer,mdarafat7368@gmail.com,mdarafat7368@gmail.com,GMD-RANGPUR,"জিএমডি, রংপুর","GMD, Rangpur",Rangpur,Palashbari 132KV Grid SS,GENERAL,ACTIVE,2026-2028,49
1408,PGD-2026-1408,1762,DIP-2026-1762,05215,মোঃ ইসারুল হক,,উপ-সহকারী প্রকৌশলী,Sub-Assistant Engineer,esharul66@gmail.com,esharul66@gmail.com,GMD-RAJSHAHI,"জিএমডি, রাজশাহী","GMD, Rajshahi",Rajshahi,নিয়ামতপুর 132/33 কেভি গ্রিড উপকেন্দ্র,GENERAL,ACTIVE,2026-2028,49
1409,PGD-2026-1409,1994,DIP-2026-1994,05216,আবু বকর সিদ্দিক,,উপ-সহকারী প্রকৌশলী,Sub-Assistant Engineer,absiddque26@gmail.com,absiddque26@gmail.com,GMD-DHK-METRO,ঢাকা মহানগর,Dhaka Metropolitan,Dhaka,পূর্তকাজ,GENERAL,ACTIVE,2026-2028,49
1410,PGD-2026-1410,1995,DIP-2026-1995,05579,S. A. Galib,S. A. Galib,উপ-সহকারী প্রকৌশলী,Sub-Assistant Engineer,sagalib7@gmail.com,Sagalib7@gmail.com,GMD-KHULNA,"জিএমডি, খুলনা","GMD, Khulna",Khulna,বাগেরহাট,GENERAL,ACTIVE,2026-2028,49
1411,PGD-2026-1411,1996,DIP-2026-1996,05580,মিনার মাহমুদ,,উপ-সহকারী প্রকৌশলী,Sub-Assistant Engineer,minarcccmahmud52@gmail.com,minarcccmahmud52@Gmail. com,GMD-CTG-CENTRAL,"জিএমডি, চট্টগ্রাম (সেন্ট্রাল)","GMD, Chattogram (Central)",Chattogram,Agrabad 132/33 KV Grid Substation,GENERAL,ACTIVE,2026-2028,49
1412,PGD-2026-1412,1998,DIP-2026-1998,05582,মোঃ আবু শাহাদাৎ কায়সার,,উপ-সহকারী প্রকৌশলী,Sub-Assistant Engineer,nobelkaiser47@gmail.com,nobelkaiser47@gmail.com,GMD-CTG-CENTRAL,"জিএমডি, চট্টগ্রাম (সেন্ট্রাল)","GMD, Chattogram (Central)",Chattogram,কালুরঘাট ১৩২/৩৩ কেভি উপকেন্দ্র,GENERAL,ACTIVE,2026-2028,49
1413,PGD-2026-1413,1999,DIP-2026-1999,05583,Abdulla Al Mamun,Abdulla Al Mamun,উপ-সহকারী প্রকৌশলী,Sub-Assistant Engineer,a.al.mamun366636@gmail.com,a.al.mamun366636@gmail.co m,GMD-BARISHAL,"জিএমডি, বরিশাল","GMD, Barishal",Barishal,Bhandaria 132/33 kV Grid SS,GENERAL,ACTIVE,2026-2028,49
1414,PGD-2026-1414,2001,DIP-2026-2001,05586,মোঃ জহুরুল ইসলাম,,উপ-সহকারী প্রকৌশলী,Sub-Assistant Engineer,zohurulbhuiyan8624@gmail.com,zohurulbhuiyan8624@gmail.c om,GMD-MYMENSINGH,"জিএমডি, ময়মনসিংহ","GMD, Mymensingh",Mymensingh,কিশোরগঞ্জ ১৩২/৩৩ কেভি গ্রিড উপকেন্দ্র,GENERAL,ACTIVE,2026-2028,49
1415,PGD-2026-1415,2003,DIP-2026-2003,05588,Md. Ibrahim Bhuyea,Md. Ibrahim Bhuyea,উপ-সহকারী প্রকৌশলী,Sub-Assistant Engineer,ibrahimbhuyea@gmail.com,ibrahimbhuyea@gmail.com,GMD-CUMILLA,"জিএমডি, কুমিল্লা","GMD, Cumilla",Cumilla,দাউদকান্দি ১৩২/৩৩ কেভি গ্রিড উপকেন্দ্র,GENERAL,ACTIVE,2026-2028,49
1416,PGD-2026-1416,2004,DIP-2026-2004,05589,সাজু আহম্মেদ,,উপ-সহকারী প্রকৌশলী,Sub-Assistant Engineer,sajuahmedme8@gmail.com,sajuahmedme8@gmail,GMD-RAJSHAHI,"জিএমডি, রাজশাহী","GMD, Rajshahi",Rajshahi,চাঁপাইনবাবগঞ্জ ১৩২/৩৩ কেভি গ্রিড সাবস্টেশন,GENERAL,ACTIVE,2026-2028,49
1417,PGD-2026-1417,2008,DIP-2026-2008,05594,Abdul Aziz,Abdul Aziz,উপ-সহকারী প্রকৌশলী,Sub-Assistant Engineer,azizforhad110@gmail.com,azizforhad110@gmail.com,GMD-CUMILLA,"জিএমডি, কুমিল্লা","GMD, Cumilla",Cumilla,Kachua 230/132/33 kV GIS Grid S/S,GENERAL,ACTIVE,2026-2028,49
1418,PGD-2026-1418,2009,DIP-2026-2009,05595,Md. Yeasin Ali,Md. Yeasin Ali,উপ-সহকারী প্রকৌশলী,Sub-Assistant Engineer,yeasinpgcb4822@gmail.com,yeasinpgcb4822@gmail.com,PROJECT-BRANCH,প্রকল্প শাখা,Project Branch,Headquarters / Projects,G2G Project (Dhaka Zone),GENERAL,ACTIVE,2026-2028,49
1419,PGD-2026-1419,2010,DIP-2026-2010,05596,Dhiresh Chandra Roy,Dhiresh Chandra Roy,উপ-সহকারী প্রকৌশলী,Sub-Assistant Engineer,dhireshroyrpi@gmail.com,dhireshroyrpi@gmail.com,GMD-ISHWARDI,"জিএমডি, ঈশ্বরদী","GMD, Ishwardi",Rajshahi,"Ishwardi 230/132/33kv grid substation, Pabna",GENERAL,ACTIVE,2026-2028,49
1420,PGD-2026-1420,2012,DIP-2026-2012,05599,গোলাম রব্বানী,,উপ-সহকারী প্রকৌশলী,Sub-Assistant Engineer,golamrobbanishuvo@gmail.com,Golamrobbanishuvo@gmail.c om,GMD-DHK-EAST,"জিএমডি, ঢাকা (পূর্ব)","GMD, Dhaka (East)",Dhaka,মদণগঞ্জ ১৩২/৩৩ কে.ভি. গ্রিড সাব-স্টেশন,GENERAL,ACTIVE,2026-2028,49
1421,PGD-2026-1421,2013,DIP-2026-2013,05600,Hikmatul Hoque,Hikmatul Hoque,উপ-সহকারী প্রকৌশলী,Sub-Assistant Engineer,hoquehikmatul655@gmail.com,hoquehikmatul655@gmail.co m,GMD-CTG-SOUTH,"জিএমডি, চট্টগ্রাম (দক্ষিণ)","GMD, Chattogram (South)",Chattogram,Cox's bazar 132/33KV substation,GENERAL,ACTIVE,2026-2028,49
1422,PGD-2026-1422,2015,DIP-2026-2015,05604,মোঃ নুর আলম,,উপ-সহকারী প্রকৌশলী,Sub-Assistant Engineer,mdnuralameee32@gmail.com,mdnuralameee32@gmail.co m,GMD-JHENAIDAH,"জিএমডি, ঝিনাইদহ","GMD, Jhenaidah",Khulna,"ঝিনাইদহ ১৩২/৩৩ কেভি গ্রিড উপকেন্দ্র, জিএমডি ঝিনাইদহ।",GENERAL,ACTIVE,2026-2028,50
1423,PGD-2026-1423,2018,DIP-2026-2018,05608,মো: মাহফুজ আহমেদ,,উপ-সহকারী প্রকৌশলী,Sub-Assistant Engineer,mmasoysob@gmail.com,mmasoysob@gmail.com,GMD-CTG-SOUTH,"জিএমডি, চট্টগ্রাম (দক্ষিণ)","GMD, Chattogram (South)",Chattogram,শিকলবাহা ২৩০/১৩২ কেভি গ্রিড উপকেন্দ্র,GENERAL,ACTIVE,2026-2028,50
1424,PGD-2026-1424,2029,DIP-2026-2029,05620,Md. Jowel Miah,Md. Jowel Miah,উপ-সহকারী প্রকৌশলী,Sub-Assistant Engineer,mdjowelm248@gmail.com,mdjowelm248@gmail.com,GMD-SRIMANGAL,"জিএমডি, শ্রীমঙ্গল","GMD, Srimangal",Sylhet,Sreemangal 132/33 KV Grid Sub- station,GENERAL,ACTIVE,2026-2028,50
1425,PGD-2026-1425,2035,DIP-2026-2035,05626,MD MEHERAJ HOSSAIN,MD MEHERAJ HOSSAIN,উপ-সহকারী প্রকৌশলী,Sub-Assistant Engineer,meherajhossaine27@gmail.com,meherajhossaine27@gmail,GMD-CTG-SOUTH,"জিএমডি, চট্টগ্রাম (দক্ষিণ)","GMD, Chattogram (South)",Chattogram,শিকলবাহা ২৩০/১৩২ কেভি জিআইএস গ্রিড,GENERAL,ACTIVE,2026-2028,50
1426,PGD-2026-1426,2040,DIP-2026-2040,05634,Md Sohanur Rahman,Md Sohanur Rahman,উপ-সহকারী প্রকৌশলী,Sub-Assistant Engineer,rsohanur333@gmail.com,rsohanur333@gmail.com,GMD-CTG-NORTH,"জিএমডি, চট্টগ্রাম (উত্তর)","GMD, Chattogram (North)",Chattogram,"Hathazari 230/132/33 Kv grid substation, Ctg",GENERAL,ACTIVE,2026-2028,50
1427,PGD-2026-1427,2043,DIP-2026-2043,05637,MD ALI AKBER GAZI,MD ALI AKBER GAZI,উপ-সহকারী প্রকৌশলী,Sub-Assistant Engineer,aliakbar172098@gmail.com,aliakbar172098@gmail.com,GMD-CUMILLA,"জিএমডি, কুমিল্লা","GMD, Cumilla",Cumilla,Ckowmuhani 230/132/33 kV GIS grid,GENERAL,ACTIVE,2026-2028,50
1428,PGD-2026-1428,2074,DIP-2026-2074,05673,Md. FERDOUS HASAN,Md. FERDOUS HASAN,উপ-সহকারী প্রকৌশলী,Sub-Assistant Engineer,ferdoushasan669@gmail.com,ferdoushasan669@gmail.com,GMD-DHK-METRO,ঢাকা মহানগর,Dhaka Metropolitan,Dhaka,"NOD, LDC, Badda, Dhaka",GENERAL,ACTIVE,2026-2028,50
1429,PGD-2026-1429,2075,DIP-2026-2075,05675,TAREK RAHMAN,TAREK RAHMAN,উপ-সহকারী প্রকৌশলী,Sub-Assistant Engineer,tarekrahman1125@gmail.com,tarekrahman1125@gmail.co m,GMD-DHK-METRO,ঢাকা মহানগর,Dhaka Metropolitan,Dhaka,Sreenagar 132/33 kv Grid Sub- Station,GENERAL,ACTIVE,2026-2028,50
1430,PGD-2026-1430,2077,DIP-2026-2077,05677,মোঃ আমিনুল ইসলাম,,উপ-সহকারী প্রকৌশলী,Sub-Assistant Engineer,mdaminulislm616@gmail.com,mdaminulislm616@gmail.co m,GMD-SRIMANGAL,"জিএমডি, শ্রীমঙ্গল","GMD, Srimangal",Sylhet,"শ্রীমঙ্গল ১৩২/৩৩ কেভি গ্রিড সাবস্টেশন,শ্রীমঙ্গল।",GENERAL,ACTIVE,2026-2028,50
1431,PGD-2026-1431,2078,DIP-2026-2078,05678,MD. SOHEL RANA,MD. SOHEL RANA,উপ-সহকারী প্রকৌশলী,Sub-Assistant Engineer,sohelsamol220@gmail.com,sohelsamol220@gmail.com,GMD-DHK-EAST,"জিএমডি, ঢাকা (পূর্ব)","GMD, Dhaka (East)",Dhaka,Bhulta 132/33 KV SS,GENERAL,ACTIVE,2026-2028,50
1432,PGD-2026-1432,2081,DIP-2026-2081,05681,Md. Soyaibur Rahman,Md. Soyaibur Rahman,উপ-সহকারী প্রকৌশলী,Sub-Assistant Engineer,soyaibur1998@gmail.com,soyaibur1998@gmail.com,GMD-DHK-METRO,ঢাকা মহানগর,Dhaka Metropolitan,Dhaka,Meghnaghat 400/230 kV Grid Sub- Station,GENERAL,ACTIVE,2026-2028,50
1433,PGD-2026-1433,2082,DIP-2026-2082,05682,Nur Islam Rubel,Nur Islam Rubel,উপ-সহকারী প্রকৌশলী,Sub-Assistant Engineer,rubelbai25@gmail.com,rubelbai25@gmail.com,GMD-CTG-SOUTH,"জিএমডি, চট্টগ্রাম (দক্ষিণ)","GMD, Chattogram (South)",Chattogram,Shikalbaha 230/132kv grid substation,GENERAL,ACTIVE,2026-2028,50
1434,PGD-2026-1434,2087,DIP-2026-2087,05687,মোঃ কাওছার,,উপ-সহকারী প্রকৌশলী,Sub-Assistant Engineer,mdkawsar762151@gmail.com,mdkawsar762151@gmail.co,GMD-SRIMANGAL,"জিএমডি, শ্রীমঙ্গল","GMD, Srimangal",Sylhet,সুনামগঞ্জ ১৩২/৩৩ কেভি গ্রীড উপকেন্দ্র,GENERAL,ACTIVE,2026-2028,50
1435,PGD-2026-1435,2088,DIP-2026-2088,05688,মোঃ আব্দুল ওয়াদুদ,,উপ-সহকারী প্রকৌশলী,Sub-Assistant Engineer,wadud.me.duet@gmail.com,wadud.me.duet@gmail.com,GMD-ISHWARDI,"জিএমডি, ঈশ্বরদী","GMD, Ishwardi",Rajshahi,বাংলাদেশ ভারত বিদু্যৎ সঞ্চালন কেন্দ্র,GENERAL,ACTIVE,2026-2028,50
1436,PGD-2026-1436,2089,DIP-2026-2089,05689,রাকিবুল হাসান,,উপ-সহকারী প্রকৌশলী,Sub-Assistant Engineer,rakibmansur2001@gmail.com,rakibmansur2001@gmail.com,GMD-SRIMANGAL,"জিএমডি, শ্রীমঙ্গল","GMD, Srimangal",Sylhet,Fenchuganj 230/132/33Kv Grid,GENERAL,ACTIVE,2026-2028,50
1437,PGD-2026-1437,2090,DIP-2026-2090,05690,Gazi Saiem Al Saied,Gazi Saiem Al Saied,উপ-সহকারী প্রকৌশলী,Sub-Assistant Engineer,gazisaied515@gmail.com,gazisaied515@gmail.com,GMD-CTG-SOUTH,"জিএমডি, চট্টগ্রাম (দক্ষিণ)","GMD, Chattogram (South)",Chattogram,Madunaghat 400/230 kv Grid Substations,GENERAL,ACTIVE,2026-2028,50
1438,PGD-2026-1438,2093,DIP-2026-2093,05693,Saykot Hossain,Saykot Hossain,উপ-সহকারী প্রকৌশলী,Sub-Assistant Engineer,soukotkhan@gmail.com,soukotkhan@gmail.com,GMD-SRIMANGAL,"জিএমডি, শ্রীমঙ্গল","GMD, Srimangal",Sylhet,"Beanibazar 132/33 KV Grid Substation, GMD Sylhet",GENERAL,ACTIVE,2026-2028,50
1439,PGD-2026-1439,2094,DIP-2026-2094,05694,MD. AMIRUL ISLAM,MD. AMIRUL ISLAM,উপ-সহকারী প্রকৌশলী,Sub-Assistant Engineer,imdamirul566@gmail.com,imdamirul566@gmail.com,GMD-CUMILLA,"জিএমডি, কুমিল্লা","GMD, Cumilla",Cumilla,Muradnagar 132/33 KV GIS Grid Substation,GENERAL,ACTIVE,2026-2028,50
1440,PGD-2026-1440,2095,DIP-2026-2095,05695,মোঃ জহির উদ্দিন,,উপ-সহকারী প্রকৌশলী,Sub-Assistant Engineer,mdjohiruddin19@gmail.com,mdjohiruddin19@gmail.com,GMD-SRIMANGAL,"জিএমডি, শ্রীমঙ্গল","GMD, Srimangal",Sylhet,Fenchuganj 230/132/33KV Grid S/S,GENERAL,ACTIVE,2026-2028,50
1441,PGD-2026-1441,2096,DIP-2026-2096,05696,Sabbir Hossain Mridha,Sabbir Hossain Mridha,উপ-সহকারী প্রকৌশলী,Sub-Assistant Engineer,sabbirakash522@gmail.com,sabbirakash522@gmail.com,GMD-BARISHAL,"জিএমডি, বরিশাল","GMD, Barishal",Barishal,Bhandaria 132/33kV grid Sub- Station,GENERAL,ACTIVE,2026-2028,50
1442,PGD-2026-1442,2097,DIP-2026-2097,05698,Md. Kawsar Hamid,Md. Kawsar Hamid,উপ-সহকারী প্রকৌশলী,Sub-Assistant Engineer,kawsarhamid875637@gmail.com,kawsarhamid875637@gmail. com,GMD-SRIMANGAL,"জিএমডি, শ্রীমঙ্গল","GMD, Srimangal",Sylhet,Beanibazar 132/33 KV Grid Sub Station,GENERAL,ACTIVE,2026-2028,50
1443,PGD-2026-1443,2098,DIP-2026-2098,05700,Md.Torikul Islam Tushar,Md.Torikul Islam Tushar,উপ-সহকারী প্রকৌশলী,Sub-Assistant Engineer,torikultusher3@gmail.com,torikultusher3@gmail.com,GMD-DHK-METRO,ঢাকা মহানগর,Dhaka Metropolitan,Dhaka,Bhulta 132/33 KV Grid substation(GMD-Narsingdi),GENERAL,ACTIVE,2026-2028,50
1444,PGD-2026-1444,2099,DIP-2026-2099,05701,মোঃ শান্ত ইসলাম,,উপ-সহকারী প্রকৌশলী,Sub-Assistant Engineer,mdshantoislam25@gmail.com,mdshantoislam25@gmail.co m,GMD-DHK-EAST,"জিএমডি, ঢাকা (পূর্ব)","GMD, Dhaka (East)",Dhaka,হরিপুর ২৩০/১৩২ কেভি গ্রিড উপকেন্দ্র।,GENERAL,ACTIVE,2026-2028,50
1445,PGD-2026-1445,2103,DIP-2026-2103,05705,Shahed Ahmed,Shahed Ahmed,উপ-সহকারী প্রকৌশলী,Sub-Assistant Engineer,sahmedkanak@gmail.com,sahmedkanak@gmail.com,GMD-DHK-EAST,"জিএমডি, ঢাকা (পূর্ব)","GMD, Dhaka (East)",Dhaka,Sonargaon 132/33 KV Grid Substation,GENERAL,ACTIVE,2026-2028,50
1446,PGD-2026-1446,2105,DIP-2026-2105,05709,Md Rafiqul Islam,Md Rafiqul Islam,উপ-সহকারী প্রকৌশলী,Sub-Assistant Engineer,rafiqulislamrajib73@gmail.com,rafiqulislamrajib73@gmail.co m,GMD-SRIMANGAL,"জিএমডি, শ্রীমঙ্গল","GMD, Srimangal",Sylhet,Sunamganj,GENERAL,ACTIVE,2026-2028,50
1447,PGD-2026-1447,2289,DIP-2026-2289,05711,Achinta Kumar Mondal,Achinta Kumar Mondal,উপ-সহকারী প্রকৌশলী,Sub-Assistant Engineer,achintamondal162119@gmail.com,achintamondal162119@gmail .com,GMD-DHK-EAST,"জিএমডি, ঢাকা (পূর্ব)","GMD, Dhaka (East)",Dhaka,Bhulta 400kV Grid SS,GENERAL,ACTIVE,2026-2028,50
1448,PGD-2026-1448,2119,DIP-2026-2119,05724,Amit Hasan,Amit Hasan,উপ-সহকারী প্রকৌশলী,Sub-Assistant Engineer,shahmdamithasan@gmail.com,Shahmdamithasan@gmail.co m,GMD-SRIMANGAL,"জিএমডি, শ্রীমঙ্গল","GMD, Srimangal",Sylhet,Chhatak 132/33kV Grid Substation,GENERAL,ACTIVE,2026-2028,50
1449,PGD-2026-1449,2121,DIP-2026-2121,05726,MD. RIJU MIA,MD. RIJU MIA,উপ-সহকারী প্রকৌশলী,Sub-Assistant Engineer,rijuahmed55@gmail.com,rijuahmed55@gmail,GMD-DHK-NORTH,"জিএমডি, ঢাকা (উত্তর)","GMD, Dhaka (North)",Dhaka,Bhulta 132/33 KV Grid Sub-Station,GENERAL,ACTIVE,2026-2028,50
1450,PGD-2026-1450,2124,DIP-2026-2124,05729,A. Razzak Raju,A. Razzak Raju,উপ-সহকারী প্রকৌশলী,Sub-Assistant Engineer,abdurrazzak476309@gmail.com,abdurrazzak476309@gmail.c om,GMD-BARISHAL,"জিএমডি, বরিশাল","GMD, Barishal",Barishal,"আমতলী ৪০০ কেভি সুইচিং সাবস্টেশনে, বরগুনা৷",GENERAL,ACTIVE,2026-2028,50
1451,PGD-2026-1451,2200,DIP-2026-2200,05823,মো: মাহাবুবুল আলম,,উপ-সহকারী প্রকৌশলী,Sub-Assistant Engineer,mahabubulalom111@gmail.com,mahabubulalom111@gmail.c om,GMD-DHK-NORTH,"জিএমডি, ঢাকা (উত্তর)","GMD, Dhaka (North)",Dhaka,কালিয়াকৈর ৪০০/২৩০/১৩২ কেভি গ্রিড উপকেন্দ্র,GENERAL,ACTIVE,2026-2028,51
1452,PGD-2026-1452,2202,DIP-2026-2202,05825,MD JAHIDUL HASAN,MD JAHIDUL HASAN,উপ-সহকারী প্রকৌশলী,Sub-Assistant Engineer,jahidhasan939440@gmail.com,jahidhasan939440@gmail.co m,GMD-DHK-METRO,ঢাকা মহানগর,Dhaka Metropolitan,Dhaka,ALDC CHITTAGONG,GENERAL,ACTIVE,2026-2028,51
1453,PGD-2026-1453,2203,DIP-2026-2203,05826,শিকদার সুলতান মাহমুদ,,উপ-সহকারী প্রকৌশলী,Sub-Assistant Engineer,si.su.mahmud@gmail.com,si.su.mahmud@gmail.com,GMD-DHK-METRO,ঢাকা মহানগর,Dhaka Metropolitan,Dhaka,Hasnabad 132/33 kv Grid Substation,GENERAL,ACTIVE,2026-2028,51
1454,PGD-2026-1454,2218,DIP-2026-2218,05846,Md Ibrahim Badsha,Md Ibrahim Badsha,উপ-সহকারী প্রকৌশলী,Sub-Assistant Engineer,www.ibduet2017@gmail.com,www.ibduet2017@gmail.com,GMD-DHK-METRO,ঢাকা মহানগর,Dhaka Metropolitan,Dhaka,Hasnabad 230/132 kv grid substation,GENERAL,ACTIVE,2026-2028,51
1455,PGD-2026-1455,2226,DIP-2026-2226,05856,মো: নাইম আলী,,উপ-সহকারী প্রকৌশলী,Sub-Assistant Engineer,engineer.naiem@gmail.com,engineer.naiem@gmail.com,GMD-DHK-EAST,"জিএমডি, ঢাকা (পূর্ব)","GMD, Dhaka (East)",Dhaka,সোনারগাঁও ১৩২/৩৩ কেভি গ্রিড উপকেন্দ্র,GENERAL,ACTIVE,2026-2028,51
1456,PGD-2026-1456,2249,DIP-2026-2249,05879,Hero Hossain,Hero Hossain,উপ-সহকারী প্রকৌশলী,Sub-Assistant Engineer,herohossain72@gmail.com,herohossain72@,GMD-CTG-CENTRAL,"জিএমডি, চট্টগ্রাম (সেন্ট্রাল)","GMD, Chattogram (Central)",Chattogram,Anandabazar 132/33 kv gis substation,GENERAL,ACTIVE,2026-2028,51
1457,PGD-2026-1457,2292,DIP-2026-2292,05883,মো: শাহারুল ইসলাম,,উপ-সহকারী প্রকৌশলী,Sub-Assistant Engineer,shaharulem@gmail.com,shaharulem@gmail.com,GMD-DHK-NORTH,"জিএমডি, ঢাকা (উত্তর)","GMD, Dhaka (North)",Dhaka,“পুবাইল ১৩২/৩৩ কেভি গ্রিড সাবস্টেশন”,GENERAL,ACTIVE,2026-2028,51
